match_id,innings,over_num,opponent,runs_so_far,wickets_so_far,current_run_rate,since_last_wicket_runs,runs_in_over,wickets_in_over,collapse,runs_last_5_overs_over
64831,1,1,Australia,1,0,0.0,0,5,0,0,5
64831,1,2,Australia,7,0,2.727272727,5,4,0,0,9
64831,1,3,Australia,11,0,2.823529412,8,4,0,0,13
64831,1,4,Australia,15,0,2.454545455,9,3,0,0,16
64831,1,5,Australia,16,0,1.8,9,0,0,0,16
64831,1,6,Australia,17,0,1.666666667,10,1,0,0,12
64831,1,7,Australia,20,0,1.756097561,12,3,0,0,11
64831,1,8,Australia,22,0,1.75,14,2,0,0,9
64831,1,9,Australia,24,0,1.777777778,16,2,0,0,8
64831,1,10,Australia,24,0,1.6,16,0,0,0,8
64831,1,11,Australia,24,0,1.454545455,16,0,0,0,7
64831,1,12,Australia,30,0,1.774647887,21,6,0,0,10
64831,1,13,Australia,31,0,1.636363636,21,2,0,0,10
64831,1,14,Australia,37,0,1.807228916,25,5,1,0,13
64831,1,15,Australia,43,1,2.02247191,5,7,0,0,20
64831,1,16,Australia,46,1,2.0625,8,2,0,0,22
64831,1,17,Australia,47,2,2.0,1,1,1,0,17
64831,1,18,Australia,50,2,2.055555556,4,3,0,0,18
64831,1,19,Australia,51,2,1.96460177,4,1,0,0,14
64831,1,20,Australia,52,3,1.9,0,1,1,1,8
64831,1,21,Australia,57,3,2.047619048,5,5,0,1,11
64831,1,22,Australia,60,3,2.090909091,8,3,0,1,13
64831,1,23,Australia,64,3,2.173913043,12,4,0,1,14
64831,1,24,Australia,68,3,2.25,16,4,0,1,17
64831,1,25,Australia,74,3,2.351351351,20,8,0,1,24
64831,1,26,Australia,77,3,2.346153846,23,1,0,1,20
64831,1,27,Australia,78,3,2.296296296,24,1,0,1,18
64831,1,28,Australia,82,3,2.357142857,28,4,0,1,18
64831,1,29,Australia,84,3,2.344827586,30,2,0,1,16
64831,1,30,Australia,85,4,2.3,1,1,1,1,9
64831,1,31,Australia,86,4,2.258064516,2,1,0,1,9
64831,1,32,Australia,91,5,2.34375,5,5,1,1,13
64831,1,33,Australia,97,5,2.454545455,11,6,0,1,15
64831,1,34,Australia,101,5,2.5,15,4,0,1,17
64831,1,35,Australia,105,6,2.542857143,4,4,1,1,20
64831,1,36,Australia,109,6,2.56744186,7,5,0,1,24
64831,1,37,Australia,115,6,2.648648649,13,5,0,1,24
64831,1,38,Australia,119,6,2.684210526,17,4,0,1,22
64831,1,39,Australia,121,7,2.666666667,0,2,1,1,20
64831,1,40,Australia,127,7,2.75,6,6,0,1,22
64831,1,41,Australia,133,7,2.829268293,12,6,0,1,23
64831,1,42,Australia,136,8,2.833333333,3,3,1,1,21
64831,1,43,Australia,143,8,2.930232558,10,7,0,1,24
64831,1,44,Australia,145,9,2.897338403,0,3,1,1,25
64831,1,45,Australia,147,9,2.866666667,2,1,0,1,20
64831,1,46,Australia,147,10,2.856088561,0,0,1,1,14
64837,2,1,Pakistan,1,0,0.0,0,6,0,0,6
64837,2,2,Pakistan,6,0,2.0,4,0,0,0,6
64837,2,3,Pakistan,12,0,3.0,8,6,0,0,12
64837,2,4,Pakistan,18,0,3.5,14,6,0,0,18
64837,2,5,Pakistan,27,0,4.6,23,9,0,0,27
64837,2,6,Pakistan,32,0,4.666666667,28,5,0,0,26
64837,2,7,Pakistan,33,0,4.142857143,29,1,0,0,27
64837,2,8,Pakistan,34,0,3.75,30,1,0,0,22
64837,2,9,Pakistan,37,0,3.666666667,33,3,0,0,19
64837,2,10,Pakistan,43,0,3.86440678,38,6,1,0,16
64837,2,11,Pakistan,44,1,3.545454545,1,1,0,0,12
64837,2,12,Pakistan,49,1,3.666666667,6,5,0,0,16
64837,2,13,Pakistan,52,1,3.615384615,9,3,0,0,18
64837,2,14,Pakistan,55,1,3.571428571,12,3,0,0,18
64837,2,15,Pakistan,57,1,3.438202247,13,2,0,0,14
64837,2,16,Pakistan,59,1,3.284210526,14,3,0,0,16
64837,2,17,Pakistan,62,1,3.235294118,17,2,0,0,13
64837,2,18,Pakistan,67,1,3.252336449,20,6,0,0,16
64837,2,19,Pakistan,72,1,3.292035398,24,5,0,0,18
64837,2,20,Pakistan,80,1,3.5,32,7,0,0,23
64837,2,21,Pakistan,84,1,3.523809524,36,4,0,0,24
64837,2,22,Pakistan,91,1,3.681818182,43,7,0,0,29
64837,2,23,Pakistan,93,2,3.608695652,0,2,1,0,25
64837,2,24,Pakistan,97,2,3.625,4,4,0,0,24
64837,2,25,Pakistan,104,2,3.744966443,10,8,0,0,25
64837,2,26,Pakistan,109,2,3.769230769,15,4,0,0,25
64837,2,27,Pakistan,113,2,3.763975155,18,4,0,0,22
64837,2,28,Pakistan,115,2,3.678571429,20,2,0,0,22
64837,2,29,Pakistan,119,2,3.689655172,24,4,0,0,22
64837,2,30,Pakistan,121,2,3.620111732,25,4,0,0,18
64837,2,31,Pakistan,127,2,3.677419355,31,4,0,0,18
64837,2,32,Pakistan,132,2,3.71875,36,5,0,0,19
64837,2,33,Pakistan,138,2,3.787878788,42,6,0,0,23
64837,2,34,Pakistan,147,2,3.941176471,51,9,0,0,28
64837,2,35,Pakistan,149,2,3.885714286,53,2,0,0,26
64837,2,36,Pakistan,154,2,3.906976744,57,5,0,0,27
64837,2,37,Pakistan,159,2,3.918918919,62,5,0,0,27
64837,2,38,Pakistan,165,2,3.973684211,68,6,0,0,27
64837,2,39,Pakistan,169,2,3.974358974,72,4,0,0,22
64837,2,40,Pakistan,175,2,4.025,78,6,0,0,26
64837,2,41,Pakistan,177,2,3.975609756,80,2,0,0,23
64837,2,42,Pakistan,191,2,4.214285714,94,14,0,0,32
64837,2,43,Pakistan,202,2,4.342412451,103,11,0,0,37
64837,2,44,Pakistan,208,2,4.363636364,109,6,0,0,39
64837,2,45,Pakistan,217,2,4.460966543,117,9,0,0,42
64837,2,46,Pakistan,221,3,4.434782609,0,4,1,0,44
64837,2,47,Pakistan,226,4,4.435714286,3,6,1,0,36
64837,2,48,Pakistan,228,6,4.354166667,1,1,2,1,26
64837,2,49,Pakistan,241,6,4.530612245,14,13,0,1,33
64837,2,50,Pakistan,244,7,4.5,1,3,1,1,27
64843,1,1,England,0,0,0.0,0,0,0,0,0
64843,1,2,England,1,0,0.5,1,1,0,0,1
64843,1,3,England,5,0,1.666666667,5,4,0,0,5
64843,1,4,England,8,0,2.0,8,3,0,0,8
64843,1,5,England,8,0,1.6,8,0,0,0,8
64843,1,6,England,13,0,2.057142857,12,5,0,0,13
64843,1,7,England,16,1,2.142857143,0,3,1,0,15
64843,1,8,England,21,1,2.5,5,5,0,0,16
64843,1,9,England,27,1,2.830188679,10,6,0,0,19
64843,1,10,England,33,1,3.1,16,6,0,0,25
64843,1,11,England,37,1,3.181818182,20,4,0,0,24
64843,1,12,England,49,1,3.916666667,32,12,0,0,33
64843,1,13,England,50,1,3.692307692,33,1,0,0,29
64843,1,14,England,50,2,3.428571429,0,0,1,0,23
64843,1,15,England,62,2,4.0,12,12,0,0,29
64843,1,16,England,63,2,3.8125,13,1,0,0,26
64843,1,17,England,65,3,3.705882353,0,2,1,0,16
64843,1,18,England,65,5,3.5,0,0,2,1,15
64843,1,19,England,66,7,3.368421053,0,1,2,1,16
64843,1,20,England,66,7,3.2,0,0,0,1,4
64843,1,21,England,66,7,3.047619048,0,0,0,1,3
64843,1,22,England,66,7,2.909090909,0,0,0,1,1
64843,1,23,England,69,7,2.913043478,3,3,0,1,4
64843,1,24,England,74,7,2.979020979,7,5,0,1,8
64843,1,25,England,77,7,2.96,10,3,0,1,11
64843,1,26,England,77,7,2.846153846,10,0,0,1,11
64843,1,27,England,82,7,2.925925926,15,5,0,1,16
64843,1,28,England,82,7,2.821428571,15,0,0,1,13
64843,1,29,England,86,7,2.862068966,19,4,0,1,12
64843,1,30,England,89,7,2.849162011,21,3,0,1,12
64843,1,31,England,90,7,2.774193548,22,1,0,1,13
64843,1,32,England,91,7,2.71875,23,1,0,1,9
64843,1,33,England,93,7,2.696969697,25,2,0,1,11
64843,1,34,England,100,7,2.807881773,31,7,1,1,14
64843,1,35,England,102,8,2.758293839,2,2,0,1,13
64843,1,36,England,104,8,2.737327189,4,2,0,1,14
64843,1,37,England,107,9,2.72972973,0,7,1,1,20
64843,1,38,England,115,9,2.829694323,7,4,0,1,22
64843,1,39,England,120,9,2.858369099,10,6,0,1,21
64843,1,40,England,124,9,2.836820084,12,4,0,1,23
64843,1,41,England,130,9,2.890688259,18,5,0,1,26
64843,1,42,England,136,9,2.964426877,24,6,0,1,25
64843,1,43,England,141,9,3.011583012,29,5,0,1,26
64843,1,44,England,143,9,2.988679245,31,2,0,1,22
64843,1,45,England,143,10,2.944237918,0,0,1,1,18
64844,1,1,England,0,0,0.0,0,0,0,0,0
64844,1,2,England,1,0,0.0,0,1,0,0,1
64844,1,3,England,1,1,0.0,0,0,1,0,1
64844,1,4,England,3,1,0.5,2,2,0,0,3
64844,1,5,England,3,2,0.4,0,0,1,0,3
64844,1,6,England,4,2,0.5,1,1,0,0,4
64844,1,7,England,5,2,0.571428571,2,1,0,0,4
64844,1,8,England,6,3,0.625,1,1,1,1,5
64844,1,9,England,7,3,0.666666667,2,1,0,1,4
64844,1,10,England,8,4,0.7,1,1,1,1,5
64844,1,11,England,8,4,0.636363636,1,0,0,1,4
64844,1,12,England,12,4,0.916666667,5,4,0,1,7
64844,1,13,England,16,4,1.153846154,9,4,0,1,10
64844,1,14,England,17,4,1.084337349,9,1,0,1,10
64844,1,15,England,19,4,1.133333333,11,2,0,1,11
64844,1,16,England,21,4,1.1875,13,2,0,1,13
64844,1,17,England,21,4,1.117647059,13,0,0,1,9
64844,1,18,England,26,4,1.333333333,18,5,0,1,10
64844,1,19,England,26,4,1.263157895,18,0,0,1,9
64844,1,20,England,32,4,1.5,24,6,0,1,13
64844,1,21,England,40,4,1.80952381,32,8,0,1,19
64844,1,22,England,40,4,1.727272727,32,0,0,1,19
64844,1,23,England,46,4,1.913043478,38,6,0,1,20
64844,1,24,England,46,4,1.833333333,38,0,0,1,20
64844,1,25,England,48,4,1.84,40,2,0,1,16
64844,1,26,England,50,4,1.819354839,41,3,0,1,11
64844,1,27,England,57,4,2.0,48,6,0,1,17
64844,1,28,England,59,4,2.0,50,2,0,1,13
64844,1,29,England,60,4,1.965517241,51,1,0,1,14
64844,1,30,England,62,5,1.944134078,1,2,1,1,14
64844,1,31,England,62,5,1.870967742,1,0,0,1,11
64844,1,32,England,65,5,1.884816754,3,4,0,1,9
64844,1,33,England,69,6,1.939393939,0,3,1,1,10
64844,1,34,England,69,6,1.882352941,0,0,0,1,9
64844,1,35,England,74,6,1.971428571,5,5,0,1,12
64844,1,36,England,76,6,1.972222222,7,2,0,1,14
64844,1,37,England,77,7,1.945945946,0,1,1,1,11
64844,1,38,England,78,7,1.9030837,0,2,0,1,10
64844,1,39,England,80,7,1.897435897,2,1,0,1,11
64844,1,40,England,84,8,1.95,4,4,1,1,10
64844,1,41,England,85,8,1.910204082,4,1,0,1,9
64844,1,42,England,89,8,1.952380952,8,4,0,1,12
64844,1,43,England,90,8,1.930232558,9,1,0,1,11
64844,1,44,England,96,8,2.007604563,14,6,0,1,16
64844,1,45,England,100,8,2.044444444,18,4,0,1,16
64844,1,46,England,110,8,2.217391304,28,10,0,1,25
64844,1,47,England,115,9,2.276595745,3,5,1,1,26
64844,1,48,England,116,9,2.25,4,1,0,1,26
64844,1,49,England,121,9,2.306122449,9,5,0,1,25
64844,1,50,England,134,9,2.52,22,13,0,1,34
64845,1,1,England,2,0,2.0,2,2,0,0,2
64845,1,2,England,6,0,1.636363636,3,4,0,0,6
64845,1,3,England,6,1,1.0,0,0,1,0,6
64845,1,4,England,12,1,2.086956522,5,6,0,0,12
64845,1,5,England,12,1,1.6,5,0,0,0,12
64845,1,6,England,12,1,1.333333333,5,0,0,0,10
64845,1,7,England,14,1,1.428571429,7,2,0,0,8
64845,1,8,England,16,1,1.5,9,2,0,0,10
64845,1,9,England,21,1,1.888888889,14,5,0,0,9
64845,1,10,England,25,1,2.033898305,17,4,0,0,13
64845,1,11,England,30,1,2.272727273,22,5,0,0,18
64845,1,12,England,35,2,2.5,0,5,1,0,21
64845,1,13,England,36,2,2.384615385,1,1,0,0,20
64845,1,14,England,36,2,2.214285714,1,0,0,0,15
64845,1,15,England,41,2,2.4,6,5,0,0,16
64845,1,16,England,43,2,2.375,8,2,0,0,13
64845,1,17,England,45,2,2.352941176,10,2,0,0,10
64845,1,18,England,45,2,2.222222222,10,0,0,0,9
64845,1,19,England,50,2,2.368421053,15,5,0,0,14
64845,1,20,England,50,2,2.25,15,0,0,0,9
64845,1,21,England,52,2,2.238095238,17,2,0,0,9
64845,1,22,England,56,2,2.318181818,21,4,0,0,11
64845,1,23,England,63,2,2.52173913,28,7,0,0,18
64845,1,24,England,65,2,2.5,30,2,0,0,15
64845,1,25,England,66,2,2.44,31,1,0,0,16
64845,1,26,England,75,3,2.632258065,7,9,1,0,23
64845,1,27,England,80,4,2.703703704,5,5,1,1,24
64845,1,28,England,83,4,2.694610778,7,3,1,1,20
64845,1,29,England,89,5,2.793103448,6,6,0,1,24
64845,1,30,England,94,5,2.849162011,10,5,0,1,28
64845,1,31,England,96,5,2.806451613,12,2,0,1,21
64845,1,32,England,99,5,2.8125,15,3,0,1,19
64845,1,33,England,102,5,2.818181818,18,3,0,1,19
64845,1,34,England,103,6,2.764705882,0,1,1,1,14
64845,1,35,England,104,6,2.714285714,1,1,0,1,10
64845,1,36,England,111,6,2.833333333,8,7,0,1,15
64845,1,37,England,115,6,2.864864865,12,4,0,1,16
64845,1,38,England,118,6,2.868421053,15,3,0,1,16
64845,1,39,England,122,6,2.897435897,19,4,0,1,19
64845,1,40,England,126,6,2.925,23,4,0,1,22
64845,1,41,England,130,6,2.951219512,27,4,0,1,19
64845,1,42,England,143,7,3.083665339,4,13,1,1,28
64845,1,43,England,148,7,3.11627907,9,5,0,1,30
64845,1,44,England,152,8,3.136363636,0,4,1,1,30
64845,1,45,England,156,8,3.155555556,4,4,0,1,30
64845,1,46,England,160,8,3.173913043,8,4,0,1,30
64845,1,47,England,172,8,3.361702128,20,12,0,1,29
64845,1,48,England,178,9,3.416666667,6,6,1,1,30
64845,1,49,England,182,9,3.428571429,10,4,0,1,30
64845,1,50,England,182,10,3.416949153,0,0,1,1,26
64881,1,1,Zimbabwe,3,0,3.0,3,3,0,0,3
64881,1,2,Zimbabwe,9,0,4.363636364,8,7,0,0,10
64881,1,3,Zimbabwe,13,0,3.666666667,11,3,0,0,13
64881,1,4,Zimbabwe,19,0,4.25,17,6,0,0,19
64881,1,5,Zimbabwe,20,0,3.6,18,1,0,0,20
64881,1,6,Zimbabwe,30,0,4.666666667,28,10,0,0,27
64881,1,7,Zimbabwe,32,0,4.243902439,29,2,0,0,22
64881,1,8,Zimbabwe,34,0,3.875,31,2,0,0,21
64881,1,9,Zimbabwe,35,0,3.509433962,31,1,0,0,16
64881,1,10,Zimbabwe,41,0,3.661016949,36,7,0,0,22
64881,1,11,Zimbabwe,47,0,3.692307692,40,5,0,0,17
64881,1,12,Zimbabwe,47,0,3.333333333,40,0,0,0,15
64881,1,13,Zimbabwe,47,0,3.076923077,40,0,0,0,13
64881,1,14,Zimbabwe,53,0,3.285714286,46,6,0,0,18
64881,1,15,Zimbabwe,56,0,3.266666667,49,3,0,0,14
64881,1,16,Zimbabwe,63,0,3.5,56,7,0,0,16
64881,1,17,Zimbabwe,66,0,3.470588235,59,3,0,0,19
64881,1,18,Zimbabwe,68,0,3.388888889,61,2,0,0,21
64881,1,19,Zimbabwe,75,0,3.578947368,68,7,0,0,22
64881,1,20,Zimbabwe,78,0,3.55,71,3,0,0,22
64881,1,21,Zimbabwe,79,0,3.428571429,72,1,0,0,16
64881,1,22,Zimbabwe,85,0,3.526717557,77,6,0,0,19
64881,1,23,Zimbabwe,90,0,3.565217391,82,5,0,0,22
64881,1,24,Zimbabwe,92,0,3.5,84,2,0,0,17
64881,1,25,Zimbabwe,94,0,3.44,86,2,0,0,16
64881,1,26,Zimbabwe,96,0,3.384615385,88,2,0,0,17
64881,1,27,Zimbabwe,103,0,3.518518519,95,7,0,0,18
64881,1,28,Zimbabwe,109,2,3.607142857,4,6,2,0,19
64881,1,29,Zimbabwe,113,2,3.620689655,8,4,0,0,21
64881,1,30,Zimbabwe,116,2,3.6,11,3,0,0,22
64881,1,31,Zimbabwe,120,2,3.612903226,15,4,0,0,24
64881,1,32,Zimbabwe,123,2,3.59375,18,3,0,0,20
64881,1,33,Zimbabwe,127,2,3.606060606,22,4,0,0,18
64881,1,34,Zimbabwe,134,2,3.705882353,29,7,0,0,21
64881,1,35,Zimbabwe,140,2,3.771428571,35,6,0,0,24
64881,1,36,Zimbabwe,145,2,3.805555556,40,5,0,0,25
64881,1,37,Zimbabwe,150,2,3.837837838,45,5,0,0,27
64881,1,38,Zimbabwe,153,2,3.815789474,48,3,0,0,26
64881,1,39,Zimbabwe,155,4,3.769230769,0,2,2,0,21
64881,1,40,Zimbabwe,163,4,3.875,8,8,0,0,23
64881,1,41,Zimbabwe,165,5,3.829268293,1,2,1,1,20
64881,1,42,Zimbabwe,167,6,3.785714286,0,2,1,1,17
64881,1,43,Zimbabwe,168,7,3.720930233,0,1,1,1,15
64881,1,44,Zimbabwe,176,7,3.727272727,4,8,0,1,21
64881,1,45,Zimbabwe,176,7,3.644444444,4,0,0,1,13
64881,1,46,Zimbabwe,177,8,3.586956522,0,1,1,1,12
64881,1,47,Zimbabwe,178,9,3.531914894,1,1,1,1,11
64881,1,48,Zimbabwe,182,9,3.541666667,5,4,0,1,14
64881,1,49,Zimbabwe,183,10,3.501706485,0,1,1,1,7
64897,2,1,West Indies,4,0,3.6,3,4,0,0,4
64897,2,2,West Indies,7,0,2.727272727,5,3,0,0,7
64897,2,3,West Indies,10,1,2.470588235,2,3,2,0,10
64897,2,4,West Indies,11,2,2.0,1,1,0,0,11
64897,2,5,West Indies,16,2,2.6,6,5,0,0,16
64897,2,6,West Indies,19,2,2.666666667,9,3,0,0,15
64897,2,7,West Indies,21,3,2.571428571,1,2,1,1,14
64897,2,8,West Indies,23,4,2.5,2,2,1,1,13
64897,2,9,West Indies,25,4,2.444444444,4,2,0,1,14
64897,2,10,West Indies,31,4,2.8,10,6,0,1,15
64897,2,11,West Indies,38,4,3.181818182,17,7,0,1,19
64897,2,12,West Indies,39,5,3.0,0,1,1,1,18
64897,2,13,West Indies,43,5,3.076923077,4,4,0,1,20
64897,2,14,West Indies,51,5,3.428571429,12,8,0,1,26
64897,2,15,West Indies,53,5,3.333333333,14,2,0,1,22
64897,2,16,West Indies,57,5,3.375,18,4,0,1,19
64897,2,17,West Indies,64,5,3.588235294,25,7,0,1,25
64897,2,18,West Indies,68,5,3.611111111,29,4,0,1,25
64897,2,19,West Indies,73,6,3.684210526,2,5,1,1,22
64897,2,20,West Indies,77,6,3.7,6,4,0,1,24
64897,2,21,West Indies,78,7,3.571428571,0,1,1,1,21
64897,2,22,West Indies,84,7,3.681818182,6,6,0,1,20
64897,2,23,West Indies,92,7,3.869565217,14,8,0,1,24
64897,2,24,West Indies,96,8,3.875,1,4,1,1,23
64897,2,25,West Indies,101,8,3.92,6,5,0,1,24
64898,1,1,West Indies,2,0,2.0,2,2,0,0,2
64898,1,2,West Indies,9,0,4.363636364,8,7,0,0,9
64898,1,3,West Indies,11,0,3.176470588,9,2,0,0,11
64898,1,4,West Indies,15,1,3.25,4,4,1,0,15
64898,1,5,West Indies,18,2,3.103448276,0,3,1,0,18
64898,1,6,West Indies,23,2,3.257142857,4,6,0,0,22
64898,1,7,West Indies,26,2,3.142857143,7,2,0,0,17
64898,1,8,West Indies,27,2,2.875,8,1,0,0,16
64898,1,9,West Indies,30,2,2.888888889,11,3,0,0,15
64898,1,10,West Indies,36,2,3.2,17,6,0,0,18
64898,1,11,West Indies,43,2,3.545454545,24,7,0,0,19
64898,1,12,West Indies,47,2,3.549295775,27,5,0,0,22
64898,1,13,West Indies,52,2,3.615384615,32,4,0,0,25
64898,1,14,West Indies,56,2,3.642857143,36,4,0,0,26
64898,1,15,West Indies,63,2,3.866666667,43,7,0,0,27
64898,1,16,West Indies,65,3,3.75,0,2,1,0,22
64898,1,17,West Indies,71,3,3.882352941,6,6,0,0,23
64898,1,18,West Indies,83,3,4.333333333,18,12,0,0,31
64898,1,19,West Indies,89,3,4.421052632,24,6,0,0,33
64898,1,20,West Indies,95,5,4.5,2,6,2,1,32
64898,1,21,West Indies,99,5,4.476190476,6,4,0,1,34
64898,1,22,West Indies,104,6,4.5,2,5,1,1,33
64898,1,23,West Indies,107,6,4.434782609,5,3,0,1,24
64898,1,24,West Indies,113,6,4.5,11,6,0,1,24
64898,1,25,West Indies,118,7,4.52,0,5,1,1,23
64914,2,1,India,3,0,3.0,3,3,0,0,3
64914,2,2,India,4,0,1.636363636,3,1,0,0,4
64914,2,3,India,11,1,3.176470588,0,7,1,0,11
64914,2,4,India,12,1,2.5,1,1,0,0,12
64914,2,5,India,13,1,2.2,2,1,0,0,13
64914,2,6,India,13,1,1.833333333,2,0,0,0,10
64914,2,7,India,20,1,2.4,7,7,0,0,16
64914,2,8,India,26,1,2.086956522,7,6,0,0,15
64914,2,9,India,28,1,1.924528302,8,2,0,0,16
64914,2,10,India,30,1,1.728813559,8,2,0,0,17
64914,2,11,India,30,1,1.545454545,8,0,0,0,17
64914,2,12,India,36,1,1.916666667,14,6,0,0,16
64914,2,13,India,39,1,2.0,17,3,0,0,13
64914,2,14,India,40,2,1.928571429,0,1,1,0,12
64914,2,15,India,44,3,2.066666667,0,4,1,1,14
64914,2,16,India,47,3,2.125,3,3,0,1,17
64914,2,17,India,51,3,2.235294118,7,4,0,1,15
64914,2,18,India,53,3,2.222222222,9,2,0,1,14
64914,2,19,India,58,3,2.368421053,14,5,0,1,18
64914,2,20,India,65,3,2.571428571,20,7,0,1,21
64914,2,21,India,67,3,2.523809524,22,2,0,1,20
64914,2,22,India,69,3,2.5,24,2,0,1,18
64914,2,23,India,75,3,2.583941606,28,6,0,1,22
64914,2,24,India,75,3,2.458333333,28,0,0,1,17
64914,2,25,India,81,3,2.6,34,6,0,1,16
64914,2,26,India,89,3,2.766233766,40,15,0,1,29
64914,2,27,India,101,3,3.074074074,52,5,0,0,32
64914,2,28,India,105,3,3.107142857,56,4,0,0,30
64914,2,29,India,108,4,3.103448276,0,3,1,0,33
64914,2,30,India,111,4,3.1,3,3,0,0,30
64914,2,31,India,113,4,3.064516129,5,2,0,0,17
64914,2,32,India,115,4,3.03125,7,2,0,0,14
64914,2,33,India,121,4,3.106598985,12,10,0,0,20
64914,2,34,India,126,4,3.147058824,17,1,0,0,18
64914,2,35,India,131,4,3.2,22,5,0,0,20
64914,2,36,India,136,4,3.25,27,5,0,0,23
64914,2,37,India,138,4,3.216216216,29,2,0,0,23
64914,2,38,India,143,4,3.263157895,34,5,0,0,18
64914,2,39,India,147,5,3.244635193,2,4,1,0,21
64914,2,40,India,152,5,3.226890756,4,7,0,0,23
64914,2,41,India,158,6,3.268292683,2,4,1,0,22
64914,2,42,India,160,7,3.238095238,0,2,1,1,22
64914,2,43,India,168,7,3.348837209,8,8,0,1,25
64914,2,44,India,172,7,3.353612167,11,5,0,1,26
64914,2,45,India,181,7,3.457249071,19,9,0,1,28
64914,2,46,India,189,7,3.543478261,27,7,0,1,31
64914,2,47,India,196,7,3.617021277,34,7,0,0,36
64914,2,48,India,202,8,3.666666667,2,6,1,0,34
64914,2,49,India,218,8,3.918367347,18,16,0,0,45
64914,2,50,India,230,8,4.053511706,28,16,0,0,52
64923,2,1,Zimbabwe,1,0,1.0,1,1,0,0,1
64923,2,2,Zimbabwe,7,0,3.5,7,6,0,0,7
64923,2,3,Zimbabwe,12,1,3.882352941,0,5,1,0,12
64923,2,4,Zimbabwe,18,1,4.25,6,6,0,0,18
64923,2,5,Zimbabwe,24,1,4.6,12,6,0,0,24
64923,2,6,Zimbabwe,36,1,5.833333333,24,12,0,0,35
64923,2,7,Zimbabwe,47,1,6.571428571,35,11,0,0,40
64923,2,8,Zimbabwe,71,1,8.75,59,24,0,0,59
64923,2,9,Zimbabwe,76,1,7.924528302,59,5,0,0,58
64923,2,10,Zimbabwe,79,1,7.344827586,60,9,0,0,61
64923,2,11,Zimbabwe,89,1,7.363636364,70,4,0,0,53
64923,2,12,Zimbabwe,97,1,7.416666667,78,8,0,0,50
64923,2,13,Zimbabwe,108,1,7.636363636,87,12,0,0,38
64923,2,14,Zimbabwe,114,1,7.428571429,93,5,0,0,38
64923,2,15,Zimbabwe,119,1,7.266666667,98,5,0,0,34
64923,2,16,Zimbabwe,124,1,7.125,103,5,0,0,35
64923,2,17,Zimbabwe,129,1,7.0,108,5,0,0,32
64923,2,18,Zimbabwe,134,1,6.888888889,113,5,0,0,25
64923,2,19,Zimbabwe,140,1,6.842105263,119,6,0,0,26
64923,2,20,Zimbabwe,141,1,6.55,120,1,0,0,22
64923,2,21,Zimbabwe,154,1,6.857142857,133,13,0,0,30
64923,2,22,Zimbabwe,157,1,6.681818182,136,3,0,0,28
64923,2,23,Zimbabwe,159,1,6.47826087,138,2,0,0,25
64923,2,24,Zimbabwe,161,1,6.291666667,140,2,0,0,21
64923,2,25,Zimbabwe,161,2,6.04,0,0,1,0,20
64923,2,26,Zimbabwe,161,2,5.807692308,0,0,0,0,7
64923,2,27,Zimbabwe,168,2,5.851851852,7,7,0,0,11
64923,2,28,Zimbabwe,172,2,5.785714286,11,4,0,0,13
64923,2,29,Zimbabwe,177,2,5.75862069,16,5,0,0,16
64923,2,30,Zimbabwe,184,2,5.8,23,7,0,0,23
64923,2,31,Zimbabwe,196,2,6.0,35,12,0,0,35
64923,2,32,Zimbabwe,198,2,5.875,37,2,0,0,30
64923,2,33,Zimbabwe,202,2,5.818181818,41,4,0,0,30
65254,1,1,South Africa,1,0,0.0,0,1,0,0,1
65254,1,2,South Africa,3,0,1.0,2,2,0,0,3
65254,1,3,South Africa,4,1,1.0,1,1,1,0,4
65254,1,4,South Africa,5,1,1.0,2,1,0,0,5
65254,1,5,South Africa,5,1,0.8,2,0,0,0,5
65254,1,6,South Africa,12,1,1.371428571,6,7,0,0,11
65254,1,7,South Africa,14,1,1.2,6,2,0,0,11
65254,1,8,South Africa,19,2,1.404255319,3,5,1,0,15
65254,1,9,South Africa,21,3,1.444444444,0,2,1,1,16
65254,1,10,South Africa,26,3,1.8,5,5,0,1,21
65254,1,11,South Africa,29,3,1.909090909,8,3,0,1,17
65254,1,12,South Africa,32,3,1.885714286,9,4,0,1,19
65254,1,13,South Africa,33,4,1.692307692,0,0,1,1,14
65254,1,14,South Africa,33,5,1.571428571,0,0,1,1,12
65254,1,15,South Africa,35,5,1.5,0,3,0,1,10
65254,1,16,South Africa,38,5,1.452631579,1,2,0,1,9
65254,1,17,South Africa,43,5,1.647058824,6,5,0,1,10
65254,1,18,South Africa,47,5,1.777777778,10,4,0,1,14
65254,1,19,South Africa,49,5,1.752212389,11,2,0,1,16
65254,1,20,South Africa,56,5,2.0,18,7,0,1,20
65254,1,21,South Africa,56,6,1.904761905,0,0,1,1,18
65254,1,22,South Africa,61,6,1.923664122,2,5,0,1,18
65254,1,23,South Africa,67,6,2.058394161,7,6,0,1,20
65254,1,24,South Africa,69,6,2.041666667,9,2,0,1,20
65254,1,25,South Africa,70,6,2.0,10,1,0,1,14
65254,1,26,South Africa,75,6,2.115384615,15,5,0,1,19
65254,1,27,South Africa,77,6,2.111111111,17,2,0,1,16
65254,1,28,South Africa,79,6,2.107142857,19,2,0,1,12
65254,1,29,South Africa,82,6,2.137931034,22,3,0,1,13
65254,1,30,South Africa,86,6,2.17877095,25,5,0,1,17
65254,1,31,South Africa,89,6,2.193548387,28,2,0,1,14
65254,1,32,South Africa,91,7,2.1875,0,2,1,1,14
65254,1,33,South Africa,99,8,2.363636364,6,8,1,1,20
65254,1,34,South Africa,103,9,2.411764706,4,4,1,1,21
65254,1,35,South Africa,108,9,2.485714286,9,5,0,1,21
65254,1,36,South Africa,108,10,2.473933649,0,0,1,1,19
65261,1,1,New Zealand,0,0,0.0,0,0,0,0,0
65261,1,2,New Zealand,10,0,2.727272727,5,10,0,0,10
65261,1,3,New Zealand,14,0,3.0,9,4,0,0,14
65261,1,4,New Zealand,15,0,2.5,10,1,0,0,15
65261,1,5,New Zealand,16,0,2.068965517,10,1,0,0,16
65261,1,6,New Zealand,19,0,2.057142857,12,3,0,0,19
65261,1,7,New Zealand,20,1,1.756097561,0,1,1,0,10
65261,1,8,New Zealand,25,1,2.125,5,5,0,0,11
65261,1,9,New Zealand,36,1,3.056603774,15,11,0,0,21
65261,1,10,New Zealand,37,1,2.8,16,1,0,0,21
65261,1,11,New Zealand,38,3,2.584615385,0,5,2,1,23
65261,1,12,New Zealand,44,3,2.833333333,6,2,0,1,24
65261,1,13,New Zealand,47,3,2.846153846,9,3,0,1,22
65261,1,14,New Zealand,49,3,2.785714286,11,2,0,1,13
65261,1,15,New Zealand,52,3,2.8,14,3,0,1,15
65261,1,16,New Zealand,58,3,3.0,20,6,0,1,16
65261,1,17,New Zealand,60,3,2.941176471,22,2,0,1,16
65261,1,18,New Zealand,65,3,3.055555556,27,5,0,1,18
65261,1,19,New Zealand,71,3,3.210526316,33,6,0,1,22
65261,1,20,New Zealand,75,4,3.226890756,3,4,1,1,23
65261,1,21,New Zealand,81,4,3.333333333,9,6,0,1,23
65261,1,22,New Zealand,84,4,3.297709924,11,3,0,1,24
65261,1,23,New Zealand,90,4,3.391304348,17,6,0,1,25
65261,1,24,New Zealand,91,4,3.291666667,18,1,0,1,20
65261,1,25,New Zealand,96,4,3.36,23,5,0,1,21
65261,1,26,New Zealand,98,4,3.307692308,25,2,0,1,17
65261,1,27,New Zealand,102,4,3.316770186,28,6,0,1,20
65261,1,28,New Zealand,105,4,3.25,30,1,0,1,15
65261,1,29,New Zealand,106,5,3.156069364,0,1,1,1,15
65261,1,30,New Zealand,107,5,3.066666667,1,1,0,1,11
65261,1,31,New Zealand,111,6,3.096774194,4,4,1,1,13
65261,1,32,New Zealand,113,6,3.0625,6,2,0,1,9
65261,1,33,New Zealand,114,6,2.984771574,6,2,0,1,10
65261,1,34,New Zealand,116,6,2.941176471,8,1,0,1,10
65261,1,35,New Zealand,121,6,3.0,13,5,0,1,14
65261,1,36,New Zealand,125,6,3.027777778,17,4,0,1,14
65261,1,37,New Zealand,125,6,2.945945946,17,0,0,1,12
65261,1,38,New Zealand,127,6,2.921052632,19,2,0,1,12
65261,1,39,New Zealand,130,7,2.923076923,2,3,1,1,14
65261,1,40,New Zealand,132,7,2.9,4,2,0,1,11
65261,1,41,New Zealand,135,7,2.889795918,6,3,0,1,10
65261,1,42,New Zealand,138,7,2.880952381,9,3,0,1,13
65261,1,43,New Zealand,139,7,2.837209302,10,1,0,1,12
65261,1,44,New Zealand,145,7,2.909090909,16,6,0,1,15
65261,1,45,New Zealand,153,7,3.022222222,24,8,0,1,21
65261,1,46,New Zealand,160,7,3.108695652,31,7,0,1,25
65261,1,47,New Zealand,166,7,3.170212766,37,6,0,1,28
65261,1,48,New Zealand,180,7,3.395833333,51,14,0,1,41
65261,1,49,New Zealand,187,7,3.469387755,58,7,0,0,42
65261,1,50,New Zealand,198,7,3.62,69,11,0,0,45
65267,2,1,Kenya,8,0,8.0,8,8,0,0,8
65267,2,2,Kenya,10,0,4.8,8,2,0,0,10
65267,2,3,Kenya,16,1,4.666666667,0,6,1,0,16
65267,2,4,Kenya,17,1,3.75,1,1,0,0,17
65267,2,5,Kenya,19,2,3.4,2,2,1,0,19
65267,2,6,Kenya,21,2,3.166666667,4,2,0,0,13
65267,2,7,Kenya,22,2,2.857142857,5,1,0,0,12
65267,2,8,Kenya,26,2,2.869565217,7,4,0,0,10
65267,2,9,Kenya,27,2,2.555555556,8,1,0,0,10
65267,2,10,Kenya,28,2,2.338983051,8,1,0,0,9
65267,2,11,Kenya,30,2,2.272727273,10,2,0,0,9
65267,2,12,Kenya,40,2,2.916666667,20,10,0,0,18
65267,2,13,Kenya,44,2,2.961038961,23,4,0,0,18
65267,2,14,Kenya,45,2,2.785714286,24,1,0,0,18
65267,2,15,Kenya,49,2,2.866666667,28,4,0,0,21
65267,2,16,Kenya,51,2,2.8125,30,2,0,0,21
65267,2,17,Kenya,56,3,2.941176471,3,5,1,1,16
65267,2,18,Kenya,58,3,2.888888889,5,2,0,1,14
65267,2,19,Kenya,63,3,3.0,10,5,0,1,18
65267,2,20,Kenya,66,3,2.974789916,12,3,0,1,17
65267,2,21,Kenya,71,3,3.047619048,17,5,0,1,20
65267,2,22,Kenya,81,3,3.363636364,27,10,0,1,25
65267,2,23,Kenya,87,3,3.47826087,33,6,0,0,29
65267,2,24,Kenya,90,3,3.458333333,36,3,0,0,27
65267,2,25,Kenya,92,3,3.4,38,2,0,0,26
65267,2,26,Kenya,97,3,3.44516129,42,6,0,0,27
65267,2,27,Kenya,102,4,3.481481481,3,4,1,0,21
65267,2,28,Kenya,110,4,3.628742515,10,8,0,0,23
65267,2,29,Kenya,112,5,3.551724138,1,2,1,0,22
65267,2,30,Kenya,120,5,3.7,9,8,0,0,28
65267,2,31,Kenya,124,5,3.709677419,13,4,0,0,26
65267,2,32,Kenya,129,5,3.75,18,5,0,0,27
65267,2,33,Kenya,135,5,3.818181818,24,6,0,0,25
65267,2,34,Kenya,137,5,3.764705882,26,2,0,0,25
65267,2,35,Kenya,139,5,3.714285714,28,2,0,0,19
65267,2,36,Kenya,146,5,3.76744186,33,7,0,0,22
65267,2,37,Kenya,148,5,3.702702703,35,2,0,0,19
65267,2,38,Kenya,151,5,3.674008811,37,3,0,0,16
65267,2,39,Kenya,153,6,3.615384615,2,2,1,0,16
65267,2,40,Kenya,157,6,3.615062762,5,4,0,0,18
65267,2,41,Kenya,158,7,3.536585366,0,1,1,0,12
65267,2,42,Kenya,159,7,3.476190476,1,1,0,0,11
65267,2,43,Kenya,167,7,3.581395349,9,8,0,0,16
65267,2,44,Kenya,170,7,3.568181818,12,3,0,0,17
65267,2,45,Kenya,176,7,3.6133829,17,7,0,0,20
65267,2,46,Kenya,180,9,3.608695652,0,3,2,1,22
65267,2,47,Kenya,184,9,3.617021277,4,4,0,1,25
65267,2,48,Kenya,185,10,3.612676056,0,1,1,1,18
65708,2,1,Pakistan,5,0,5.0,5,5,0,0,5
65708,2,2,Pakistan,6,0,2.727272727,5,1,0,0,6
65708,2,3,Pakistan,7,0,1.764705882,5,1,0,0,7
65708,2,4,Pakistan,15,0,3.25,13,8,0,0,15
65708,2,5,Pakistan,20,0,3.517241379,17,6,0,0,21
65708,2,6,Pakistan,26,0,3.705882353,21,9,0,0,25
65708,2,7,Pakistan,30,0,3.571428571,25,0,0,0,24
65708,2,8,Pakistan,35,0,3.75,30,5,0,0,28
65708,2,9,Pakistan,39,0,3.777777778,34,4,0,0,24
65708,2,10,Pakistan,48,0,4.3,43,9,0,0,27
65708,2,11,Pakistan,50,1,4.090909091,2,2,1,0,20
65708,2,12,Pakistan,52,1,3.916666667,4,2,0,0,22
65708,2,13,Pakistan,54,2,3.74025974,1,2,1,0,19
65708,2,14,Pakistan,56,2,3.542168675,2,6,0,0,21
65708,2,15,Pakistan,60,2,3.533333333,6,0,0,0,12
65708,2,16,Pakistan,61,2,3.375,7,1,0,0,11
65708,2,17,Pakistan,67,2,3.504950495,12,6,0,0,15
65708,2,18,Pakistan,71,2,3.476635514,15,4,0,0,17
65708,2,19,Pakistan,75,2,3.473684211,19,4,0,0,15
65708,2,20,Pakistan,78,2,3.45,22,3,0,0,18
65708,2,21,Pakistan,81,2,3.428571429,25,3,0,0,20
65708,2,22,Pakistan,85,2,3.454545455,29,4,0,0,18
65708,2,23,Pakistan,88,2,3.434782609,32,3,0,0,17
65708,2,24,Pakistan,93,2,3.5,37,5,0,0,18
65708,2,25,Pakistan,97,2,3.52,41,4,0,0,19
65708,2,26,Pakistan,99,3,3.461538462,2,2,1,0,18
65708,2,27,Pakistan,102,3,3.444444444,5,3,0,0,17
65708,2,28,Pakistan,108,3,3.535714286,11,6,0,0,20
65708,2,29,Pakistan,113,3,3.586206897,16,5,0,0,20
65708,2,30,Pakistan,115,4,3.519553073,1,3,1,0,19
65708,2,31,Pakistan,118,5,3.483870968,0,2,1,1,19
65708,2,32,Pakistan,121,5,3.46875,3,3,0,1,19
65708,2,33,Pakistan,125,5,3.484848485,7,4,0,1,17
65708,2,34,Pakistan,136,5,3.705882353,18,11,0,1,23
65708,2,35,Pakistan,139,6,3.685714286,3,3,1,1,23
65708,2,36,Pakistan,149,7,3.861111111,1,10,1,1,31
65708,2,37,Pakistan,151,8,3.810810811,1,2,1,1,30
65708,2,38,Pakistan,154,8,3.789473684,4,3,0,1,29
65708,2,39,Pakistan,157,8,3.759656652,6,3,0,1,21
65708,2,40,Pakistan,163,8,3.8,12,6,0,1,24
65708,2,41,Pakistan,171,8,3.902439024,20,8,0,1,22
65708,2,42,Pakistan,174,8,3.880952381,23,3,0,1,23
65708,2,43,Pakistan,175,8,3.813953488,24,1,0,1,21
65708,2,44,Pakistan,178,9,3.795454545,0,3,1,1,21
65708,2,45,Pakistan,181,9,3.777777778,3,3,0,1,18
65708,2,46,Pakistan,181,10,3.75,0,0,1,1,10
65714,1,1,Sri Lanka,2,0,2.0,2,2,0,0,2
65714,1,2,Sri Lanka,6,1,3.0,0,4,1,0,6
65714,1,3,Sri Lanka,9,1,3.0,3,3,0,0,9
65714,1,4,Sri Lanka,14,1,3.5,8,5,0,0,14
65714,1,5,Sri Lanka,18,1,3.6,12,4,0,0,18
65714,1,6,Sri Lanka,21,1,3.5,15,3,0,0,19
65714,1,7,Sri Lanka,22,2,3.142857143,1,1,1,0,16
65714,1,8,Sri Lanka,23,2,2.875,2,1,0,0,14
65714,1,9,Sri Lanka,25,3,2.777777778,2,2,1,1,11
65714,1,10,Sri Lanka,25,3,2.5,2,0,0,1,7
65714,1,11,Sri Lanka,26,3,2.363636364,3,1,0,1,5
65714,1,12,Sri Lanka,27,3,2.197183099,3,1,0,1,5
65714,1,13,Sri Lanka,28,3,2.076923077,4,1,0,1,5
65714,1,14,Sri Lanka,28,3,1.928571429,4,0,0,1,3
65714,1,15,Sri Lanka,30,3,1.933333333,6,2,0,1,5
65714,1,16,Sri Lanka,30,3,1.8125,6,0,0,1,4
65714,1,17,Sri Lanka,31,4,1.764705882,0,1,1,1,4
65714,1,18,Sri Lanka,32,4,1.722222222,1,1,0,1,4
65714,1,19,Sri Lanka,33,4,1.684210526,2,1,0,1,5
65714,1,20,Sri Lanka,38,4,1.85,7,5,0,1,8
65714,1,21,Sri Lanka,43,4,1.968,11,5,0,1,13
65714,1,22,Sri Lanka,45,4,1.954545455,13,2,0,1,14
65714,1,23,Sri Lanka,47,4,1.956521739,15,2,0,1,15
65714,1,24,Sri Lanka,51,4,2.041666667,19,4,0,1,18
65714,1,25,Sri Lanka,53,4,1.973154362,19,2,0,1,15
65714,1,26,Sri Lanka,59,4,2.115384615,25,6,0,1,16
65714,1,27,Sri Lanka,62,4,2.124223602,27,4,0,1,18
65714,1,28,Sri Lanka,69,4,2.285714286,34,6,0,1,22
65714,1,29,Sri Lanka,71,4,2.275862069,36,2,0,1,20
65714,1,30,Sri Lanka,72,4,2.233333333,37,1,0,1,19
65714,1,31,Sri Lanka,75,4,2.258064516,40,3,0,1,16
65714,1,32,Sri Lanka,78,4,2.28125,43,3,0,1,15
65714,1,33,Sri Lanka,79,4,2.242424242,44,1,0,1,10
65714,1,34,Sri Lanka,82,4,2.264705882,47,3,0,1,11
65714,1,35,Sri Lanka,84,4,2.257142857,49,2,0,1,12
65714,1,36,Sri Lanka,89,4,2.333333333,54,5,0,1,14
65714,1,37,Sri Lanka,95,4,2.432432432,60,6,0,1,17
65714,1,38,Sri Lanka,100,4,2.5,65,5,0,1,21
65714,1,39,Sri Lanka,110,4,2.692307692,75,10,0,1,28
65714,1,40,Sri Lanka,119,4,2.85,84,9,0,0,35
65714,1,41,Sri Lanka,129,4,3.024390244,94,10,0,0,40
65714,1,42,Sri Lanka,131,5,3.0,0,2,1,0,36
65714,1,43,Sri Lanka,138,5,3.093023256,7,7,0,0,38
65714,1,44,Sri Lanka,145,5,3.181818182,14,7,0,0,35
65714,1,45,Sri Lanka,155,6,3.333333333,4,10,1,0,36
65714,1,46,Sri Lanka,162,6,3.413043478,11,7,0,0,33
65714,1,47,Sri Lanka,171,6,3.531914894,20,9,0,0,40
65714,1,48,Sri Lanka,176,8,3.5625,1,5,2,1,38
65714,1,49,Sri Lanka,182,9,3.612244898,0,6,1,1,37
65714,1,50,Sri Lanka,190,9,3.7,8,8,0,1,35
66203,2,1,West Indies,9,0,9.0,9,9,0,0,9
66203,2,2,West Indies,12,0,6.0,9,4,0,0,13
66203,2,3,West Indies,13,1,3.333333333,0,0,1,0,13
66203,2,4,West Indies,18,2,3.75,3,5,1,0,18
66203,2,5,West Indies,23,3,4.0,0,5,1,1,23
66203,2,6,West Indies,24,3,3.5,1,1,0,1,15
66203,2,7,West Indies,24,4,3.0,0,0,1,1,11
66203,2,8,West Indies,25,4,2.75,1,1,0,1,12
66203,2,9,West Indies,26,5,2.555555556,0,1,1,1,8
66203,2,10,West Indies,26,5,2.3,0,0,0,1,3
66203,2,11,West Indies,26,5,2.090909091,0,0,0,1,2
66203,2,12,West Indies,28,5,2.083333333,2,2,0,1,4
66203,2,13,West Indies,29,5,2.0,3,1,0,1,4
66203,2,14,West Indies,29,5,1.857142857,3,0,0,1,3
66203,2,15,West Indies,39,5,2.4,13,10,0,1,13
66203,2,16,West Indies,42,5,2.4,15,4,0,1,17
66203,2,17,West Indies,46,5,2.363636364,16,3,0,1,18
66203,2,18,West Indies,50,5,2.388888889,20,4,0,1,21
66203,2,19,West Indies,63,5,2.947368421,33,13,0,1,34
66203,2,20,West Indies,66,5,2.95,36,3,0,1,27
66203,2,21,West Indies,71,6,3.047619048,0,5,1,0,28
66203,2,22,West Indies,73,7,3.0,2,2,1,0,27
66203,2,23,West Indies,79,7,3.130434783,8,6,0,0,29
66203,2,24,West Indies,85,7,3.230769231,13,6,0,0,22
66203,2,25,West Indies,87,7,3.16,15,2,0,0,21
66203,2,26,West Indies,91,7,3.192307692,19,4,0,0,20
66203,2,27,West Indies,94,8,3.185185185,0,3,1,1,21
66203,2,28,West Indies,98,8,3.214285714,4,4,0,1,19
66203,2,29,West Indies,98,8,3.103448276,4,0,0,1,13
66203,2,30,West Indies,103,8,3.166666667,9,5,0,1,16
66203,2,31,West Indies,105,8,3.129032258,11,2,0,1,14
66203,2,32,West Indies,107,9,3.09375,2,2,1,1,13
66203,2,33,West Indies,110,9,3.090909091,5,3,0,1,12
66203,2,34,West Indies,113,9,3.088235294,8,3,0,1,15
66203,2,35,West Indies,114,9,3.028571429,9,1,0,1,11
66203,2,36,West Indies,119,9,3.083333333,14,5,0,1,14
66203,2,37,West Indies,128,9,3.243243243,23,9,0,1,21
66203,2,38,West Indies,129,9,3.184210526,24,1,0,1,19
66203,2,39,West Indies,130,9,3.128205128,25,1,0,1,17
66203,2,40,West Indies,131,10,3.113924051,0,1,1,1,17
211244,1,1,England,1,0,0.0,0,1,0,0,1
211244,1,2,England,11,0,4.909090909,9,10,0,0,11
211244,1,3,England,17,0,5.0,15,6,0,0,17
211244,1,4,England,19,2,4.25,0,2,2,0,19
211244,1,5,England,23,2,3.931034483,2,4,0,0,23
211244,1,6,England,28,2,4.0,7,5,0,0,27
211244,1,7,England,31,2,3.857142857,10,3,0,0,20
211244,1,8,England,34,2,3.75,13,3,0,0,17
211244,1,9,England,38,2,3.777777778,17,4,0,0,19
211244,1,10,England,39,3,3.5,0,1,1,1,16
211244,1,11,England,41,3,3.363636364,2,2,0,1,13
211244,1,12,England,42,3,3.166666667,3,1,0,1,11
211244,1,13,England,45,3,3.153846154,6,3,0,1,11
211244,1,14,England,48,3,3.142857143,9,3,0,1,10
211244,1,15,England,57,4,3.533333333,0,9,1,1,18
211244,1,16,England,58,4,3.375,1,1,0,1,17
211244,1,17,England,68,4,3.764705882,11,10,0,1,26
211244,1,18,England,72,4,3.777777778,15,4,0,1,27
211244,1,19,England,73,5,3.610619469,0,1,1,1,25
211244,1,20,England,75,5,3.5,2,2,0,1,18
211244,1,21,England,76,6,3.36,0,1,1,1,18
211244,1,22,England,86,6,3.636363636,10,10,0,1,18
211244,1,23,England,86,6,3.47826087,10,0,0,1,14
211244,1,24,England,87,6,3.375,11,1,0,1,14
211244,1,25,England,96,6,3.6,20,9,0,1,21
211244,1,26,England,99,6,3.576923077,23,3,0,1,23
211244,1,27,England,105,6,3.652173913,28,7,0,1,20
211244,1,28,England,109,6,3.642857143,32,3,0,0,23
211244,1,29,England,109,6,3.517241379,32,0,0,0,22
211244,1,30,England,110,6,3.433333333,33,1,0,0,14
211244,1,31,England,117,6,3.548387097,40,7,0,0,18
211244,1,32,England,123,6,3.625,46,6,0,0,17
211244,1,33,England,135,6,3.878787879,58,12,0,0,26
211244,1,34,England,137,6,3.823529412,60,2,0,0,28
211244,1,35,England,139,6,3.771428571,62,2,0,0,29
211244,1,36,England,149,6,3.944444444,72,10,0,0,32
211244,1,37,England,155,7,3.990950226,3,6,1,0,32
211244,1,38,England,159,9,3.973684211,0,4,2,1,24
211244,1,39,England,166,9,4.051282051,7,7,0,1,29
211244,1,40,England,167,9,3.975,8,1,0,1,28
211244,1,41,England,168,9,3.902439024,9,1,0,1,19
211244,1,42,England,173,9,3.920318725,13,9,0,1,22
211244,1,43,England,182,9,4.023255814,22,5,0,1,23
211244,1,44,England,185,9,4.0,25,3,0,1,19
211244,1,45,England,190,9,4.022222222,30,5,0,1,23
211244,1,46,England,190,10,3.992647059,0,0,1,1,22
211824,1,1,Australia,4,0,4.0,4,4,0,0,4
211824,1,2,Australia,4,0,2.0,4,0,0,0,4
211824,1,3,Australia,9,0,2.823529412,8,5,0,0,9
211824,1,4,Australia,11,0,2.5,10,2,0,0,11
211824,1,5,Australia,11,0,2.0,10,0,0,0,11
211824,1,6,Australia,13,0,2.0,12,2,0,0,9
211824,1,7,Australia,20,1,2.461538462,4,7,1,0,16
211824,1,8,Australia,21,1,2.125,5,1,0,0,12
211824,1,9,Australia,23,2,1.924528302,0,4,1,0,14
211824,1,10,Australia,35,2,2.9,12,10,0,0,24
211824,1,11,Australia,49,2,3.84375,24,20,0,0,42
211824,1,12,Australia,59,2,4.25,34,4,0,0,39
211824,1,13,Australia,65,2,4.384615385,40,6,0,0,44
211824,1,14,Australia,71,2,4.5,46,6,0,0,46
211824,1,15,Australia,76,2,4.533333333,51,5,0,0,41
211824,1,16,Australia,78,2,4.375,53,2,0,0,23
211824,1,17,Australia,85,2,4.529411765,60,7,0,0,26
211824,1,18,Australia,87,2,4.373831776,61,3,0,0,23
211824,1,19,Australia,94,2,4.473684211,68,6,0,0,23
211824,1,20,Australia,97,2,4.4,71,3,0,0,21
211824,1,21,Australia,101,2,4.380952381,75,4,0,0,23
211824,1,22,Australia,106,2,4.409090909,80,5,0,0,21
211824,1,23,Australia,110,2,4.379562044,83,4,0,0,22
211824,1,24,Australia,114,4,4.321678322,0,4,2,0,20
211824,1,25,Australia,118,4,4.28,4,4,0,0,21
211824,1,26,Australia,119,4,4.153846154,5,1,0,0,18
211824,1,27,Australia,121,4,4.074074074,7,2,0,0,15
211824,1,28,Australia,124,5,4.035714286,0,3,1,1,14
211824,1,29,Australia,129,5,4.068965517,5,5,0,1,15
211824,1,30,Australia,130,5,3.966666667,6,1,0,1,12
211824,1,31,Australia,133,5,3.935483871,9,3,0,1,14
211824,1,32,Australia,137,5,3.9375,13,4,0,1,16
211824,1,33,Australia,139,6,3.878787879,2,2,1,1,15
211824,1,34,Australia,139,7,3.764705882,0,0,1,1,10
211824,1,35,Australia,139,9,3.657142857,0,0,2,1,9
211824,1,36,Australia,139,10,3.622641509,0,0,1,1,6
211860,1,1,England,2,0,2.0,2,2,0,0,2
211860,1,2,England,8,0,2.0,4,6,0,0,8
211860,1,3,England,12,0,2.666666667,8,4,0,0,12
211860,1,4,England,17,0,3.25,13,5,0,0,17
211860,1,5,England,21,0,3.4,17,4,0,0,21
211860,1,6,England,22,1,3.0,0,1,1,0,20
211860,1,7,England,29,1,3.512195122,6,7,0,0,21
211860,1,8,England,34,1,3.391304348,8,5,0,0,22
211860,1,9,England,48,1,4.444444444,22,14,0,0,31
211860,1,10,England,49,1,4.06779661,22,1,0,0,28
211860,1,11,England,50,1,3.727272727,23,1,0,0,28
211860,1,12,England,55,1,3.833333333,28,5,0,0,26
211860,1,13,England,63,1,4.153846154,36,8,0,0,29
211860,1,14,England,63,1,3.857142857,36,0,0,0,15
211860,1,15,England,73,1,4.266666667,46,10,0,0,24
211860,1,16,England,82,1,4.5625,55,9,0,0,32
211860,1,17,England,83,1,4.352941176,56,1,0,0,28
211860,1,18,England,86,1,4.277777778,59,3,0,0,23
211860,1,19,England,88,1,4.157894737,61,2,0,0,25
211860,1,20,England,89,1,4.0,62,1,0,0,16
211860,1,21,England,91,1,3.904761905,64,2,0,0,9
211860,1,22,England,92,3,3.772727273,0,1,2,0,9
211860,1,23,England,94,3,3.695652174,2,2,0,0,8
211860,1,24,England,97,3,3.666666667,5,3,0,0,9
211860,1,25,England,98,3,3.56,6,1,0,0,9
211860,1,26,England,101,3,3.522580645,8,3,0,0,10
211860,1,27,England,104,3,3.481481481,11,3,0,0,12
211860,1,28,England,108,3,3.5,15,4,0,0,14
211860,1,29,England,111,3,3.482758621,18,3,0,0,14
211860,1,30,England,113,4,3.433333333,1,2,1,1,15
211860,1,31,England,114,4,3.35483871,2,1,0,1,13
211860,1,32,England,115,4,3.28125,3,1,0,1,11
211860,1,33,England,121,4,3.363636364,9,6,0,1,13
211860,1,34,England,123,4,3.323529412,11,2,0,1,12
211860,1,35,England,130,4,3.428571429,18,7,0,1,17
211860,1,36,England,134,4,3.444444444,22,4,0,1,20
211860,1,37,England,138,4,3.459459459,26,4,0,1,23
211860,1,38,England,140,5,3.421052632,2,2,1,1,19
211860,1,39,England,145,5,3.450643777,6,6,0,1,23
211860,1,40,England,149,5,3.45,10,3,0,1,19
211860,1,41,England,154,5,3.47755102,14,5,0,1,20
211860,1,42,England,158,5,3.476190476,18,4,0,1,20
211860,1,43,England,163,5,3.511627907,23,5,0,1,23
211860,1,44,England,167,5,3.522727273,27,4,0,1,21
211860,1,45,England,178,5,3.688888889,38,11,0,1,29
211860,1,46,England,183,6,3.717391304,0,5,1,1,29
211860,1,47,England,188,6,3.744680851,5,5,0,1,30
211860,1,48,England,189,7,3.6875,0,1,1,1,26
211860,1,49,England,202,7,3.87755102,13,13,0,1,35
211860,1,50,England,207,7,3.872909699,16,6,0,1,30
217647,2,1,Sri Lanka,4,0,4.0,4,4,0,0,4
217647,2,2,Sri Lanka,5,0,2.181818182,4,1,0,0,5
217647,2,3,Sri Lanka,8,0,2.117647059,6,4,0,0,9
217647,2,4,Sri Lanka,17,0,3.75,15,8,0,0,17
217647,2,5,Sri Lanka,18,1,3.2,1,1,1,0,18
217647,2,6,Sri Lanka,26,1,4.0,9,8,0,0,22
217647,2,7,Sri Lanka,26,1,3.428571429,9,0,0,0,21
217647,2,8,Sri Lanka,33,1,3.829787234,15,8,0,0,25
217647,2,9,Sri Lanka,40,1,4.0,21,6,0,0,23
217647,2,10,Sri Lanka,41,2,3.7,0,1,1,0,23
217647,2,11,Sri Lanka,47,2,3.909090909,6,6,0,0,21
217647,2,12,Sri Lanka,52,3,4.0,1,5,1,1,26
217647,2,13,Sri Lanka,58,3,4.153846154,7,6,0,1,24
217647,2,14,Sri Lanka,64,3,4.285714286,13,6,0,1,24
217647,2,15,Sri Lanka,64,3,4.0,13,0,0,1,23
217647,2,16,Sri Lanka,71,3,4.1875,20,7,0,1,24
217647,2,17,Sri Lanka,71,3,3.941176471,20,0,0,1,19
217647,2,18,Sri Lanka,76,3,4.0,25,5,0,1,18
217647,2,19,Sri Lanka,79,3,3.947368421,28,3,0,1,15
217647,2,20,Sri Lanka,79,4,3.75,0,0,1,1,15
217647,2,21,Sri Lanka,80,4,3.619047619,1,1,0,1,9
217647,2,22,Sri Lanka,81,4,3.5,2,1,0,1,10
217647,2,23,Sri Lanka,83,4,3.434782609,4,2,0,1,7
217647,2,24,Sri Lanka,88,5,3.5,4,5,1,1,9
217647,2,25,Sri Lanka,92,6,3.52,4,4,1,1,13
217647,2,26,Sri Lanka,93,6,3.423076923,5,1,0,1,13
217647,2,27,Sri Lanka,95,7,3.354037267,1,4,1,1,16
217647,2,28,Sri Lanka,103,7,3.428571429,7,6,0,1,20
217647,2,29,Sri Lanka,103,8,3.310344828,0,0,1,1,15
217647,2,30,Sri Lanka,106,8,3.3,3,3,0,1,14
217647,2,31,Sri Lanka,110,8,3.193548387,3,4,0,1,17
217647,2,32,Sri Lanka,119,8,3.361256545,11,11,0,1,24
217647,2,33,Sri Lanka,126,8,3.454545455,18,5,0,1,23
217647,2,34,Sri Lanka,127,9,3.382352941,0,1,1,1,24
217647,2,35,Sri Lanka,129,9,3.342857143,2,2,0,1,23
217647,2,36,Sri Lanka,131,9,3.305555556,4,2,0,1,21
217647,2,37,Sri Lanka,133,9,3.27027027,6,2,0,1,12
217647,2,38,Sri Lanka,135,9,3.236842105,8,2,0,1,9
217647,2,39,Sri Lanka,138,9,3.21888412,10,4,0,1,12
217647,2,40,Sri Lanka,145,9,3.3,17,6,0,1,16
217647,2,41,Sri Lanka,153,9,3.379591837,23,8,0,1,22
217647,2,42,Sri Lanka,154,9,3.30952381,24,1,0,1,21
217647,2,43,Sri Lanka,157,9,3.302325581,27,3,0,1,22
217647,2,44,Sri Lanka,160,9,3.295454545,30,3,0,1,21
217647,2,45,Sri Lanka,161,9,3.244444444,31,1,0,1,16
217647,2,46,Sri Lanka,162,9,3.195652174,32,1,0,1,9
217647,2,47,Sri Lanka,169,9,3.276595745,39,7,0,1,15
217647,2,48,Sri Lanka,174,9,3.3125,44,5,0,1,17
217647,2,49,Sri Lanka,178,9,3.326530612,48,4,0,1,18
217647,2,50,Sri Lanka,181,9,3.311036789,50,3,0,1,20
238170,2,1,Sri Lanka,5,0,4.8,4,5,0,0,5
238170,2,2,Sri Lanka,6,0,2.5,5,1,0,0,6
238170,2,3,Sri Lanka,7,0,2.0,6,1,0,0,7
238170,2,4,Sri Lanka,8,0,1.75,7,1,0,0,8
238170,2,5,Sri Lanka,11,0,2.0,10,3,0,0,11
238170,2,6,Sri Lanka,13,0,2.0,12,2,0,0,8
238170,2,7,Sri Lanka,13,0,1.714285714,12,0,0,0,7
238170,2,8,Sri Lanka,22,0,2.625,21,9,0,0,15
238170,2,9,Sri Lanka,29,0,3.111111111,28,7,0,0,21
238170,2,10,Sri Lanka,29,2,2.8,0,0,2,0,18
238170,2,11,Sri Lanka,30,2,2.584615385,0,2,0,0,18
238170,2,12,Sri Lanka,39,2,3.083333333,9,8,0,0,26
238170,2,13,Sri Lanka,44,3,3.230769231,0,5,1,1,22
238170,2,14,Sri Lanka,48,3,3.285714286,4,4,0,1,19
238170,2,15,Sri Lanka,54,3,3.466666667,10,6,0,1,25
238170,2,16,Sri Lanka,60,3,3.625,16,6,0,1,29
238170,2,17,Sri Lanka,61,3,3.470588235,17,1,0,1,22
238170,2,18,Sri Lanka,68,3,3.666666667,24,7,0,1,24
238170,2,19,Sri Lanka,71,3,3.631578947,27,3,0,1,23
238170,2,20,Sri Lanka,77,3,3.75,33,6,0,1,23
238170,2,21,Sri Lanka,83,3,3.857142857,39,6,0,1,23
238170,2,22,Sri Lanka,88,3,3.909090909,44,5,0,1,27
238170,2,23,Sri Lanka,90,3,3.826086957,46,2,0,1,22
238170,2,24,Sri Lanka,98,3,4.0,54,8,0,0,27
238170,2,25,Sri Lanka,100,3,3.92,56,2,0,0,23
238170,2,26,Sri Lanka,104,3,3.923076923,60,4,0,0,21
238170,2,27,Sri Lanka,110,3,4.0,66,6,0,0,22
238170,2,28,Sri Lanka,120,3,4.214285714,76,10,0,0,30
238170,2,29,Sri Lanka,123,3,4.172413793,79,3,0,0,25
238170,2,30,Sri Lanka,124,3,4.066666667,80,1,0,0,24
238170,2,31,Sri Lanka,130,4,4.129032258,0,6,1,0,26
238170,2,32,Sri Lanka,133,4,4.09375,3,3,0,0,23
238170,2,33,Sri Lanka,139,4,4.151515152,9,6,0,0,19
238170,2,34,Sri Lanka,144,5,4.176470588,0,5,1,0,21
238170,2,35,Sri Lanka,146,5,4.114285714,2,2,0,0,22
238170,2,36,Sri Lanka,146,6,4.0,0,0,1,1,16
238170,2,37,Sri Lanka,152,6,4.054054054,6,6,0,1,19
238170,2,38,Sri Lanka,157,6,4.078947368,11,5,0,1,18
238170,2,39,Sri Lanka,163,6,4.128205128,17,6,0,1,19
238170,2,40,Sri Lanka,165,6,4.075,19,2,0,1,19
238170,2,41,Sri Lanka,170,6,4.097560976,24,5,0,1,24
238170,2,42,Sri Lanka,177,6,4.166666667,31,7,0,1,25
238170,2,43,Sri Lanka,185,6,4.255813953,39,8,0,0,28
238170,2,44,Sri Lanka,189,7,4.25,4,4,1,0,26
238170,2,45,Sri Lanka,191,7,4.2,6,2,0,0,26
238170,2,46,Sri Lanka,195,8,4.195652174,0,4,1,0,25
238170,2,47,Sri Lanka,199,8,4.191489362,4,4,0,0,22
238170,2,48,Sri Lanka,216,8,4.458333333,21,17,0,0,31
238170,2,49,Sri Lanka,226,9,4.566552901,7,10,1,1,37
238170,2,50,Sri Lanka,231,9,4.56,12,5,0,1,40
238174,2,1,Australia,4,1,4.0,4,4,1,0,4
238174,2,2,Australia,7,2,3.5,3,3,1,0,7
238174,2,3,Australia,7,2,2.333333333,3,0,0,0,7
238174,2,4,Australia,8,3,2.0,0,1,1,1,8
238174,2,5,Australia,9,3,1.8,1,1,0,1,9
238174,2,6,Australia,17,3,2.833333333,9,8,0,1,13
238174,2,7,Australia,26,3,3.658536585,17,10,0,1,20
238174,2,8,Australia,27,3,3.25,18,0,0,1,20
238174,2,9,Australia,28,3,2.943396226,18,1,0,1,20
238174,2,10,Australia,29,3,2.7,19,1,0,1,20
238174,2,11,Australia,32,3,2.727272727,22,3,0,1,15
238174,2,12,Australia,36,3,2.833333333,26,4,0,1,9
238174,2,13,Australia,39,3,2.805194805,28,3,0,1,12
238174,2,14,Australia,51,3,3.397590361,39,12,0,1,23
238174,2,15,Australia,58,3,3.303370787,41,7,0,1,29
238174,2,16,Australia,60,3,3.1875,43,2,0,1,28
238174,2,17,Australia,65,3,3.294117647,48,5,0,1,29
238174,2,18,Australia,67,3,3.222222222,50,2,0,1,28
238174,2,19,Australia,69,3,3.157894737,52,2,0,1,18
238174,2,20,Australia,70,4,3.05,0,1,1,1,12
238174,2,21,Australia,72,4,3.0,2,2,0,1,12
238174,2,22,Australia,77,4,3.090909091,7,5,0,1,12
238174,2,23,Australia,79,4,3.043478261,9,2,0,1,12
238174,2,24,Australia,82,4,3.041666667,12,3,0,1,13
238174,2,25,Australia,85,4,3.04,15,3,0,1,15
238174,2,26,Australia,87,4,3.0,17,2,0,1,15
238174,2,27,Australia,90,4,3.0,20,3,0,1,13
238174,2,28,Australia,93,4,3.0,23,3,0,1,14
238174,2,29,Australia,94,4,2.931034483,24,1,0,1,12
238174,2,30,Australia,97,4,2.933333333,27,3,0,1,12
238174,2,31,Australia,104,4,3.064516129,34,7,0,1,17
238174,2,32,Australia,109,4,3.109947644,38,5,0,1,19
238174,2,33,Australia,119,4,3.303030303,48,10,0,1,26
238174,2,34,Australia,125,4,3.382352941,54,6,0,0,31
238174,2,35,Australia,128,4,3.371428571,57,3,0,0,31
238174,2,36,Australia,131,4,3.361111111,60,3,0,0,27
238174,2,37,Australia,135,4,3.378378378,64,4,0,0,26
238174,2,38,Australia,141,4,3.447368421,70,6,0,0,22
238174,2,39,Australia,144,4,3.435897436,73,3,0,0,19
238174,2,40,Australia,147,5,3.425,1,3,1,0,19
238174,2,41,Australia,155,5,3.536585366,9,8,0,0,24
238174,2,42,Australia,159,6,3.547619048,2,4,1,0,24
238174,2,43,Australia,159,7,3.465116279,0,0,1,1,18
238174,2,44,Australia,162,7,3.44486692,2,5,0,1,20
238174,2,45,Australia,167,7,3.466666667,7,3,0,1,20
238174,2,46,Australia,172,8,3.5,4,5,1,1,17
238174,2,47,Australia,181,8,3.617021277,13,9,0,1,22
238174,2,48,Australia,183,10,3.583333333,0,2,2,1,24
247464,2,1,India,5,0,5.0,5,5,0,0,5
247464,2,2,India,11,0,3.272727273,6,6,0,0,11
247464,2,3,India,15,0,2.625,7,7,0,0,18
247464,2,4,India,24,0,4.0,16,6,0,0,24
247464,2,5,India,24,1,3.2,0,0,1,0,24
247464,2,6,India,27,1,3.166666667,3,3,0,0,22
247464,2,7,India,35,1,3.857142857,11,8,0,0,24
247464,2,8,India,35,1,3.375,11,0,0,0,17
247464,2,9,India,38,1,3.333333333,14,3,0,0,14
247464,2,10,India,39,1,3.050847458,14,7,0,0,21
247464,2,11,India,60,1,4.636363636,35,15,0,0,33
247464,2,12,India,67,1,4.833333333,42,7,0,0,32
247464,2,13,India,69,1,4.615384615,44,2,0,0,34
247464,2,14,India,72,2,4.5,3,3,1,0,34
247464,2,15,India,74,2,4.333333333,5,2,0,0,29
247464,2,16,India,79,3,4.375,0,5,1,0,19
247464,2,17,India,81,3,4.235294118,2,2,0,0,14
247464,2,18,India,82,3,4.055555556,3,1,0,0,13
247464,2,19,India,83,3,3.894736842,4,1,0,0,11
247464,2,20,India,88,3,3.95,9,5,0,0,14
247464,2,21,India,94,3,4.047619048,15,6,0,0,15
247464,2,22,India,100,3,4.136363636,21,6,0,0,19
247464,2,23,India,101,3,4.0,22,1,0,0,19
247464,2,24,India,102,3,3.875,23,1,0,0,19
247464,2,25,India,109,3,4.0,30,7,0,0,21
247464,2,26,India,114,3,4.038461538,35,5,0,0,20
247464,2,27,India,115,3,3.925925926,36,1,0,0,15
247464,2,28,India,118,3,3.880239521,38,3,0,0,17
247464,2,29,India,122,3,3.862068966,42,4,0,0,20
247464,2,30,India,122,3,3.733333333,42,0,0,0,13
247464,2,31,India,125,3,3.697297297,44,3,0,0,11
247464,2,32,India,134,3,3.84375,53,9,0,0,19
247464,2,33,India,135,3,3.757575758,54,1,0,0,17
247464,2,34,India,141,3,3.823529412,60,6,0,0,19
247464,2,35,India,146,3,3.857142857,65,5,0,0,24
247464,2,36,India,146,3,3.75,65,0,0,0,21
247464,2,37,India,155,3,3.891891892,74,9,0,0,21
247464,2,38,India,161,3,3.947368421,80,6,0,0,26
247464,2,39,India,163,4,3.888412017,0,2,1,0,22
247464,2,40,India,164,4,3.8,1,1,0,0,18
247464,2,41,India,168,4,3.804878049,5,4,0,0,22
247464,2,42,India,174,4,3.857142857,11,6,0,0,19
247464,2,43,India,175,5,3.790697674,0,1,1,0,14
247464,2,44,India,177,5,3.741444867,1,2,0,0,14
247464,2,45,India,184,5,3.8,8,7,0,0,20
247464,2,46,India,187,5,3.782608696,11,3,0,0,19
247464,2,47,India,190,5,3.765957447,14,3,0,0,16
247464,2,48,India,191,5,3.708333333,15,1,0,0,16
247464,2,49,India,192,5,3.690721649,16,1,0,0,15
247485,1,1,Australia,1,0,1.0,1,1,0,0,1
247485,1,2,Australia,2,0,1.0,2,1,0,0,2
247485,1,3,Australia,7,1,2.333333333,3,5,1,0,7
247485,1,4,Australia,9,2,2.086956522,0,2,1,0,9
247485,1,5,Australia,23,2,4.344827586,13,15,0,0,24
247485,1,6,Australia,26,3,4.0,1,2,1,1,25
247485,1,7,Australia,31,3,4.05,4,7,0,1,31
247485,1,8,Australia,37,4,4.125,0,4,1,1,30
247485,1,9,Australia,39,4,3.888888889,2,2,0,1,30
247485,1,10,Australia,41,4,3.7,4,2,0,1,17
247485,1,11,Australia,45,4,3.727272727,8,4,0,1,19
247485,1,12,Australia,50,4,3.833333333,13,5,0,1,17
247485,1,13,Australia,54,4,3.818181818,16,4,0,1,17
247485,1,14,Australia,58,4,3.785714286,20,4,0,1,19
247485,1,15,Australia,62,4,3.8,24,4,0,1,21
247485,1,16,Australia,65,4,3.75,27,3,0,1,20
247485,1,17,Australia,67,5,3.623762376,1,2,1,1,17
247485,1,18,Australia,73,5,3.722222222,7,6,0,1,19
247485,1,19,Australia,79,5,3.842105263,13,6,0,1,21
247485,1,20,Australia,86,5,4.0,20,7,0,1,24
247485,1,21,Australia,96,5,4.285714286,30,10,0,0,31
247485,1,22,Australia,103,6,4.396946565,6,8,1,0,37
247487,1,1,New Zealand,0,0,0.0,0,0,0,0,0
247487,1,2,New Zealand,0,0,0.0,0,0,0,0,0
247487,1,3,New Zealand,8,0,2.666666667,8,8,0,0,8
247487,1,4,New Zealand,9,0,2.25,9,1,0,0,9
247487,1,5,New Zealand,14,0,2.8,14,5,0,0,14
247487,1,6,New Zealand,18,0,3.0,18,4,0,0,18
247487,1,7,New Zealand,18,0,2.571428571,18,0,0,0,18
247487,1,8,New Zealand,19,0,2.375,19,1,0,0,11
247487,1,9,New Zealand,24,0,2.666666667,24,5,0,0,15
247487,1,10,New Zealand,27,0,2.7,27,3,0,0,13
247487,1,11,New Zealand,28,0,2.545454545,28,1,0,0,10
247487,1,12,New Zealand,37,0,3.083333333,37,9,0,0,19
247487,1,13,New Zealand,39,0,3.0,39,2,0,0,20
247487,1,14,New Zealand,41,0,2.928571429,41,2,0,0,17
247487,1,15,New Zealand,45,0,3.0,45,4,0,0,18
247487,1,16,New Zealand,51,0,3.1875,51,6,0,0,23
247487,1,17,New Zealand,55,1,3.235294118,0,4,1,0,18
247487,1,18,New Zealand,61,1,3.388888889,6,6,0,0,22
247487,1,19,New Zealand,62,2,3.263157895,0,1,1,0,21
247487,1,20,New Zealand,64,2,3.2,2,2,0,0,19
247487,1,21,New Zealand,70,2,3.333333333,8,6,0,0,19
247487,1,22,New Zealand,77,2,3.5,15,7,0,0,22
247487,1,23,New Zealand,82,2,3.565217391,20,5,0,0,21
247487,1,24,New Zealand,85,2,3.541666667,23,3,0,0,23
247487,1,25,New Zealand,89,2,3.56,27,4,0,0,25
247487,1,26,New Zealand,91,2,3.5,29,2,0,0,21
247487,1,27,New Zealand,99,2,3.666666667,37,8,0,0,22
247487,1,28,New Zealand,104,2,3.714285714,42,5,0,0,22
247487,1,29,New Zealand,107,3,3.689655172,2,3,1,0,22
247487,1,30,New Zealand,109,3,3.633333333,4,2,0,0,20
247487,1,31,New Zealand,110,3,3.548387097,5,1,0,0,19
247487,1,32,New Zealand,115,3,3.581151832,9,5,0,0,16
247487,1,33,New Zealand,120,3,3.606060606,14,5,0,0,16
247487,1,34,New Zealand,122,4,3.558823529,0,2,1,0,15
247487,1,35,New Zealand,127,4,3.6,5,5,0,0,18
247487,1,36,New Zealand,127,6,3.5,0,0,2,1,17
247487,1,37,New Zealand,129,6,3.459459459,2,2,0,1,14
247487,1,38,New Zealand,129,6,3.368421053,2,0,0,1,9
247487,1,39,New Zealand,129,7,3.282051282,0,0,1,1,7
247487,1,40,New Zealand,131,7,3.25,2,2,0,1,4
247487,1,41,New Zealand,138,7,3.341463415,9,7,0,1,11
247487,1,42,New Zealand,140,7,3.30952381,11,2,0,1,11
247487,1,43,New Zealand,147,9,3.395348837,7,7,2,1,18
247487,1,44,New Zealand,153,9,3.454545455,13,6,0,1,24
247487,1,45,New Zealand,159,9,3.511111111,19,6,0,1,28
247487,1,46,New Zealand,164,9,3.543478261,24,5,0,1,26
247487,1,47,New Zealand,169,9,3.565836299,28,6,0,1,30
247487,1,48,New Zealand,173,9,3.5625,32,3,0,1,26
247487,1,49,New Zealand,174,10,3.546391753,0,1,1,1,21
247490,1,1,South Africa,0,0,0.0,0,0,0,0,0
247490,1,2,South Africa,5,0,2.181818182,4,9,0,0,9
247490,1,3,South Africa,12,0,3.529411765,10,3,0,0,12
247490,1,4,South Africa,12,0,2.5,10,0,0,0,12
247490,1,5,South Africa,13,0,2.2,11,1,0,0,13
247490,1,6,South Africa,18,0,2.666666667,16,5,0,0,18
247490,1,7,South Africa,23,0,2.926829268,20,5,0,0,14
247490,1,8,South Africa,29,0,3.25,26,6,0,0,17
247490,1,9,South Africa,34,0,3.444444444,31,5,0,0,22
247490,1,10,South Africa,36,0,3.3,33,2,0,0,23
247490,1,11,South Africa,37,0,3.090909091,34,1,0,0,19
247490,1,12,South Africa,40,0,3.083333333,37,3,0,0,17
247490,1,13,South Africa,42,0,3.0,39,2,0,0,13
247490,1,14,South Africa,42,1,2.785714286,0,0,1,0,8
247490,1,15,South Africa,47,1,2.933333333,5,5,0,0,11
247490,1,16,South Africa,51,1,3.0,9,4,0,0,14
247490,1,17,South Africa,55,1,2.910891089,10,8,0,0,19
247490,1,18,South Africa,61,2,3.028037383,1,3,1,0,20
247490,1,19,South Africa,65,2,2.973451327,3,3,0,0,23
247490,1,20,South Africa,73,3,3.2,4,8,1,1,26
247490,1,21,South Africa,74,3,3.095238095,5,1,0,1,23
247490,1,22,South Africa,79,3,3.092307692,7,5,0,1,20
247490,1,23,South Africa,84,3,3.130434783,12,5,0,1,22
247490,1,24,South Africa,85,4,3.020979021,0,3,1,1,22
247490,1,25,South Africa,91,4,3.040540541,3,5,0,1,19
247490,1,26,South Africa,94,4,2.980645161,5,4,0,1,22
247490,1,27,South Africa,100,4,3.074074074,11,4,0,1,21
247490,1,28,South Africa,102,4,3.035714286,13,2,0,1,18
247490,1,29,South Africa,105,4,3.01734104,15,7,0,1,22
247490,1,30,South Africa,117,4,3.3,27,8,0,1,25
247490,1,31,South Africa,119,4,3.258064516,29,2,0,0,23
247490,1,32,South Africa,125,4,3.34375,35,6,0,0,25
247490,1,33,South Africa,128,4,3.333333333,38,3,0,0,26
247490,1,34,South Africa,136,4,3.470588235,46,8,0,0,27
247490,1,35,South Africa,139,4,3.457142857,49,3,0,0,22
247490,1,36,South Africa,152,4,3.722222222,62,13,0,0,33
247490,1,37,South Africa,158,4,3.783783784,68,6,0,0,33
247490,1,38,South Africa,160,5,3.736842105,0,2,1,0,32
247490,1,39,South Africa,167,5,3.820512821,7,7,0,0,31
247490,1,40,South Africa,170,5,3.790794979,9,4,0,0,32
247490,1,41,South Africa,174,5,3.780487805,13,3,0,0,22
247490,1,42,South Africa,179,5,3.80952381,18,5,0,0,21
247490,1,43,South Africa,181,6,3.758754864,1,2,1,0,21
247490,1,44,South Africa,196,6,4.0,16,15,0,0,29
247490,1,45,South Africa,208,6,4.177777778,28,12,0,0,37
247490,1,46,South Africa,221,6,4.369565217,41,13,0,0,47
247490,1,47,South Africa,233,6,4.531914894,53,12,0,0,54
247490,1,48,South Africa,239,7,4.5625,6,6,1,0,58
247490,1,49,South Africa,248,7,4.653061224,15,9,0,0,52
247490,1,50,South Africa,251,8,4.62,3,3,1,0,43
247498,2,1,Ireland,6,0,1.2,1,6,0,0,6
247498,2,2,Ireland,7,0,0.545454545,1,1,0,0,7
247498,2,3,Ireland,11,0,1.666666667,5,4,0,0,11
247498,2,4,Ireland,13,0,1.75,7,2,0,0,13
247498,2,5,Ireland,15,0,1.5,7,5,0,0,18
247498,2,6,Ireland,18,0,1.5,9,0,0,0,12
247498,2,7,Ireland,19,1,1.428571429,1,1,1,0,12
247498,2,8,Ireland,23,1,1.75,5,4,0,0,12
247498,2,9,Ireland,38,1,3.115384615,18,18,0,0,28
247498,2,10,Ireland,45,1,3.3,24,4,0,0,27
247498,2,11,Ireland,46,2,3.090909091,1,1,1,0,28
247498,2,12,Ireland,47,2,2.916666667,2,1,0,0,28
247498,2,13,Ireland,48,3,2.769230769,0,1,1,1,25
247498,2,14,Ireland,53,3,2.928571429,5,5,0,1,12
247498,2,15,Ireland,61,3,3.266666667,13,8,0,1,16
247498,2,16,Ireland,67,3,3.4375,19,6,0,1,21
247498,2,17,Ireland,77,3,3.823529412,29,10,0,0,30
247498,2,18,Ireland,85,3,4.055555556,37,8,0,0,37
247498,2,19,Ireland,88,3,4.0,40,3,0,0,35
247498,2,20,Ireland,93,4,4.05,0,5,1,0,32
247498,2,21,Ireland,98,4,4.095238095,5,5,0,0,31
247498,2,22,Ireland,102,4,4.061538462,7,4,1,0,25
247498,2,23,Ireland,103,5,3.869565217,1,1,0,0,18
247498,2,24,Ireland,104,5,3.75,2,1,0,0,16
247498,2,25,Ireland,105,5,3.64,3,1,0,0,12
247498,2,26,Ireland,108,5,3.615384615,6,3,0,0,10
247498,2,27,Ireland,110,5,3.555555556,8,2,0,0,8
247498,2,28,Ireland,114,5,3.571428571,12,4,0,0,11
247498,2,29,Ireland,119,5,3.620689655,17,5,0,0,15
247498,2,30,Ireland,122,5,3.6,20,3,0,0,17
247498,2,31,Ireland,133,6,3.838709677,2,11,1,1,25
247498,2,32,Ireland,136,7,3.8125,2,3,1,1,26
247498,2,33,Ireland,138,7,3.757575758,4,2,0,1,24
247498,2,34,Ireland,139,8,3.676470588,1,1,1,1,20
247498,2,35,Ireland,140,8,3.6,2,1,0,1,18
247498,2,36,Ireland,144,8,3.611111111,6,4,0,1,11
247498,2,37,Ireland,149,8,3.648648649,11,5,0,1,13
247498,2,38,Ireland,156,8,3.726872247,17,8,0,1,19
247498,2,39,Ireland,160,8,3.692307692,20,3,0,1,21
247498,2,40,Ireland,164,8,3.690376569,23,9,0,1,29
247498,2,41,Ireland,169,9,3.682926829,0,0,1,1,25
247498,2,42,Ireland,169,10,3.653225806,0,0,1,1,20
247502,2,1,West Indies,1,0,1.0,1,1,0,0,1
247502,2,2,West Indies,2,0,0.545454545,1,1,0,0,2
247502,2,3,West Indies,3,0,0.666666667,2,1,0,0,3
247502,2,4,West Indies,4,0,0.75,3,1,0,0,4
247502,2,5,West Indies,4,0,0.6,3,0,0,0,4
247502,2,6,West Indies,8,0,1.028571429,6,8,0,0,11
247502,2,7,West Indies,15,1,1.756097561,2,3,1,0,13
247502,2,8,West Indies,17,1,1.75,4,2,0,0,14
247502,2,9,West Indies,21,2,2.0,0,4,1,0,17
247502,2,10,West Indies,22,2,1.9,1,1,0,0,18
247502,2,11,West Indies,23,3,1.818181818,0,1,1,1,11
247502,2,12,West Indies,28,3,2.083333333,5,5,0,1,13
247502,2,13,West Indies,29,3,2.0,6,1,0,1,12
247502,2,14,West Indies,31,3,2.0,8,2,0,1,10
247502,2,15,West Indies,34,4,2.066666667,0,3,1,1,12
247502,2,16,West Indies,35,4,2.0,1,1,0,1,12
247502,2,17,West Indies,38,5,1.98,1,4,1,1,11
247502,2,18,West Indies,45,5,2.222222222,8,6,0,1,16
247502,2,19,West Indies,48,5,2.263157895,11,3,0,1,17
247502,2,20,West Indies,48,5,2.15,11,0,0,1,14
247502,2,21,West Indies,53,6,2.285714286,1,5,1,1,18
247502,2,22,West Indies,61,6,2.492307692,7,8,0,1,22
247502,2,23,West Indies,68,6,2.652173913,14,7,0,1,23
247502,2,24,West Indies,73,6,2.75,19,5,0,1,25
247502,2,25,West Indies,78,6,2.84,24,5,0,1,30
247502,2,26,West Indies,78,6,2.730769231,24,0,0,1,25
247502,2,27,West Indies,81,6,2.720496894,26,4,0,1,21
247502,2,28,West Indies,85,6,2.75,30,3,0,1,17
247502,2,29,West Indies,88,6,2.75862069,33,3,0,1,15
247502,2,30,West Indies,90,6,2.733333333,35,2,0,1,12
247502,2,31,West Indies,93,6,2.741935484,38,3,0,1,15
247502,2,32,West Indies,95,6,2.71875,40,2,0,1,13
247502,2,33,West Indies,100,6,2.787878788,45,5,0,1,15
247502,2,34,West Indies,108,6,2.941176471,53,8,0,1,20
247502,2,35,West Indies,110,6,2.899521531,54,2,1,1,20
247502,2,36,West Indies,111,8,2.833333333,0,1,1,1,18
247502,2,37,West Indies,112,8,2.783783784,1,1,0,1,17
247502,2,38,West Indies,114,8,2.763157895,3,2,0,1,14
247502,2,39,West Indies,114,9,2.692307692,0,0,1,1,6
247502,2,40,West Indies,121,9,2.8,7,7,0,1,11
247502,2,41,West Indies,126,9,2.853658537,12,5,0,1,15
247502,2,42,West Indies,129,9,2.857142857,15,3,0,1,17
247502,2,43,West Indies,131,9,2.837209302,17,2,0,1,17
247502,2,44,West Indies,131,10,2.783269962,0,0,1,1,17
249378,2,1,Kenya,0,0,0.0,0,0,0,0,0
249378,2,2,Kenya,2,0,0.545454545,1,2,0,0,2
249378,2,3,Kenya,6,0,1.666666667,5,4,0,0,6
249378,2,4,Kenya,8,0,1.75,7,2,0,0,8
249378,2,5,Kenya,11,1,1.862068966,0,3,1,0,11
249378,2,6,Kenya,17,1,2.4,5,7,0,0,18
249378,2,7,Kenya,23,1,2.857142857,11,5,0,0,21
249378,2,8,Kenya,27,2,3.0,0,4,1,0,21
249378,2,9,Kenya,34,2,2.943396226,2,7,0,0,26
249378,2,10,Kenya,38,2,2.949152542,5,4,0,0,27
249378,2,11,Kenya,42,2,3.0,9,4,0,0,24
249378,2,12,Kenya,47,2,3.166666667,14,5,0,0,24
249378,2,13,Kenya,49,2,3.076923077,16,2,0,0,22
249378,2,14,Kenya,54,2,3.214285714,21,5,0,0,20
249378,2,15,Kenya,58,2,3.266666667,25,4,0,0,20
249378,2,16,Kenya,69,3,3.726315789,10,11,1,0,27
249378,2,17,Kenya,74,3,3.764705882,15,5,0,0,27
249378,2,18,Kenya,79,3,3.833333333,20,5,0,0,30
249378,2,19,Kenya,83,3,3.842105263,24,4,0,0,29
249378,2,20,Kenya,95,3,4.25,36,12,0,0,37
249378,2,21,Kenya,98,4,4.19047619,1,3,1,0,29
249378,2,22,Kenya,100,4,4.076335878,2,3,0,0,27
249378,2,23,Kenya,106,4,4.086956522,7,5,0,0,27
249378,2,24,Kenya,111,4,4.125,12,5,0,0,28
249378,2,25,Kenya,112,4,4.0,13,1,0,0,17
249378,2,26,Kenya,120,4,4.153846154,21,8,0,0,22
249378,2,27,Kenya,132,4,4.444444444,33,12,0,0,31
249378,2,28,Kenya,142,4,4.642857143,43,10,0,0,36
249378,2,29,Kenya,154,4,4.896551724,55,12,0,0,43
249378,2,30,Kenya,166,4,4.994413408,62,12,0,0,54
249378,2,31,Kenya,170,4,5.071823204,66,4,0,0,50
249380,2,1,Kenya,4,0,1.2,1,4,0,0,4
249380,2,2,Kenya,4,0,0.5,1,0,0,0,4
249380,2,3,Kenya,6,0,1.0,3,2,0,0,6
249380,2,4,Kenya,14,0,2.75,11,8,0,0,14
249380,2,5,Kenya,23,0,4.0,20,9,0,0,23
249380,2,6,Kenya,34,0,5.142857143,30,15,0,0,34
249380,2,7,Kenya,39,1,5.0,1,1,1,0,35
249380,2,8,Kenya,43,2,4.875,0,4,1,0,37
249380,2,9,Kenya,45,2,4.41509434,0,2,0,0,31
249380,2,10,Kenya,45,3,3.9,0,0,1,1,22
249380,2,11,Kenya,47,3,3.692307692,1,3,0,1,10
249380,2,12,Kenya,53,3,3.833333333,7,5,0,1,14
249380,2,13,Kenya,55,4,3.692307692,0,2,1,1,12
249380,2,14,Kenya,55,4,3.428571429,0,0,0,1,10
249380,2,15,Kenya,56,4,3.235955056,0,1,0,1,11
249380,2,16,Kenya,60,4,3.221052632,3,4,0,1,12
249380,2,17,Kenya,66,4,3.352941176,9,6,0,1,13
249380,2,18,Kenya,66,4,3.166666667,9,0,0,1,11
249380,2,19,Kenya,67,4,3.026548673,9,1,0,1,12
249380,2,20,Kenya,68,4,2.87394958,9,1,0,1,12
249380,2,21,Kenya,68,4,2.714285714,9,0,0,1,8
249380,2,22,Kenya,70,4,2.65648855,10,2,0,1,4
249380,2,23,Kenya,74,4,2.695652174,14,4,0,1,8
249380,2,24,Kenya,78,4,2.727272727,17,8,0,1,15
249380,2,25,Kenya,86,4,2.92,25,4,0,1,18
249380,2,26,Kenya,108,4,3.653846154,47,22,0,1,40
249380,2,27,Kenya,120,4,3.962962963,59,12,0,0,50
249739,2,1,Sri Lanka,6,0,1.2,1,8,0,0,8
249739,2,2,Sri Lanka,10,0,2.0,4,2,0,0,10
249739,2,3,Sri Lanka,10,0,1.333333333,4,0,0,0,10
249739,2,4,Sri Lanka,14,0,2.0,8,4,0,0,14
249739,2,5,Sri Lanka,19,0,2.6,13,5,0,0,19
249739,2,6,Sri Lanka,19,0,2.166666667,13,0,0,0,11
249739,2,7,Sri Lanka,21,0,2.142857143,15,2,0,0,11
249739,2,8,Sri Lanka,22,0,2.0,16,1,0,0,12
249739,2,9,Sri Lanka,22,1,1.777777778,0,0,1,0,8
249739,2,10,Sri Lanka,26,1,1.789473684,1,6,0,0,9
249739,2,11,Sri Lanka,38,1,2.636363636,13,10,0,0,19
249739,2,12,Sri Lanka,48,1,3.171428571,21,11,0,0,28
249739,2,13,Sri Lanka,52,1,3.076923077,24,3,0,0,30
249739,2,14,Sri Lanka,55,2,2.963855422,0,3,1,0,33
249739,2,15,Sri Lanka,60,2,3.066666667,5,5,0,0,32
249739,2,16,Sri Lanka,76,2,3.726315789,18,16,0,0,38
249739,2,17,Sri Lanka,77,2,3.529411765,19,1,0,0,28
249739,2,18,Sri Lanka,78,2,3.388888889,20,1,0,0,26
249739,2,19,Sri Lanka,79,4,3.263157895,1,1,2,1,24
249739,2,20,Sri Lanka,80,4,3.15,2,1,0,1,20
249739,2,21,Sri Lanka,91,4,3.523809524,13,11,0,1,15
249739,2,22,Sri Lanka,96,4,3.590909091,18,5,0,1,19
249739,2,23,Sri Lanka,110,4,4.043478261,32,14,0,1,32
249739,2,24,Sri Lanka,115,4,4.06993007,36,6,0,0,37
249739,2,25,Sri Lanka,124,4,4.24,45,8,0,0,44
249739,2,26,Sri Lanka,129,4,4.258064516,49,6,0,0,39
249739,2,27,Sri Lanka,139,4,4.275,53,9,0,0,43
249739,2,28,Sri Lanka,141,5,4.142857143,0,2,1,0,31
249739,2,29,Sri Lanka,146,5,4.161849711,4,6,0,0,31
249739,2,30,Sri Lanka,154,5,4.266666667,12,7,0,0,30
249739,2,31,Sri Lanka,157,6,4.225806452,2,3,1,0,27
249739,2,32,Sri Lanka,160,6,4.1875,5,3,0,0,21
249739,2,33,Sri Lanka,164,6,4.181818182,9,4,0,0,23
249739,2,34,Sri Lanka,168,6,4.176470588,13,4,0,0,21
249739,2,35,Sri Lanka,173,6,4.2,18,5,0,0,19
249739,2,36,Sri Lanka,176,6,4.158139535,20,4,0,0,20
249739,2,37,Sri Lanka,180,7,4.135135135,3,3,1,1,20
249739,2,38,Sri Lanka,188,7,4.236842105,11,8,0,1,24
249739,2,39,Sri Lanka,190,7,4.179487179,13,2,0,1,22
249739,2,40,Sri Lanka,191,7,4.092050209,13,1,0,1,18
249739,2,41,Sri Lanka,201,7,4.219512195,23,10,0,1,24
249739,2,42,Sri Lanka,206,7,4.231075697,27,5,0,1,26
249739,2,43,Sri Lanka,219,7,4.418604651,40,13,0,1,31
249739,2,44,Sri Lanka,222,7,4.386363636,43,3,0,0,32
249739,2,45,Sri Lanka,226,8,4.377777778,0,4,1,0,35
249739,2,46,Sri Lanka,228,8,4.326086957,2,2,0,0,27
249739,2,47,Sri Lanka,233,8,4.334519573,6,6,0,0,28
249739,2,48,Sri Lanka,245,8,4.479166667,18,11,0,0,26
249739,2,49,Sri Lanka,257,8,4.632653061,30,12,0,0,35
249739,2,50,Sri Lanka,265,9,4.7,1,8,1,0,39
249742,1,1,West Indies,4,0,4.0,4,4,0,0,4
249742,1,2,West Indies,7,0,3.5,7,3,0,0,7
249742,1,3,West Indies,10,0,3.176470588,9,3,0,0,10
249742,1,4,West Indies,10,0,2.25,9,0,0,0,10
249742,1,5,West Indies,14,1,2.6,4,4,1,0,14
249742,1,6,West Indies,16,1,2.5,6,2,0,0,12
249742,1,7,West Indies,30,1,4.142857143,20,14,0,0,23
249742,1,8,West Indies,34,1,4.125,24,4,0,0,24
249742,1,9,West Indies,35,1,3.735849057,24,7,0,0,31
249742,1,10,West Indies,48,1,4.6,37,7,0,0,34
249742,1,11,West Indies,49,1,4.272727273,38,1,0,0,33
249742,1,12,West Indies,52,1,4.166666667,41,3,0,0,22
249742,1,13,West Indies,56,1,4.153846154,45,4,0,0,22
249742,1,14,West Indies,62,1,4.285714286,51,6,0,0,21
249742,1,15,West Indies,71,1,4.6,60,9,0,0,23
249742,1,16,West Indies,73,1,4.4375,62,2,0,0,24
249742,1,17,West Indies,77,1,4.411764706,66,4,0,0,25
249742,1,18,West Indies,81,1,4.388888889,70,4,0,0,25
249742,1,19,West Indies,91,1,4.684210526,80,10,0,0,29
249742,1,20,West Indies,95,2,4.65,0,4,1,0,24
249742,1,21,West Indies,97,4,4.512,0,2,2,1,24
249742,1,22,West Indies,102,4,4.5,5,5,0,1,25
249742,1,23,West Indies,105,4,4.434782609,8,3,0,1,24
249742,1,24,West Indies,107,5,4.333333333,0,2,1,1,16
249742,1,25,West Indies,110,5,4.28,3,3,0,1,15
249742,1,26,West Indies,111,5,4.153846154,4,1,0,1,14
249742,1,27,West Indies,112,6,4.037037037,1,1,1,1,10
249742,1,28,West Indies,118,6,4.107142857,7,6,0,1,13
249742,1,29,West Indies,119,6,4.0,8,1,0,1,12
249742,1,30,West Indies,123,6,4.0,12,4,0,1,13
249742,1,31,West Indies,125,6,3.924324324,13,2,0,1,14
249742,1,32,West Indies,128,7,3.875,3,3,1,1,16
249742,1,33,West Indies,129,7,3.787878788,4,1,0,1,11
249742,1,34,West Indies,132,7,3.764705882,7,3,0,1,13
249742,1,35,West Indies,133,8,3.685714286,1,1,1,1,10
249742,1,36,West Indies,139,8,3.75,7,6,0,1,14
249742,1,37,West Indies,142,8,3.72972973,10,3,0,1,14
249742,1,38,West Indies,147,8,3.763157895,15,5,0,1,18
249742,1,39,West Indies,149,8,3.708154506,16,2,0,1,17
249742,1,40,West Indies,150,8,3.625,17,1,0,1,17
249742,1,41,West Indies,151,9,3.56097561,0,1,1,1,12
249742,1,42,West Indies,152,9,3.5,1,1,0,1,10
249742,1,43,West Indies,153,9,3.441860465,2,1,0,1,6
249742,1,44,West Indies,155,9,3.409090909,4,2,0,1,6
249742,1,45,West Indies,157,9,3.377777778,6,2,0,1,7
249742,1,46,West Indies,161,9,3.391304348,10,4,0,1,10
249742,1,47,West Indies,161,10,3.35483871,0,0,1,1,9
249743,1,1,Zimbabwe,0,0,0.0,0,0,0,0,0
249743,1,2,Zimbabwe,0,0,0.0,0,0,0,0,0
249743,1,3,Zimbabwe,7,0,2.117647059,6,7,0,0,7
249743,1,4,Zimbabwe,9,0,1.636363636,6,2,0,0,9
249743,1,5,Zimbabwe,9,1,1.2,0,0,1,0,9
249743,1,6,Zimbabwe,12,1,1.371428571,2,3,0,0,12
249743,1,7,Zimbabwe,12,1,1.142857143,2,0,0,0,12
249743,1,8,Zimbabwe,22,1,2.25,12,10,0,0,15
249743,1,9,Zimbabwe,26,1,2.377358491,15,4,0,0,17
249743,1,10,Zimbabwe,29,2,2.4,3,3,1,0,20
249743,1,11,Zimbabwe,35,2,2.727272727,9,6,0,0,23
249743,1,12,Zimbabwe,40,2,2.873239437,13,5,0,0,28
249743,1,13,Zimbabwe,51,2,3.394736842,22,11,0,0,29
249743,1,14,Zimbabwe,53,2,3.214285714,24,2,0,0,27
249743,1,15,Zimbabwe,56,2,3.2,27,3,0,0,27
249743,1,16,Zimbabwe,60,2,3.25,31,4,0,0,25
249743,1,17,Zimbabwe,65,2,3.352941176,36,5,0,0,25
249743,1,18,Zimbabwe,66,2,3.222222222,37,1,0,0,15
249743,1,19,Zimbabwe,67,2,3.105263158,38,1,0,0,14
249743,1,20,Zimbabwe,73,2,3.25,44,6,0,0,17
249743,1,21,Zimbabwe,76,2,3.238095238,47,3,0,0,16
249743,1,22,Zimbabwe,81,2,3.318181818,52,5,0,0,16
249743,1,23,Zimbabwe,81,2,3.173913043,52,0,0,0,15
249743,1,24,Zimbabwe,83,2,3.125,54,2,0,0,16
249743,1,25,Zimbabwe,90,2,3.28,61,7,0,0,17
249743,1,26,Zimbabwe,93,2,3.269230769,64,3,0,0,17
249743,1,27,Zimbabwe,98,2,3.333333333,69,5,0,0,17
249743,1,28,Zimbabwe,102,2,3.357142857,73,4,0,0,21
249743,1,29,Zimbabwe,106,2,3.379310345,77,4,0,0,23
249743,1,30,Zimbabwe,110,3,3.38547486,1,4,1,0,20
249743,1,31,Zimbabwe,112,3,3.322580645,3,2,0,0,19
249743,1,32,Zimbabwe,119,3,3.4375,10,7,0,0,21
249743,1,33,Zimbabwe,128,3,3.606060606,19,9,0,0,26
249743,1,34,Zimbabwe,129,3,3.529411765,20,1,0,0,23
249743,1,35,Zimbabwe,135,3,3.6,26,6,0,0,25
249743,1,36,Zimbabwe,137,3,3.555555556,28,2,0,0,25
249743,1,37,Zimbabwe,143,3,3.621621622,34,6,0,0,24
249743,1,38,Zimbabwe,147,3,3.631578947,38,4,0,0,19
249743,1,39,Zimbabwe,156,3,3.769230769,47,9,0,0,27
249743,1,40,Zimbabwe,161,3,3.8,52,5,0,0,26
249743,1,41,Zimbabwe,173,3,4.0,64,12,0,0,36
249743,1,42,Zimbabwe,182,3,4.119047619,73,9,0,0,39
249743,1,43,Zimbabwe,188,3,4.162790698,79,6,0,0,41
249743,1,44,Zimbabwe,189,4,4.090909091,0,1,1,0,33
249743,1,45,Zimbabwe,198,5,4.2,2,9,1,0,37
249743,1,46,Zimbabwe,206,5,4.282608696,10,8,0,0,33
249743,1,47,Zimbabwe,212,6,4.319148936,2,6,1,1,30
249743,1,48,Zimbabwe,218,6,4.354166667,8,6,0,1,30
249743,1,49,Zimbabwe,223,6,4.367346939,13,5,0,1,34
249743,1,50,Zimbabwe,231,6,4.44,21,8,0,1,33
264068,2,1,Zimbabwe,1,0,1.0,1,1,0,0,1
264068,2,2,Zimbabwe,3,0,0.6,1,3,0,0,4
264068,2,3,Zimbabwe,6,0,1.333333333,4,2,0,0,6
264068,2,4,Zimbabwe,9,0,1.75,7,3,0,0,9
264068,2,5,Zimbabwe,16,0,2.482758621,12,7,0,0,16
264068,2,6,Zimbabwe,24,0,3.257142857,19,9,0,0,24
264068,2,7,Zimbabwe,27,0,3.142857143,22,2,0,0,23
264068,2,8,Zimbabwe,37,0,4.0,32,10,0,0,31
264068,2,9,Zimbabwe,43,0,4.222222222,38,6,0,0,34
264068,2,10,Zimbabwe,46,0,4.1,41,3,0,0,30
264068,2,11,Zimbabwe,59,0,4.892307692,53,13,0,0,34
264068,2,12,Zimbabwe,61,0,4.583333333,55,2,0,0,34
264068,2,13,Zimbabwe,62,0,4.307692308,56,1,0,0,25
264068,2,14,Zimbabwe,73,0,4.481927711,62,12,0,0,31
264068,2,15,Zimbabwe,77,0,4.4,66,3,0,0,31
264068,2,16,Zimbabwe,82,0,4.4375,71,5,0,0,23
264068,2,17,Zimbabwe,91,0,4.705882353,80,9,0,0,30
264068,2,18,Zimbabwe,97,0,4.76635514,85,6,0,0,35
264068,2,19,Zimbabwe,98,0,4.526315789,86,1,0,0,24
264068,2,20,Zimbabwe,103,0,4.55,91,5,0,0,26
264068,2,21,Zimbabwe,104,0,4.380952381,92,1,0,0,22
264068,2,22,Zimbabwe,109,1,4.409090909,5,6,1,0,19
264068,2,23,Zimbabwe,112,1,4.316546763,8,2,0,0,15
264068,2,24,Zimbabwe,117,1,4.344827586,13,5,0,0,19
264068,2,25,Zimbabwe,123,1,4.410596026,19,6,0,0,20
264068,2,26,Zimbabwe,127,2,4.394904459,1,4,1,0,23
264068,2,27,Zimbabwe,133,2,4.45398773,7,6,0,0,23
264068,2,28,Zimbabwe,140,2,4.544378698,14,7,0,0,28
264068,2,29,Zimbabwe,145,2,4.56,19,5,0,0,28
264068,2,30,Zimbabwe,148,2,4.508287293,22,3,0,0,25
264068,2,31,Zimbabwe,152,2,4.49197861,26,4,0,0,25
264068,2,32,Zimbabwe,163,2,4.6875,36,12,0,0,31
264068,2,33,Zimbabwe,167,2,4.64321608,40,3,0,0,27
264068,2,34,Zimbabwe,175,2,4.741463415,48,8,0,0,30
264068,2,35,Zimbabwe,181,3,4.777251185,6,6,1,0,33
264068,2,36,Zimbabwe,184,3,4.728110599,9,3,0,0,32
264068,2,37,Zimbabwe,185,3,4.627802691,10,1,0,0,21
264068,2,38,Zimbabwe,192,3,4.689956332,17,7,0,0,25
264068,2,39,Zimbabwe,198,3,4.723404255,23,6,0,0,23
264068,2,40,Zimbabwe,203,4,4.730290456,5,5,1,0,22
264068,2,41,Zimbabwe,208,4,4.731707317,9,5,0,0,24
264068,2,42,Zimbabwe,216,4,4.790513834,17,8,0,0,31
264068,2,43,Zimbabwe,218,4,4.762645914,19,2,0,0,26
264069,1,1,Zimbabwe,10,0,6.0,4,10,0,0,10
264069,1,2,Zimbabwe,16,0,4.909090909,9,6,0,0,16
264069,1,3,Zimbabwe,23,0,5.333333333,16,7,0,0,23
264069,1,4,Zimbabwe,32,0,6.25,25,9,0,0,32
264069,1,5,Zimbabwe,36,0,5.8,29,4,0,0,36
264069,1,6,Zimbabwe,40,0,5.485714286,32,6,0,0,32
264069,1,7,Zimbabwe,48,0,5.714285714,40,6,0,0,32
264069,1,8,Zimbabwe,55,0,5.872340426,46,7,0,0,32
264069,1,9,Zimbabwe,60,0,5.666666667,51,5,0,0,28
264069,1,10,Zimbabwe,64,1,5.5,0,4,1,0,28
264069,1,11,Zimbabwe,69,1,5.454545455,5,5,0,0,27
264069,1,12,Zimbabwe,69,1,5.0,5,0,0,0,21
264069,1,13,Zimbabwe,73,1,4.923076923,9,4,0,0,18
264069,1,14,Zimbabwe,74,1,4.642857143,10,1,0,0,14
264069,1,15,Zimbabwe,84,1,4.921348315,18,10,0,0,20
264069,1,16,Zimbabwe,85,2,4.625,0,1,1,0,16
264069,1,17,Zimbabwe,89,2,4.588235294,4,4,0,0,20
264069,1,18,Zimbabwe,90,2,4.388888889,5,1,0,0,17
264069,1,19,Zimbabwe,97,2,4.285714286,6,7,0,0,23
264069,1,20,Zimbabwe,100,2,4.15,9,3,0,0,16
264069,1,21,Zimbabwe,104,2,4.142857143,13,4,0,0,19
264069,1,22,Zimbabwe,107,2,4.090909091,16,3,0,0,18
264069,1,23,Zimbabwe,111,2,4.086956522,20,4,0,0,21
264069,1,24,Zimbabwe,112,2,3.958333333,21,1,0,0,15
264069,1,25,Zimbabwe,113,3,3.84,0,1,1,0,13
264069,1,26,Zimbabwe,116,3,3.807692308,3,3,0,0,12
264069,1,27,Zimbabwe,119,3,3.777777778,6,3,0,0,12
264069,1,28,Zimbabwe,122,3,3.75,9,3,0,0,11
264069,1,29,Zimbabwe,123,4,3.655172414,0,1,1,1,11
264069,1,30,Zimbabwe,125,4,3.6,2,2,0,1,12
264069,1,31,Zimbabwe,127,4,3.548387097,4,2,0,1,11
264069,1,32,Zimbabwe,135,4,3.6875,12,8,0,1,16
264069,1,33,Zimbabwe,138,5,3.666666667,0,3,1,1,16
264069,1,34,Zimbabwe,139,5,3.588235294,1,1,0,1,16
264069,1,35,Zimbabwe,144,5,3.628571429,6,5,0,1,19
264069,1,36,Zimbabwe,147,5,3.611111111,9,3,0,1,20
264069,1,37,Zimbabwe,149,5,3.567567568,11,2,0,1,14
264069,1,38,Zimbabwe,154,5,3.605263158,16,5,0,1,16
264069,1,39,Zimbabwe,158,5,3.615384615,20,4,0,1,19
264069,1,40,Zimbabwe,161,5,3.6,23,3,0,1,17
264069,1,41,Zimbabwe,164,5,3.585365854,26,3,0,1,17
264069,1,42,Zimbabwe,169,5,3.6,29,5,1,1,20
264069,1,43,Zimbabwe,173,6,3.581395349,4,4,0,1,19
264069,1,44,Zimbabwe,179,7,3.636363636,0,6,1,1,21
264069,1,45,Zimbabwe,184,7,3.666666667,5,5,0,1,23
264069,1,46,Zimbabwe,191,8,3.730909091,6,8,1,1,28
264069,1,47,Zimbabwe,197,8,3.765957447,12,5,0,1,28
264069,1,48,Zimbabwe,204,9,3.825783972,1,8,1,1,32
264069,1,49,Zimbabwe,218,9,4.013651877,14,14,0,1,40
264069,1,50,Zimbabwe,220,10,4.013513514,0,1,1,1,36
264070,2,1,Zimbabwe,1,0,1.0,1,1,0,0,1
264070,2,2,Zimbabwe,1,0,0.5,1,0,0,0,1
264070,2,3,Zimbabwe,3,0,0.705882353,2,8,0,0,9
264070,2,4,Zimbabwe,18,0,3.0,12,9,0,0,18
264070,2,5,Zimbabwe,23,0,3.310344828,16,5,0,0,23
264070,2,6,Zimbabwe,36,0,4.833333333,29,13,0,0,35
264070,2,7,Zimbabwe,39,0,4.571428571,32,3,0,0,38
264070,2,8,Zimbabwe,43,1,4.5,0,4,1,0,34
264070,2,9,Zimbabwe,51,1,4.867924528,7,8,0,0,33
264070,2,10,Zimbabwe,52,1,4.4,8,1,0,0,29
264070,2,11,Zimbabwe,58,1,4.523076923,13,6,0,0,22
264070,2,12,Zimbabwe,63,2,4.5,1,5,1,0,24
264070,2,13,Zimbabwe,67,2,4.461538462,5,4,0,0,24
264070,2,14,Zimbabwe,69,2,4.285714286,7,2,0,0,18
264070,2,15,Zimbabwe,74,2,4.333333333,12,5,0,0,22
264070,2,16,Zimbabwe,75,2,4.125,13,1,0,0,17
264070,2,17,Zimbabwe,77,2,4.0,15,2,0,0,14
264070,2,18,Zimbabwe,81,2,4.0,19,4,0,0,14
264070,2,19,Zimbabwe,83,2,3.894736842,21,2,0,0,14
264070,2,20,Zimbabwe,86,2,3.85,24,3,0,0,12
264070,2,21,Zimbabwe,88,2,3.761904762,26,2,0,0,13
264070,2,22,Zimbabwe,93,2,3.755725191,29,5,0,0,16
264070,2,23,Zimbabwe,97,2,3.739130435,33,4,0,0,16
264070,2,24,Zimbabwe,100,2,3.708333333,36,3,0,0,17
264070,2,25,Zimbabwe,101,2,3.6,37,1,0,0,15
264070,2,26,Zimbabwe,103,2,3.538461538,39,2,0,0,15
264070,2,27,Zimbabwe,106,2,3.518518519,42,3,0,0,13
264070,2,28,Zimbabwe,112,2,3.607142857,48,6,0,0,15
264070,2,29,Zimbabwe,117,2,3.655172414,53,5,0,0,17
264070,2,30,Zimbabwe,125,2,3.8,61,8,0,0,24
264070,2,31,Zimbabwe,134,2,3.967741935,70,9,0,0,31
264070,2,32,Zimbabwe,145,2,4.1875,81,11,0,0,39
264070,2,33,Zimbabwe,147,2,4.206185567,83,2,0,0,35
264071,2,1,Zimbabwe,5,0,5.0,5,5,0,0,5
264071,2,2,Zimbabwe,9,0,4.5,9,4,0,0,9
264071,2,3,Zimbabwe,10,0,3.176470588,9,1,0,0,10
264071,2,4,Zimbabwe,13,0,2.869565217,11,3,0,0,13
264071,2,5,Zimbabwe,18,0,3.2,16,5,0,0,18
264071,2,6,Zimbabwe,23,0,3.5,21,5,0,0,18
264071,2,7,Zimbabwe,30,0,3.846153846,25,9,0,0,23
264071,2,8,Zimbabwe,40,0,4.375,35,8,0,0,30
264071,2,9,Zimbabwe,41,0,4.0,36,1,0,0,28
264071,2,10,Zimbabwe,42,0,3.7,37,1,0,0,24
264071,2,11,Zimbabwe,44,0,3.507692308,38,2,0,0,21
264071,2,12,Zimbabwe,46,0,3.295774648,39,6,0,0,18
264071,2,13,Zimbabwe,61,0,4.153846154,54,11,0,0,21
264071,2,14,Zimbabwe,61,0,3.857142857,54,0,0,0,20
264071,2,15,Zimbabwe,62,0,3.640449438,54,2,0,0,21
264071,2,16,Zimbabwe,68,0,3.75,60,5,0,0,24
264071,2,17,Zimbabwe,78,0,4.117647059,70,10,0,0,28
264071,2,18,Zimbabwe,80,0,3.981308411,71,2,0,0,19
264071,2,19,Zimbabwe,86,0,4.017857143,75,6,0,0,25
264071,2,20,Zimbabwe,91,2,4.0,1,5,2,0,28
264071,2,21,Zimbabwe,95,2,4.0,5,4,0,0,27
264071,2,22,Zimbabwe,98,2,3.923076923,6,5,0,0,22
264071,2,23,Zimbabwe,101,2,3.782608696,8,1,0,0,21
264071,2,24,Zimbabwe,101,2,3.625,8,0,0,0,15
264071,2,25,Zimbabwe,103,2,3.56,10,2,0,0,12
264071,2,26,Zimbabwe,103,2,3.423076923,10,0,0,0,8
264071,2,27,Zimbabwe,103,2,3.296296296,10,0,0,0,3
264071,2,28,Zimbabwe,107,2,3.321428571,14,4,0,0,6
264071,2,29,Zimbabwe,111,2,3.344827586,18,4,0,0,10
264071,2,30,Zimbabwe,111,3,3.233333333,0,0,1,1,8
264071,2,31,Zimbabwe,113,3,3.193548387,2,2,0,1,10
264071,2,32,Zimbabwe,115,4,3.141361257,0,2,1,1,12
264071,2,33,Zimbabwe,119,4,3.151515152,4,4,0,1,12
264071,2,34,Zimbabwe,123,4,3.176470588,8,4,0,1,12
264071,2,35,Zimbabwe,128,4,3.228571429,13,5,0,1,17
264071,2,36,Zimbabwe,129,4,3.153488372,13,1,0,1,16
264071,2,37,Zimbabwe,133,4,3.162162162,17,4,0,1,18
264071,2,38,Zimbabwe,139,4,3.236842105,23,6,0,1,20
264071,2,39,Zimbabwe,140,5,3.179487179,0,1,1,1,17
264071,2,40,Zimbabwe,141,6,3.125,0,1,1,1,13
264071,2,41,Zimbabwe,147,6,3.195121951,6,6,0,1,18
264071,2,42,Zimbabwe,157,6,3.24,10,12,0,1,26
264071,2,43,Zimbabwe,161,6,3.209302326,13,2,0,1,22
264071,2,44,Zimbabwe,169,7,3.216730038,1,9,1,1,30
264071,2,45,Zimbabwe,174,7,3.244444444,6,4,0,1,33
264071,2,46,Zimbabwe,180,7,3.304347826,12,6,0,1,33
264071,2,47,Zimbabwe,184,7,3.319148936,16,4,0,1,25
264071,2,48,Zimbabwe,188,7,3.333333333,20,4,0,1,27
264071,2,49,Zimbabwe,193,7,3.349315068,23,9,0,1,27
282689,2,1,India,1,0,0.0,0,1,0,0,1
282689,2,2,India,3,0,1.0,2,2,0,0,3
282689,2,3,India,7,0,2.0,6,4,0,0,7
282689,2,4,India,13,0,2.869565217,11,9,0,0,16
282689,2,5,India,18,0,3.103448276,15,2,1,0,18
282689,2,6,India,20,1,2.833333333,2,2,0,0,19
282689,2,7,India,25,1,3.142857143,7,5,0,0,22
282689,2,8,India,34,1,3.829787234,15,10,0,0,28
282689,2,9,India,39,1,3.888888889,20,4,0,0,23
282689,2,10,India,41,1,3.7,22,2,0,0,23
282689,2,11,India,51,2,4.246153846,0,10,1,0,31
282689,2,12,India,54,2,4.083333333,3,3,0,0,29
282689,2,13,India,62,3,4.285714286,2,8,1,0,27
282689,2,14,India,68,3,4.357142857,8,6,0,0,29
282689,2,15,India,75,3,4.533333333,15,7,0,0,34
282689,2,16,India,78,3,4.4375,18,3,0,0,27
282689,2,17,India,87,4,4.705882353,1,9,1,1,33
282689,2,18,India,88,4,4.5,2,1,0,1,26
282689,2,19,India,90,4,4.368421053,4,2,0,1,22
282689,2,20,India,92,5,4.25,0,2,1,1,17
282689,2,21,India,93,5,4.095238095,1,1,0,1,15
282689,2,22,India,99,5,4.181818182,7,6,0,1,12
282689,2,23,India,101,5,4.086956522,9,2,0,1,13
282689,2,24,India,103,5,4.0,11,2,0,1,13
282689,2,25,India,112,5,4.187919463,19,9,0,1,20
282689,2,26,India,123,5,4.423076923,30,11,0,0,30
282689,2,27,India,124,5,4.296296296,31,1,0,0,25
282689,2,28,India,124,5,4.142857143,31,0,0,0,23
282689,2,29,India,128,5,4.137931034,35,4,0,0,25
282689,2,30,India,130,5,4.066666667,37,2,0,0,18
282689,2,31,India,135,5,4.096774194,42,5,0,0,12
282689,2,32,India,137,5,4.03125,44,2,0,0,13
282689,2,33,India,141,5,4.03030303,48,4,0,0,17
282689,2,34,India,144,5,4.0,51,3,0,0,16
282689,2,35,India,151,5,4.085714286,58,7,0,0,21
282689,2,36,India,152,6,3.990697674,0,3,1,0,19
282689,2,37,India,160,6,4.027027027,6,6,0,0,23
282689,2,38,India,165,6,4.052631579,11,5,0,0,24
282689,2,39,India,168,6,4.025641026,14,3,0,0,24
282689,2,40,India,177,6,4.15,23,9,0,0,26
282689,2,41,India,179,7,4.097560976,2,2,1,0,25
282689,2,42,India,181,7,4.047619048,4,2,0,0,21
282689,2,43,India,183,7,3.992217899,5,2,0,0,18
282689,2,44,India,193,7,4.113636364,15,10,0,0,25
282689,2,45,India,197,8,4.111111111,4,4,1,0,20
282689,2,46,India,205,8,4.195652174,12,8,0,0,26
282689,2,47,India,231,8,4.659574468,38,26,0,0,50
282689,2,48,India,234,9,4.625,3,3,1,0,51
282689,2,49,India,238,9,4.612244898,7,4,0,0,45
293483,2,1,Sri Lanka,1,1,0.0,0,3,1,0,3
293483,2,2,Sri Lanka,9,1,0.0,0,6,0,0,9
293483,2,3,Sri Lanka,11,2,0.0,0,3,1,0,12
293483,2,4,Sri Lanka,15,2,0.782608696,3,3,0,0,15
293483,2,5,Sri Lanka,23,2,1.862068966,9,9,0,0,24
293483,2,6,Sri Lanka,28,2,2.333333333,14,4,0,0,25
293483,2,7,Sri Lanka,38,2,3.428571429,24,10,0,0,29
293483,2,8,Sri Lanka,42,2,3.446808511,27,8,0,0,34
293483,2,9,Sri Lanka,51,2,4.0,36,5,0,0,36
293483,2,10,Sri Lanka,52,2,3.7,37,1,0,0,28
293483,2,11,Sri Lanka,53,2,3.454545455,38,1,0,0,25
293483,2,12,Sri Lanka,53,3,3.166666667,0,0,1,0,15
293483,2,13,Sri Lanka,61,3,3.506493506,7,8,0,0,15
293483,2,14,Sri Lanka,62,3,3.285714286,8,1,0,0,11
293483,2,15,Sri Lanka,64,4,3.168539326,0,3,1,0,13
293483,2,16,Sri Lanka,68,4,3.1875,4,3,0,0,15
293483,2,17,Sri Lanka,69,4,3.058823529,5,1,0,0,16
293483,2,18,Sri Lanka,69,5,2.888888889,0,0,1,1,8
293483,2,19,Sri Lanka,73,5,2.947368421,4,4,0,1,11
293483,2,20,Sri Lanka,78,5,3.025210084,8,5,0,1,13
293483,2,21,Sri Lanka,81,5,3.0,11,3,0,1,13
293483,2,22,Sri Lanka,86,5,3.090909091,16,5,0,1,17
293483,2,23,Sri Lanka,88,5,3.043478261,18,2,0,1,19
293483,2,24,Sri Lanka,92,5,3.083333333,22,4,0,1,19
293483,2,25,Sri Lanka,96,5,3.12,26,4,0,1,18
293483,2,26,Sri Lanka,104,5,3.307692308,34,8,0,1,23
293483,2,27,Sri Lanka,108,5,3.333333333,38,4,0,1,22
293483,2,28,Sri Lanka,113,5,3.392857143,43,5,0,1,25
293483,2,29,Sri Lanka,122,5,3.468208092,48,10,0,1,31
293483,2,30,Sri Lanka,128,5,3.533333333,54,5,0,0,32
293483,2,31,Sri Lanka,132,6,3.548387097,3,4,1,0,28
293483,2,32,Sri Lanka,136,6,3.5625,7,4,0,0,28
293483,2,33,Sri Lanka,142,7,3.636363636,0,6,1,0,29
293483,2,34,Sri Lanka,150,7,3.764705882,8,8,0,0,27
293483,2,35,Sri Lanka,152,9,3.714285714,1,2,2,1,24
293483,2,36,Sri Lanka,155,9,3.68372093,3,3,0,1,23
293483,2,37,Sri Lanka,157,9,3.621621622,5,2,0,1,21
293483,2,38,Sri Lanka,157,10,3.605381166,0,0,1,1,15
300427,2,1,New Zealand,8,0,8.0,8,8,0,0,8
300427,2,2,New Zealand,12,0,6.0,12,4,0,0,12
300427,2,3,New Zealand,17,0,5.666666667,17,5,0,0,17
300427,2,4,New Zealand,24,0,6.0,24,7,0,0,24
300427,2,5,New Zealand,25,0,5.0,25,1,0,0,25
300427,2,6,New Zealand,30,0,5.0,30,5,0,0,22
300427,2,7,New Zealand,31,0,4.428571429,31,1,0,0,19
300427,2,8,New Zealand,32,0,4.0,32,1,0,0,15
300427,2,9,New Zealand,41,0,4.555555556,41,9,0,0,17
300427,2,10,New Zealand,46,0,4.6,46,5,0,0,21
300427,2,11,New Zealand,47,0,4.272727273,47,1,0,0,17
300427,2,12,New Zealand,63,0,5.25,63,16,0,0,32
300427,2,13,New Zealand,64,2,4.923076923,0,1,2,0,32
300427,2,14,New Zealand,68,2,4.771084337,2,4,0,0,27
300427,2,15,New Zealand,68,3,4.4,0,0,1,1,22
300427,2,16,New Zealand,68,3,4.125,0,0,0,1,21
300427,2,17,New Zealand,69,3,3.920792079,0,1,0,1,6
300427,2,18,New Zealand,70,3,3.722222222,1,1,0,1,6
300427,2,19,New Zealand,75,3,3.789473684,6,5,0,1,7
300427,2,20,New Zealand,76,3,3.65,7,1,0,1,8
300427,2,21,New Zealand,78,3,3.571428571,9,2,0,1,10
300427,2,22,New Zealand,78,3,3.409090909,9,0,0,1,9
300427,2,23,New Zealand,81,3,3.391304348,12,3,0,1,11
300427,2,24,New Zealand,87,3,3.5,18,6,0,1,12
300427,2,25,New Zealand,93,3,3.6,24,6,0,1,17
300427,2,26,New Zealand,96,3,3.576923077,27,3,0,1,18
300427,2,27,New Zealand,107,3,3.851851852,38,11,0,1,29
300427,2,28,New Zealand,110,4,3.821428571,2,3,1,0,29
300427,2,29,New Zealand,115,4,3.862068966,7,5,0,0,28
300427,2,30,New Zealand,118,4,3.833333333,10,3,0,0,25
300427,2,31,New Zealand,122,4,3.838709677,14,4,0,0,26
300427,2,32,New Zealand,125,4,3.8125,17,3,0,0,18
300427,2,33,New Zealand,127,4,3.757575758,19,2,0,0,17
300427,2,34,New Zealand,129,4,3.705882353,21,2,0,0,14
300427,2,35,New Zealand,140,4,3.914285714,32,11,0,0,22
300427,2,36,New Zealand,141,4,3.833333333,33,1,0,0,19
300427,2,37,New Zealand,148,5,3.918918919,7,7,1,0,23
300427,2,38,New Zealand,151,5,3.894736842,10,3,0,0,24
300427,2,39,New Zealand,163,5,4.102564103,22,12,0,0,34
300427,2,40,New Zealand,164,6,4.025,0,1,1,0,24
300427,2,41,New Zealand,165,6,3.951219512,1,1,0,0,24
300427,2,42,New Zealand,174,6,3.992031873,6,9,0,0,26
300427,2,43,New Zealand,179,6,3.992217899,10,7,0,0,30
300428,1,1,New Zealand,2,0,2.0,2,2,0,0,2
300428,1,2,New Zealand,3,0,1.5,3,1,0,0,3
300428,1,3,New Zealand,3,1,1.0,0,0,1,0,3
300428,1,4,New Zealand,3,1,0.75,0,0,0,0,3
300428,1,5,New Zealand,7,1,1.4,4,4,0,0,7
300428,1,6,New Zealand,7,1,1.166666667,4,0,0,0,5
300428,1,7,New Zealand,11,1,1.463414634,7,5,0,0,9
300428,1,8,New Zealand,12,1,1.375,8,0,0,0,9
300428,1,9,New Zealand,14,1,1.444444444,10,2,0,0,11
300428,1,10,New Zealand,16,1,1.5,12,2,0,0,9
300428,1,11,New Zealand,20,1,1.727272727,16,4,0,0,13
300428,1,12,New Zealand,23,1,1.833333333,19,3,0,0,11
300428,1,13,New Zealand,25,1,1.846153846,21,2,0,0,13
300428,1,14,New Zealand,32,1,2.214285714,28,7,0,0,18
300428,1,15,New Zealand,41,1,2.629213483,36,9,0,0,25
300428,1,16,New Zealand,41,2,2.4375,0,0,1,0,21
300428,1,17,New Zealand,43,2,2.411764706,2,2,0,0,20
300428,1,18,New Zealand,45,3,2.388888889,1,2,1,0,20
300428,1,19,New Zealand,46,4,2.283185841,0,1,1,1,14
300428,1,20,New Zealand,48,4,2.25,2,2,0,1,7
300428,1,21,New Zealand,51,4,2.285714286,5,3,0,1,10
300428,1,22,New Zealand,51,4,2.181818182,5,0,0,1,8
300428,1,23,New Zealand,56,4,2.304347826,10,5,0,1,11
300428,1,24,New Zealand,61,4,2.416666667,15,5,0,1,15
300428,1,25,New Zealand,65,4,2.48,19,4,0,1,17
300428,1,26,New Zealand,72,4,2.653846154,26,7,0,1,21
300428,1,27,New Zealand,73,4,2.592592593,27,1,0,1,22
300428,1,28,New Zealand,73,4,2.5,27,0,0,1,17
300428,1,29,New Zealand,74,6,2.448275862,0,1,2,1,13
300428,1,30,New Zealand,78,6,2.5,4,4,0,1,13
300428,1,31,New Zealand,78,7,2.419354839,0,0,1,1,6
300428,1,32,New Zealand,83,7,2.5,5,5,0,1,10
300428,1,33,New Zealand,85,8,2.484848485,0,2,1,1,12
300428,1,34,New Zealand,89,8,2.529411765,4,4,0,1,15
300428,1,35,New Zealand,89,8,2.457142857,4,0,0,1,11
300428,1,36,New Zealand,90,8,2.416666667,5,1,0,1,12
300428,1,37,New Zealand,93,9,2.432432432,0,3,1,1,10
300428,1,38,New Zealand,93,10,2.378854626,0,0,1,1,8
323949,1,1,South Africa,5,0,5.0,5,5,0,0,5
323949,1,2,South Africa,14,0,7.0,14,9,0,0,14
323949,1,3,South Africa,15,0,5.0,15,1,0,0,15
323949,1,4,South Africa,17,0,4.25,17,2,0,0,17
323949,1,5,South Africa,21,0,4.2,21,4,0,0,21
323949,1,6,South Africa,26,0,4.333333333,26,5,0,0,21
323949,1,7,South Africa,30,0,4.285714286,30,4,0,0,16
323949,1,8,South Africa,30,1,3.75,0,0,1,0,15
323949,1,9,South Africa,31,1,3.444444444,1,1,0,0,14
323949,1,10,South Africa,35,1,3.5,5,4,0,0,14
323949,1,11,South Africa,41,1,3.727272727,11,6,0,0,15
323949,1,12,South Africa,47,1,3.916666667,17,6,0,0,17
323949,1,13,South Africa,53,1,4.051948052,22,6,0,0,23
323949,1,14,South Africa,53,2,3.714285714,0,0,1,0,22
323949,1,15,South Africa,56,2,3.666666667,3,3,0,0,21
323949,1,16,South Africa,61,2,3.726315789,7,5,0,0,20
323949,1,17,South Africa,61,2,3.470588235,7,0,0,0,14
323949,1,18,South Africa,66,2,3.555555556,12,5,0,0,13
323949,1,19,South Africa,68,2,3.473684211,14,2,0,0,15
323949,1,20,South Africa,73,2,3.55,19,5,0,0,17
323949,1,21,South Africa,80,3,3.714285714,1,7,1,0,19
323949,1,22,South Africa,84,3,3.727272727,5,4,0,0,23
323949,1,23,South Africa,86,3,3.652173913,7,2,0,0,20
323949,1,24,South Africa,89,3,3.625,10,3,0,0,21
323949,1,25,South Africa,89,4,3.48,0,0,1,1,16
323949,1,26,South Africa,92,4,3.461538462,3,3,0,1,12
323949,1,27,South Africa,94,4,3.407407407,5,2,0,1,10
323949,1,28,South Africa,98,4,3.428571429,9,4,0,1,12
323949,1,29,South Africa,103,4,3.482758621,14,5,0,1,14
323949,1,30,South Africa,107,4,3.5,18,4,0,1,18
323949,1,31,South Africa,109,4,3.451612903,20,2,0,1,17
323949,1,32,South Africa,110,4,3.375,21,1,0,1,16
323949,1,33,South Africa,116,4,3.441624365,26,6,0,1,18
323949,1,34,South Africa,129,4,3.705882353,39,13,0,1,26
323949,1,35,South Africa,131,5,3.657142857,0,2,1,0,24
323949,1,36,South Africa,133,5,3.6,1,2,0,0,24
323949,1,37,South Africa,136,5,3.567567568,4,3,0,0,26
323949,1,38,South Africa,139,6,3.552631579,1,3,1,0,23
323949,1,39,South Africa,140,6,3.487179487,2,1,0,0,11
323949,1,40,South Africa,145,6,3.525,7,5,0,0,14
323949,1,41,South Africa,146,6,3.463414634,8,1,0,0,13
323949,1,42,South Africa,148,6,3.428571429,10,2,0,0,12
323949,1,43,South Africa,152,6,3.441860465,14,4,0,0,13
323949,1,44,South Africa,155,7,3.431818182,1,3,1,1,15
323949,1,45,South Africa,161,7,3.488888889,7,6,0,1,16
323949,1,46,South Africa,172,7,3.652173913,18,11,0,1,26
323949,1,47,South Africa,176,8,3.651245552,0,4,2,1,28
323949,1,48,South Africa,177,9,3.583333333,1,1,0,1,25
323949,1,49,South Africa,178,10,3.579310345,0,1,1,1,23
323950,1,1,South Africa,1,1,0.0,0,1,1,0,1
323950,1,2,South Africa,6,1,2.181818182,4,5,0,0,6
323950,1,3,South Africa,6,2,1.333333333,0,0,1,0,6
323950,1,4,South Africa,9,2,1.75,3,3,0,0,9
323950,1,5,South Africa,17,2,3.0,11,8,0,0,17
323950,1,6,South Africa,18,3,2.666666667,0,1,1,1,17
323950,1,7,South Africa,19,4,2.428571429,1,1,1,1,13
323950,1,8,South Africa,21,4,2.375,3,2,0,1,15
323950,1,9,South Africa,24,4,2.377358491,5,3,0,1,15
323950,1,10,South Africa,25,4,2.2,6,1,0,1,8
323950,1,11,South Africa,31,4,2.492307692,11,6,0,1,13
323950,1,12,South Africa,40,4,3.0,20,9,0,1,21
323950,1,13,South Africa,42,4,2.923076923,22,2,0,1,21
323950,1,14,South Africa,51,4,3.357142857,31,9,0,1,27
323950,1,15,South Africa,53,4,3.235955056,32,2,0,1,28
323950,1,16,South Africa,54,4,3.0625,33,1,0,1,23
323950,1,17,South Africa,55,4,2.941176471,34,1,0,1,15
323950,1,18,South Africa,58,4,2.944444444,37,3,0,1,16
323950,1,19,South Africa,59,4,2.842105263,38,1,0,1,8
323950,1,20,South Africa,63,4,2.9,42,4,0,1,10
323950,1,21,South Africa,72,4,3.19047619,51,9,0,1,18
323950,1,22,South Africa,76,4,3.227272727,55,4,0,1,21
323950,1,23,South Africa,81,4,3.304347826,60,5,0,1,23
323950,1,24,South Africa,87,4,3.416666667,66,6,0,0,28
323950,1,25,South Africa,90,4,3.4,69,3,0,0,27
323950,1,26,South Africa,100,4,3.653846154,79,10,0,0,28
323950,1,27,South Africa,101,4,3.555555556,80,1,0,0,25
323950,1,28,South Africa,106,4,3.527272727,81,7,0,0,27
323950,1,29,South Africa,111,4,3.517241379,86,3,0,0,24
323950,1,30,South Africa,112,4,3.433333333,87,1,0,0,22
323950,1,31,South Africa,115,4,3.419354839,90,3,0,0,15
323950,1,32,South Africa,119,4,3.42408377,93,4,0,0,18
323950,1,33,South Africa,122,4,3.393939394,96,3,0,0,14
323950,1,34,South Africa,127,4,3.428571429,100,6,0,0,17
323950,1,35,South Africa,131,4,3.428571429,104,3,0,0,19
323950,1,36,South Africa,134,4,3.416666667,107,3,0,0,19
323950,1,37,South Africa,137,4,3.405405405,110,3,0,0,18
323950,1,38,South Africa,137,5,3.315789474,0,0,1,0,15
323950,1,39,South Africa,138,7,3.256410256,0,1,2,1,10
323950,1,40,South Africa,142,7,3.275,4,4,0,1,11
323950,1,41,South Africa,142,7,3.195121951,4,0,0,1,8
323950,1,42,South Africa,145,7,3.19047619,7,3,0,1,8
323950,1,43,South Africa,147,7,3.162790698,9,2,0,1,10
323950,1,44,South Africa,156,8,3.19391635,3,10,1,1,19
323950,1,45,South Africa,160,8,3.2,7,3,0,1,18
323950,1,46,South Africa,163,8,3.195652174,10,3,0,1,21
323950,1,47,South Africa,170,8,3.276595745,17,7,0,1,25
323950,1,48,South Africa,173,9,3.270833333,0,3,1,1,26
323950,1,49,South Africa,173,10,3.248275862,0,0,1,1,16
323951,1,1,South Africa,3,0,3.0,3,3,0,0,3
323951,1,2,South Africa,3,0,1.5,3,0,0,0,3
323951,1,3,South Africa,5,0,1.411764706,4,2,0,0,5
323951,1,4,South Africa,7,0,1.090909091,4,6,0,0,11
323951,1,5,South Africa,11,0,1.6,8,0,0,0,11
323951,1,6,South Africa,14,0,1.833333333,11,3,0,0,11
323951,1,7,South Africa,19,0,2.285714286,16,5,0,0,16
323951,1,8,South Africa,25,0,2.75,22,6,0,0,20
323951,1,9,South Africa,34,0,3.444444444,31,9,0,0,23
323951,1,10,South Africa,37,1,3.355932203,2,4,1,0,27
323951,1,11,South Africa,38,1,3.090909091,3,0,0,0,24
323951,1,12,South Africa,41,1,3.083333333,6,3,0,0,22
323951,1,13,South Africa,45,2,3.153846154,4,4,1,0,20
323951,1,14,South Africa,55,2,3.642857143,14,10,0,0,21
323951,1,15,South Africa,60,2,3.707865169,18,6,0,0,23
323951,1,16,South Africa,61,3,3.5,0,0,1,1,23
323951,1,17,South Africa,66,3,3.564356436,4,5,0,1,25
323951,1,18,South Africa,72,4,3.666666667,0,6,1,1,27
323951,1,19,South Africa,74,4,3.578947368,2,2,0,1,19
323951,1,20,South Africa,78,4,3.529411765,4,4,0,1,17
323951,1,21,South Africa,88,4,3.80952381,14,10,0,1,27
323951,1,22,South Africa,95,4,3.847328244,18,7,0,1,29
323951,1,23,South Africa,97,5,3.739130435,0,2,1,1,25
323951,1,24,South Africa,97,5,3.583333333,0,0,0,1,23
323951,1,25,South Africa,100,5,3.56,3,3,0,1,22
323951,1,26,South Africa,101,5,3.461538462,4,1,0,1,13
323951,1,27,South Africa,102,6,3.354037267,0,5,1,1,11
323951,1,28,South Africa,107,7,3.392857143,1,1,1,1,10
323951,1,29,South Africa,109,7,3.294797688,1,2,0,1,12
323951,1,30,South Africa,112,7,3.266666667,4,3,0,1,12
323951,1,31,South Africa,118,8,3.35483871,0,6,1,1,17
323951,1,32,South Africa,124,8,3.4375,6,6,0,1,18
323951,1,33,South Africa,126,8,3.393939394,8,2,0,1,19
323951,1,34,South Africa,126,8,3.294117647,8,0,0,1,17
323951,1,35,South Africa,126,8,3.2,8,0,0,1,14
323951,1,36,South Africa,129,8,3.153488372,9,4,0,1,12
323951,1,37,South Africa,130,8,3.081081081,10,0,0,1,6
323951,1,38,South Africa,133,8,3.078947368,13,3,0,1,7
323951,1,39,South Africa,135,9,3.051282051,0,2,1,1,9
323951,1,40,South Africa,137,9,3.025,2,2,0,1,11
323951,1,41,South Africa,137,9,2.951219512,2,0,0,1,7
323951,1,42,South Africa,141,9,2.976190476,6,4,0,1,11
323951,1,43,South Africa,143,10,2.964980545,0,2,1,1,10
335348,2,1,Sri Lanka,0,0,0.0,0,0,0,0,0
335348,2,2,Sri Lanka,5,0,2.5,5,5,0,0,5
335348,2,3,Sri Lanka,7,1,2.333333333,2,2,1,0,7
335348,2,4,Sri Lanka,8,1,2.0,3,1,0,0,8
335348,2,5,Sri Lanka,15,1,3.0,10,7,0,0,15
335348,2,6,Sri Lanka,19,1,3.166666667,14,4,0,0,19
335348,2,7,Sri Lanka,21,1,3.0,16,2,0,0,16
335348,2,8,Sri Lanka,29,1,3.574468085,23,9,0,0,23
335348,2,9,Sri Lanka,31,1,3.333333333,25,1,0,0,23
335348,2,10,Sri Lanka,36,2,3.457627119,0,7,1,0,23
335348,2,11,Sri Lanka,42,2,3.636363636,6,4,0,0,23
335348,2,12,Sri Lanka,44,2,3.5,8,2,0,0,23
335348,2,13,Sri Lanka,48,3,3.538461538,0,4,1,0,18
335348,2,14,Sri Lanka,64,3,4.428571429,16,16,0,0,33
335348,2,15,Sri Lanka,68,3,4.4,20,4,0,0,30
335348,2,16,Sri Lanka,69,3,4.1875,21,1,0,0,27
335348,2,17,Sri Lanka,76,3,4.352941176,28,7,0,0,32
335348,2,18,Sri Lanka,86,3,4.598130841,36,10,0,0,38
335348,2,19,Sri Lanka,91,3,4.578947368,41,5,0,0,27
335348,2,20,Sri Lanka,97,3,4.638655462,46,6,0,0,29
335348,2,21,Sri Lanka,97,3,4.380952381,46,0,0,0,28
335348,2,22,Sri Lanka,98,3,4.227272727,47,1,0,0,22
335348,2,23,Sri Lanka,101,3,4.173913043,50,3,0,0,15
335348,2,24,Sri Lanka,109,3,4.321678322,57,8,0,0,18
335348,2,25,Sri Lanka,114,3,4.32,62,5,0,0,17
335348,2,26,Sri Lanka,119,3,4.346153846,67,5,0,0,22
335348,2,27,Sri Lanka,124,3,4.37037037,72,5,0,0,26
335348,2,28,Sri Lanka,126,4,4.275449102,73,4,1,0,27
335348,2,29,Sri Lanka,133,4,4.344827586,80,5,0,0,24
335348,2,30,Sri Lanka,136,5,4.3,1,3,1,0,22
335348,2,31,Sri Lanka,140,5,4.290322581,5,4,0,0,21
335348,2,32,Sri Lanka,142,5,4.21875,7,2,0,0,18
335348,2,33,Sri Lanka,143,6,4.121212121,1,1,1,1,15
335348,2,34,Sri Lanka,147,6,4.117647059,5,4,0,1,14
335348,2,35,Sri Lanka,155,6,4.220095694,12,9,0,1,20
335348,2,36,Sri Lanka,158,6,4.158139535,14,3,0,1,19
335348,2,37,Sri Lanka,162,6,4.135135135,18,3,0,1,20
335348,2,38,Sri Lanka,165,6,4.105263158,21,3,0,1,22
335348,2,39,Sri Lanka,174,6,4.230769231,30,9,0,1,27
335348,2,40,Sri Lanka,177,6,4.2,33,3,0,1,21
335348,2,41,Sri Lanka,177,7,4.097560976,0,0,1,1,18
335348,2,42,Sri Lanka,178,7,4.023809524,1,1,0,1,16
335348,2,43,Sri Lanka,182,7,4.023255814,5,4,0,1,17
335348,2,44,Sri Lanka,185,7,4.0,8,3,0,1,11
335348,2,45,Sri Lanka,192,7,4.059479554,14,8,0,1,16
335348,2,46,Sri Lanka,197,7,4.065217391,19,4,0,1,20
335348,2,47,Sri Lanka,205,7,4.14893617,27,8,0,1,27
335348,2,48,Sri Lanka,212,7,4.208333333,34,7,0,1,30
335348,2,49,Sri Lanka,215,7,4.177474403,36,7,0,1,34
335348,2,50,Sri Lanka,226,7,4.3,47,7,0,1,33
335354,2,1,Sri Lanka,2,0,2.0,2,2,0,0,2
335354,2,2,Sri Lanka,2,0,1.0,2,0,0,0,2
335354,2,3,Sri Lanka,3,0,1.0,3,1,0,0,3
335354,2,4,Sri Lanka,9,0,2.25,9,6,0,0,9
335354,2,5,Sri Lanka,10,1,2.0,0,1,1,0,10
335354,2,6,Sri Lanka,14,1,2.333333333,4,4,0,0,12
335354,2,7,Sri Lanka,23,1,3.285714286,13,9,0,0,21
335354,2,8,Sri Lanka,24,1,3.0,14,1,0,0,21
335354,2,9,Sri Lanka,36,1,4.0,26,12,0,0,27
335354,2,10,Sri Lanka,43,1,4.3,33,7,0,0,33
335354,2,11,Sri Lanka,48,1,4.363636364,38,5,0,0,34
335354,2,12,Sri Lanka,55,2,4.478873239,0,7,1,0,32
335354,2,13,Sri Lanka,65,2,4.846153846,10,10,0,0,41
335354,2,14,Sri Lanka,70,2,4.857142857,15,5,0,0,34
335354,2,15,Sri Lanka,81,2,5.266666667,26,11,0,0,38
335354,2,16,Sri Lanka,89,2,5.305263158,31,12,0,0,45
335354,2,17,Sri Lanka,96,3,5.352941176,0,3,1,0,41
335354,2,18,Sri Lanka,102,3,5.388888889,6,6,0,0,37
335354,2,19,Sri Lanka,105,3,5.263157895,9,3,0,0,35
335354,2,20,Sri Lanka,108,3,5.142857143,11,7,0,0,31
335354,2,21,Sri Lanka,114,3,5.0,14,2,0,0,21
335354,2,22,Sri Lanka,116,4,4.863636364,0,2,1,0,20
335354,2,23,Sri Lanka,121,4,4.869565217,5,5,0,0,19
335354,2,24,Sri Lanka,123,4,4.741258741,6,3,0,0,19
335354,2,25,Sri Lanka,131,4,4.84,14,7,0,0,19
335354,2,26,Sri Lanka,136,5,4.846153846,1,5,1,1,22
335354,2,27,Sri Lanka,144,5,4.962962963,9,8,0,1,28
335354,2,28,Sri Lanka,145,5,4.821428571,10,1,0,1,24
335354,2,29,Sri Lanka,149,5,4.793103448,14,4,0,1,25
335354,2,30,Sri Lanka,151,5,4.7,16,2,0,1,20
335354,2,31,Sri Lanka,154,5,4.64516129,19,3,0,1,18
335354,2,32,Sri Lanka,160,6,4.6875,2,6,1,1,16
335354,2,33,Sri Lanka,162,7,4.606060606,0,2,1,1,17
335354,2,34,Sri Lanka,166,7,4.588235294,4,4,0,1,17
335354,2,35,Sri Lanka,168,7,4.514285714,6,2,0,1,17
335354,2,36,Sri Lanka,169,8,4.416666667,1,1,1,1,15
335354,2,37,Sri Lanka,172,8,4.378378378,4,3,0,1,12
335354,2,38,Sri Lanka,172,9,4.263157895,0,0,1,1,10
335354,2,39,Sri Lanka,174,10,4.25974026,0,2,1,1,8
335357,1,1,Pakistan,5,0,4.8,4,5,0,0,5
335357,1,2,Pakistan,7,1,2.727272727,1,3,1,0,8
335357,1,3,Pakistan,13,1,3.666666667,7,5,0,0,13
335357,1,4,Pakistan,15,1,3.25,9,2,0,0,15
335357,1,5,Pakistan,23,1,4.2,17,8,0,0,23
335357,1,6,Pakistan,25,1,3.833333333,19,2,0,0,20
335357,1,7,Pakistan,30,1,4.0,24,5,0,0,22
335357,1,8,Pakistan,35,1,4.125,29,5,0,0,22
335357,1,9,Pakistan,40,1,4.222222222,34,5,0,0,25
335357,1,10,Pakistan,47,2,4.5,0,7,1,0,24
335357,1,11,Pakistan,49,3,4.272727273,1,2,1,0,24
335357,1,12,Pakistan,49,4,3.916666667,0,0,1,1,19
335357,1,13,Pakistan,54,4,4.0,5,5,0,1,19
335357,1,14,Pakistan,55,4,3.759036145,5,3,0,1,17
335357,1,15,Pakistan,66,4,4.179775281,15,13,0,1,23
335357,1,16,Pakistan,72,4,4.231578947,20,2,0,1,23
335357,1,17,Pakistan,72,4,3.941176471,20,0,0,1,23
335357,1,18,Pakistan,73,4,3.777777778,21,1,0,1,19
335357,1,19,Pakistan,73,5,3.578947368,0,0,1,1,16
335357,1,20,Pakistan,77,5,3.579831933,3,4,0,1,7
335357,1,21,Pakistan,79,5,3.456,4,2,0,1,7
335357,1,22,Pakistan,82,5,3.409090909,7,3,0,1,10
335357,1,23,Pakistan,84,5,3.347826087,9,2,0,1,11
335357,1,24,Pakistan,86,5,3.272727273,10,2,0,1,13
335357,1,25,Pakistan,86,5,3.12,10,0,0,1,9
335357,1,26,Pakistan,90,5,3.153846154,14,4,0,1,11
335357,1,27,Pakistan,90,5,3.037037037,14,0,0,1,8
335357,1,28,Pakistan,92,6,3.0,0,2,1,1,8
335357,1,29,Pakistan,95,6,3.0,3,3,0,1,9
335357,1,30,Pakistan,97,6,2.966666667,5,2,0,1,11
335357,1,31,Pakistan,97,6,2.870967742,5,0,0,1,7
335357,1,32,Pakistan,100,7,2.875,1,3,1,1,10
335357,1,33,Pakistan,100,8,2.787878788,0,0,1,1,8
335357,1,34,Pakistan,102,8,2.748768473,1,3,0,1,8
335357,1,35,Pakistan,105,8,2.727272727,3,2,0,1,8
335357,1,36,Pakistan,112,8,2.833333333,10,7,0,1,15
335357,1,37,Pakistan,113,9,2.769230769,0,1,1,1,13
335357,1,38,Pakistan,115,9,2.72246696,1,2,0,1,15
335357,1,39,Pakistan,115,10,2.686956522,0,0,1,1,12
336204,2,1,Australia,2,0,2.0,2,2,0,0,2
336204,2,2,Australia,2,1,1.0,0,0,1,0,2
336204,2,3,Australia,5,1,1.411764706,2,3,0,0,5
336204,2,4,Australia,7,1,1.5,4,2,0,0,7
336204,2,5,Australia,13,1,2.4,10,6,0,0,13
336204,2,6,Australia,17,2,2.666666667,4,4,1,0,15
336204,2,7,Australia,26,3,3.571428571,4,9,1,1,24
336204,2,8,Australia,28,3,3.319148936,5,2,0,1,23
336204,2,9,Australia,36,3,3.735849057,12,8,0,1,29
336204,2,10,Australia,41,3,3.8,17,5,0,1,28
336204,2,11,Australia,43,3,3.636363636,19,2,0,1,26
336204,2,12,Australia,53,3,4.166666667,29,10,0,1,27
336204,2,13,Australia,56,3,4.076923077,32,3,0,1,28
336204,2,14,Australia,65,3,4.428571429,41,9,0,1,29
336204,2,15,Australia,76,3,4.866666667,52,11,0,0,35
336204,2,16,Australia,80,3,4.8125,56,4,0,0,37
336204,2,17,Australia,84,4,4.764705882,2,4,1,0,31
336204,2,18,Australia,85,4,4.555555556,3,1,0,0,29
336204,2,19,Australia,96,5,4.894736842,0,11,1,0,31
336204,2,20,Australia,98,5,4.75,2,2,0,0,22
336204,2,21,Australia,98,6,4.523809524,0,0,1,1,18
336204,2,22,Australia,99,7,4.363636364,0,1,1,1,15
336204,2,23,Australia,103,7,4.335766423,3,4,0,1,18
336204,2,24,Australia,104,8,4.166666667,1,1,1,1,8
336204,2,25,Australia,105,8,4.04,2,1,0,1,7
336204,2,26,Australia,108,8,4.0,5,3,0,1,10
336204,2,27,Australia,110,8,3.925925926,7,2,0,1,11
336204,2,28,Australia,117,8,4.035714286,14,7,0,1,14
336204,2,29,Australia,124,8,4.137931034,21,7,0,1,20
336204,2,30,Australia,125,9,4.055865922,0,1,1,1,20
343759,2,1,Pakistan,5,0,5.0,5,5,0,0,5
343759,2,2,Pakistan,9,1,4.5,0,4,1,0,9
343759,2,3,Pakistan,13,1,4.0,1,6,0,0,15
343759,2,4,Pakistan,20,1,4.25,8,5,0,0,20
343759,2,5,Pakistan,21,1,3.6,9,1,0,0,21
343759,2,6,Pakistan,30,1,4.457142857,17,9,0,0,25
343759,2,7,Pakistan,38,1,4.857142857,25,8,0,0,29
343759,2,8,Pakistan,40,2,4.5,0,2,1,0,25
343759,2,9,Pakistan,43,2,4.333333333,3,3,0,0,23
343759,2,10,Pakistan,44,2,4.0,4,1,0,0,23
343759,2,11,Pakistan,49,2,4.090909091,9,5,0,0,19
343759,2,12,Pakistan,50,3,3.802816901,0,4,1,1,15
343759,2,13,Pakistan,53,3,3.692307692,3,0,0,1,13
343759,2,14,Pakistan,56,3,3.614457831,5,4,0,1,14
343759,2,15,Pakistan,59,3,3.466666667,7,2,0,1,15
343759,2,16,Pakistan,65,3,3.6,12,6,0,1,16
343759,2,17,Pakistan,67,5,3.445544554,1,2,2,1,14
343759,2,18,Pakistan,68,6,3.277777778,0,1,1,1,15
343759,2,19,Pakistan,75,6,3.238938053,2,7,0,1,18
343759,2,20,Pakistan,76,6,3.1,3,1,0,1,17
343759,2,21,Pakistan,77,6,2.976,3,1,0,1,12
343759,2,22,Pakistan,87,6,3.272727273,13,10,0,1,20
343759,2,23,Pakistan,89,6,3.197080292,14,4,0,1,23
343759,2,24,Pakistan,92,8,3.104895105,0,1,2,1,17
343759,2,25,Pakistan,92,9,2.96,0,0,1,1,16
343759,2,26,Pakistan,101,9,3.192307692,9,9,0,1,24
343759,2,27,Pakistan,105,9,3.222222222,13,4,0,1,18
343759,2,28,Pakistan,110,9,3.285714286,18,5,0,1,19
343759,2,29,Pakistan,121,9,3.551724138,29,11,0,1,29
343759,2,30,Pakistan,129,10,3.687150838,0,8,1,1,37
343761,2,1,Pakistan,6,0,6.0,4,7,0,0,7
343761,2,2,Pakistan,8,0,3.0,6,1,0,0,8
343761,2,3,Pakistan,9,0,2.333333333,7,1,0,0,9
343761,2,4,Pakistan,14,0,3.0,12,5,0,0,14
343761,2,5,Pakistan,17,0,2.785714286,13,3,0,0,17
343761,2,6,Pakistan,23,0,3.166666667,19,6,0,0,16
343761,2,7,Pakistan,24,1,2.857142857,1,1,1,0,16
343761,2,8,Pakistan,25,1,2.625,2,1,0,0,16
343761,2,9,Pakistan,32,1,3.111111111,9,7,0,0,18
343761,2,10,Pakistan,42,1,3.762711864,18,12,0,0,27
343761,2,11,Pakistan,57,1,4.707692308,32,13,0,0,34
343761,2,12,Pakistan,60,1,4.5,35,3,0,0,36
343761,2,13,Pakistan,71,1,5.0,46,11,0,0,46
343761,2,14,Pakistan,80,1,5.285714286,55,9,0,0,48
343761,2,15,Pakistan,89,1,5.533333333,64,9,0,0,45
343761,2,16,Pakistan,98,1,5.75,73,9,0,0,41
343761,2,17,Pakistan,101,1,5.524752475,74,4,0,0,42
343761,2,18,Pakistan,104,1,5.333333333,77,2,0,0,33
343761,2,19,Pakistan,110,1,5.368421053,83,6,0,0,30
343761,2,20,Pakistan,116,2,5.4,3,6,1,0,27
343761,2,21,Pakistan,119,2,5.285714286,6,3,0,0,21
343761,2,22,Pakistan,125,2,5.318181818,12,6,0,0,23
343761,2,23,Pakistan,130,3,5.304347826,5,5,1,0,26
343761,2,24,Pakistan,131,3,5.125,6,1,0,0,21
343761,2,25,Pakistan,139,3,5.24,14,8,0,0,23
343761,2,26,Pakistan,142,3,5.153846154,17,3,0,0,23
343761,2,27,Pakistan,149,3,5.222222222,24,7,0,0,24
343761,2,28,Pakistan,153,4,5.178571429,0,4,1,1,23
343761,2,29,Pakistan,158,4,5.172413793,5,5,0,1,27
343761,2,30,Pakistan,161,4,5.1,8,3,0,1,22
343761,2,31,Pakistan,168,4,5.161290323,15,7,0,1,26
343761,2,32,Pakistan,171,4,5.09375,18,3,0,1,22
343761,2,33,Pakistan,174,4,5.03030303,21,3,0,1,21
343761,2,34,Pakistan,175,4,4.911764706,22,1,0,1,17
343761,2,35,Pakistan,177,4,4.828571429,24,2,0,1,16
343761,2,36,Pakistan,181,4,4.805555556,28,4,0,1,13
343761,2,37,Pakistan,190,4,4.918918919,37,9,0,1,19
343761,2,38,Pakistan,195,4,4.921052632,42,5,0,1,21
343761,2,39,Pakistan,196,4,4.820512821,43,1,0,0,21
343761,2,40,Pakistan,206,4,4.95,53,10,0,0,29
343761,2,41,Pakistan,212,5,4.975609756,0,6,1,0,31
343761,2,42,Pakistan,221,5,5.071428571,9,9,0,0,31
343761,2,43,Pakistan,224,5,5.023255814,12,3,0,0,29
343761,2,44,Pakistan,234,5,5.136363636,22,10,0,0,38
343761,2,45,Pakistan,245,5,5.266666667,33,11,0,0,39
343761,2,46,Pakistan,250,7,5.260869565,0,5,2,1,38
343761,2,47,Pakistan,265,7,5.466192171,14,19,0,1,48
343761,2,48,Pakistan,274,7,5.520833333,23,5,0,1,50
343761,2,49,Pakistan,279,7,5.488054608,26,5,0,1,45
343761,2,50,Pakistan,285,7,5.47826087,31,6,0,0,40
343762,1,1,Pakistan,6,0,6.0,6,6,0,0,6
343762,1,2,Pakistan,6,2,3.0,0,0,2,0,6
343762,1,3,Pakistan,10,3,3.333333333,0,4,1,1,10
343762,1,4,Pakistan,14,3,3.5,4,4,0,1,14
343762,1,5,Pakistan,15,3,3.0,5,1,0,1,15
343762,1,6,Pakistan,16,4,2.666666667,0,1,1,1,10
343762,1,7,Pakistan,17,4,2.428571429,1,1,0,1,11
343762,1,8,Pakistan,27,4,3.319148936,10,10,0,1,17
343762,1,9,Pakistan,28,4,3.0,11,1,0,1,14
343762,1,10,Pakistan,34,4,3.254237288,16,6,0,1,19
343762,1,11,Pakistan,38,4,3.272727273,20,4,0,1,22
343762,1,12,Pakistan,42,4,3.333333333,24,4,0,1,25
343762,1,13,Pakistan,45,5,3.236842105,0,7,1,1,22
343762,1,14,Pakistan,55,5,3.642857143,10,6,0,1,27
343762,1,15,Pakistan,59,5,3.666666667,14,4,0,1,25
343762,1,16,Pakistan,64,5,3.726315789,18,5,0,1,26
343762,1,17,Pakistan,74,5,4.058823529,28,10,0,1,32
343762,1,18,Pakistan,75,5,3.888888889,29,1,0,0,26
343762,1,19,Pakistan,82,5,4.017857143,34,7,1,0,27
343762,1,20,Pakistan,84,7,3.831932773,0,2,1,1,25
343762,1,21,Pakistan,85,7,3.666666667,1,1,0,1,21
343762,1,22,Pakistan,88,7,3.636363636,4,3,0,1,14
343762,1,23,Pakistan,89,7,3.52173913,5,1,0,1,14
343762,1,24,Pakistan,94,7,3.583333333,10,5,0,1,12
343762,1,25,Pakistan,95,7,3.48,11,1,0,1,11
343762,1,26,Pakistan,96,7,3.384615385,12,1,0,1,11
343762,1,27,Pakistan,101,7,3.354037267,14,8,0,1,16
343762,1,28,Pakistan,108,7,3.392857143,19,4,0,1,19
343762,1,29,Pakistan,110,8,3.344827586,1,2,1,1,16
343762,1,30,Pakistan,113,8,3.333333333,4,3,0,1,18
343762,1,31,Pakistan,115,8,3.290322581,6,2,0,1,19
343762,1,32,Pakistan,122,8,3.40625,13,7,0,1,18
343762,1,33,Pakistan,134,8,3.666666667,25,12,0,1,26
343762,1,34,Pakistan,137,8,3.647058824,28,3,0,0,27
343762,1,35,Pakistan,140,8,3.628571429,31,3,0,0,27
343762,1,36,Pakistan,145,8,3.655813953,35,6,0,0,31
343762,1,37,Pakistan,148,8,3.621621622,38,2,0,0,26
343762,1,38,Pakistan,154,8,3.684210526,44,6,0,0,20
343762,1,39,Pakistan,157,8,3.666666667,47,3,0,0,20
343762,1,40,Pakistan,161,8,3.675,51,4,0,0,21
343762,1,41,Pakistan,166,8,3.707317073,56,5,0,0,20
343762,1,42,Pakistan,176,8,3.857142857,66,10,0,0,28
343762,1,43,Pakistan,180,8,3.860465116,70,4,0,0,26
343762,1,44,Pakistan,186,8,3.901140684,75,6,0,0,29
343762,1,45,Pakistan,194,8,3.970260223,82,9,0,0,34
343762,1,46,Pakistan,197,8,3.934782609,85,2,0,0,31
343762,1,47,Pakistan,205,8,4.021276596,93,8,0,0,29
343762,1,48,Pakistan,209,9,4.013937282,3,5,1,0,30
343762,1,49,Pakistan,210,9,3.93877551,4,0,0,0,24
343762,1,50,Pakistan,210,10,3.925423729,0,0,1,0,15
343763,2,1,Pakistan,0,0,0.0,0,0,0,0,0
343763,2,2,Pakistan,4,0,2.0,4,4,0,0,4
343763,2,3,Pakistan,7,0,2.333333333,7,3,0,0,7
343763,2,4,Pakistan,10,0,2.347826087,9,3,0,0,10
343763,2,5,Pakistan,12,2,2.2,0,2,2,0,12
343763,2,6,Pakistan,22,3,3.5,6,10,1,1,22
343763,2,7,Pakistan,27,4,3.714285714,4,5,1,1,23
343763,2,8,Pakistan,32,4,3.875,9,5,0,1,25
343763,2,9,Pakistan,39,4,4.222222222,16,7,0,1,29
343763,2,10,Pakistan,42,4,4.1,19,3,0,1,30
343763,2,11,Pakistan,49,4,4.363636364,26,7,0,1,27
343763,2,12,Pakistan,51,4,4.14084507,27,2,0,1,24
343763,2,13,Pakistan,58,4,4.307692308,34,7,0,1,26
343763,2,14,Pakistan,62,5,4.285714286,0,4,1,1,23
343763,2,15,Pakistan,68,5,4.4,6,6,0,0,26
343763,2,16,Pakistan,70,5,4.25,8,2,0,0,21
343763,2,17,Pakistan,75,6,4.294117647,4,5,1,0,24
343763,2,18,Pakistan,80,6,4.333333333,9,5,0,0,22
343763,2,19,Pakistan,81,6,4.14159292,9,2,0,0,20
343763,2,20,Pakistan,89,6,4.285714286,16,7,0,0,21
343763,2,21,Pakistan,95,6,4.32,21,6,0,0,25
343763,2,22,Pakistan,105,6,4.545454545,31,10,0,0,30
343763,2,23,Pakistan,106,6,4.391304348,32,1,0,0,26
343763,2,24,Pakistan,107,6,4.25,33,1,0,0,25
343763,2,25,Pakistan,110,6,4.187919463,35,3,0,0,21
343763,2,26,Pakistan,114,6,4.153846154,39,4,0,0,19
343763,2,27,Pakistan,119,6,4.185185185,44,5,0,0,14
343763,2,28,Pakistan,121,6,4.107142857,46,2,0,0,15
343763,2,29,Pakistan,127,6,4.172413793,52,6,0,0,20
343763,2,30,Pakistan,129,7,4.1,1,2,1,0,19
343763,2,31,Pakistan,131,7,4.032258065,3,2,0,0,17
343763,2,32,Pakistan,134,8,4.0,2,3,1,0,15
343763,2,33,Pakistan,145,8,4.212121212,13,11,0,0,24
343763,2,34,Pakistan,147,9,4.147058824,0,2,1,1,20
343763,2,35,Pakistan,151,9,4.142857143,4,4,0,1,22
343763,2,36,Pakistan,152,9,4.055555556,5,1,0,1,21
343763,2,37,Pakistan,160,9,4.162162162,13,8,0,1,26
343763,2,38,Pakistan,164,9,4.123348018,15,4,0,1,19
343763,2,39,Pakistan,169,9,4.128205128,20,5,0,1,22
343763,2,40,Pakistan,176,9,4.2,27,7,0,1,25
343763,2,41,Pakistan,179,10,4.163265306,0,3,1,1,27
345470,1,1,India,0,1,0.0,0,0,1,0,0
345470,1,2,India,4,1,1.636363636,3,4,0,0,4
345470,1,3,India,6,1,1.666666667,5,2,0,0,6
345470,1,4,India,12,1,2.75,11,6,0,0,12
345470,1,5,India,13,1,2.4,12,1,0,0,13
345470,1,6,India,19,2,3.0,2,6,1,0,19
345470,1,7,India,19,2,2.571428571,2,0,0,0,15
345470,1,8,India,21,2,2.5,4,2,0,0,15
345470,1,9,India,23,2,2.444444444,6,2,0,0,11
345470,1,10,India,29,2,2.4,8,6,0,0,16
345470,1,11,India,35,2,2.676923077,13,10,0,0,20
345470,1,12,India,39,2,2.75,17,0,0,0,20
345470,1,13,India,47,2,3.153846154,25,8,0,0,26
345470,1,14,India,49,2,3.036144578,26,2,0,0,26
345470,1,15,India,53,2,3.066666667,30,4,0,0,24
345470,1,16,India,55,2,3.0,32,2,0,0,16
345470,1,17,India,57,2,2.941176471,34,2,0,0,18
345470,1,18,India,59,2,2.888888889,36,2,0,0,12
345470,1,19,India,63,2,2.947368421,40,4,0,0,14
345470,1,20,India,68,2,3.05,45,5,0,0,15
345470,1,21,India,74,2,3.19047619,51,6,0,0,19
345470,1,22,India,78,2,3.227272727,55,4,0,0,21
345470,1,23,India,82,2,3.260869565,59,4,0,0,23
345470,1,24,India,88,2,3.375,65,6,0,0,25
345470,1,25,India,93,3,3.44,0,5,1,0,25
345470,1,26,India,97,3,3.461538462,4,4,0,0,23
345470,1,27,India,101,3,3.481481481,8,4,0,0,23
345470,1,28,India,104,3,3.464285714,11,3,0,0,22
345470,1,29,India,106,3,3.413793103,13,2,0,0,18
345470,1,30,India,110,4,3.433333333,4,4,1,0,17
345470,1,31,India,112,4,3.387096774,6,2,0,0,15
345470,1,32,India,119,4,3.5,13,7,0,0,18
345470,1,33,India,123,4,3.515151515,17,4,0,0,19
345470,1,34,India,127,4,3.529411765,21,4,0,0,21
345470,1,35,India,134,4,3.628571429,28,7,0,0,24
345470,1,36,India,139,4,3.655813953,32,6,0,0,28
345470,1,37,India,145,4,3.702702703,38,5,0,0,26
345470,1,38,India,152,5,3.789473684,0,7,1,0,29
345470,1,39,India,155,5,3.769230769,3,3,0,0,28
345470,1,40,India,162,5,3.85,10,7,0,0,28
345470,1,41,India,166,5,3.853658537,14,4,0,0,26
345470,1,42,India,174,5,3.952380952,22,8,0,0,29
345470,1,43,India,180,5,4.0,28,6,0,0,28
345470,1,44,India,187,6,4.068181818,0,7,1,0,32
345470,1,45,India,190,6,4.044444444,3,3,0,0,28
345470,1,46,India,196,7,4.086956522,0,6,1,0,30
345470,1,47,India,206,7,4.212765957,10,10,0,0,32
345470,1,48,India,211,8,4.222996516,2,9,1,1,35
345470,1,49,India,219,8,4.285714286,10,4,0,1,32
345470,1,50,India,222,10,4.254180602,0,3,2,1,32
350348,2,1,South Africa,1,0,1.0,1,1,0,0,1
350348,2,2,South Africa,4,0,1.636363636,3,5,0,0,6
350348,2,3,South Africa,9,0,2.470588235,7,3,1,0,9
350348,2,4,South Africa,12,1,2.347826087,2,7,0,0,16
350348,2,5,South Africa,18,1,2.896551724,7,2,0,0,18
350348,2,6,South Africa,19,1,2.5,8,1,0,0,18
350348,2,7,South Africa,20,2,2.195121951,0,1,1,0,14
350348,2,8,South Africa,28,2,2.875,8,8,0,0,19
350348,2,9,South Africa,33,2,3.111111111,13,5,0,0,17
350348,2,10,South Africa,49,2,4.4,29,16,0,0,31
350348,2,11,South Africa,49,2,4.0,29,0,0,0,30
350348,2,12,South Africa,56,2,4.225352113,35,11,0,0,40
350348,2,13,South Africa,72,2,4.769230769,47,12,0,0,44
350348,2,14,South Africa,76,3,4.626506024,1,4,1,0,43
350348,2,15,South Africa,77,4,4.314606742,0,1,1,0,28
350348,2,16,South Africa,79,4,4.125,2,2,0,0,30
350348,2,17,South Africa,81,4,3.98019802,3,2,0,0,21
350348,2,18,South Africa,87,4,4.055555556,9,6,0,0,15
350348,2,19,South Africa,89,4,3.947368421,11,2,0,0,13
350348,2,20,South Africa,91,4,3.85,13,2,0,0,14
350348,2,21,South Africa,97,4,3.936,18,6,0,0,18
350348,2,22,South Africa,102,4,3.954545455,23,5,0,0,21
350348,2,23,South Africa,104,4,3.869565217,25,2,0,0,17
350348,2,24,South Africa,105,4,3.75,26,1,0,0,16
350348,2,25,South Africa,111,4,3.84,32,6,0,0,20
350348,2,26,South Africa,114,4,3.807692308,35,3,0,0,17
350348,2,27,South Africa,120,4,3.888888889,41,6,0,0,18
350348,2,28,South Africa,123,4,3.844311377,43,4,0,0,20
350348,2,29,South Africa,127,4,3.827586207,47,3,0,0,22
350348,2,30,South Africa,138,4,4.066666667,58,11,0,0,27
350348,2,31,South Africa,146,4,4.193548387,66,8,0,0,32
350348,2,32,South Africa,155,4,4.34375,75,9,0,0,35
350348,2,33,South Africa,165,4,4.515151515,85,10,0,0,41
350348,2,34,South Africa,169,4,4.5,89,4,0,0,42
350348,2,35,South Africa,174,6,4.514285714,5,5,2,0,36
350348,2,36,South Africa,176,6,4.437209302,6,3,0,0,31
350348,2,37,South Africa,178,6,4.351351351,8,1,0,0,23
350348,2,38,South Africa,187,6,4.473684211,17,9,0,0,22
350348,2,39,South Africa,188,8,4.377682403,0,1,2,1,19
350348,2,40,South Africa,197,9,4.462184874,0,10,1,1,24
350348,2,41,South Africa,207,9,4.555102041,9,9,0,1,30
350348,2,42,South Africa,208,9,4.446215139,9,1,0,1,30
350348,2,43,South Africa,211,9,4.389105058,11,3,0,1,24
350348,2,44,South Africa,218,9,4.33460076,13,7,0,1,30
350348,2,45,South Africa,222,10,4.37593985,0,4,1,1,24
378753,2,1,Zimbabwe,9,0,9.6,8,9,0,0,9
378753,2,2,Zimbabwe,9,1,4.0,0,0,1,0,9
378753,2,3,Zimbabwe,10,2,3.0,0,1,1,0,10
378753,2,4,Zimbabwe,10,2,2.25,0,0,0,0,10
378753,2,5,Zimbabwe,11,2,2.0,1,1,0,0,11
378753,2,6,Zimbabwe,15,2,2.333333333,5,4,0,0,6
378753,2,7,Zimbabwe,16,2,2.142857143,6,1,0,0,7
378753,2,8,Zimbabwe,16,2,1.875,6,0,0,0,6
378753,2,9,Zimbabwe,20,2,2.111111111,10,4,0,0,10
378753,2,10,Zimbabwe,21,2,2.0,11,1,0,0,10
378753,2,11,Zimbabwe,31,2,2.727272727,21,10,0,0,16
378753,2,12,Zimbabwe,34,4,2.75,1,3,2,1,18
378753,2,13,Zimbabwe,44,4,3.272727273,10,11,0,1,29
378753,2,14,Zimbabwe,50,4,3.428571429,16,5,0,1,30
378753,2,15,Zimbabwe,57,4,3.666666667,23,7,0,1,36
378753,2,16,Zimbabwe,60,4,3.625,26,3,0,0,29
378753,2,17,Zimbabwe,61,4,3.470588235,27,1,0,0,27
378753,2,18,Zimbabwe,64,4,3.444444444,30,3,0,0,19
378753,2,19,Zimbabwe,68,4,3.473684211,34,4,0,0,18
378753,2,20,Zimbabwe,70,4,3.4,36,2,0,0,13
378753,2,21,Zimbabwe,77,4,3.571428571,43,7,0,0,17
378753,2,22,Zimbabwe,80,4,3.545454545,46,3,0,0,19
378753,2,23,Zimbabwe,83,4,3.52173913,49,3,0,0,19
378753,2,24,Zimbabwe,86,4,3.5,52,3,0,0,18
378753,2,25,Zimbabwe,91,4,3.56,57,5,0,0,21
378753,2,26,Zimbabwe,95,5,3.576923077,3,4,1,0,18
378753,2,27,Zimbabwe,95,6,3.444444444,0,0,1,0,15
378753,2,28,Zimbabwe,97,6,3.392857143,2,2,0,0,14
378753,2,29,Zimbabwe,105,6,3.551724138,10,8,0,0,19
378753,2,30,Zimbabwe,107,6,3.48603352,11,2,0,0,16
378753,2,31,Zimbabwe,110,6,3.451612903,14,3,0,0,15
378753,2,32,Zimbabwe,113,6,3.4375,17,3,0,0,18
378753,2,33,Zimbabwe,118,6,3.484848485,22,5,0,0,21
378753,2,34,Zimbabwe,123,6,3.529411765,27,5,0,0,18
378753,2,35,Zimbabwe,126,7,3.502392344,0,3,1,1,19
378753,2,36,Zimbabwe,127,7,3.416666667,1,1,0,1,17
378753,2,37,Zimbabwe,131,7,3.432432432,5,4,0,1,18
378753,2,38,Zimbabwe,134,8,3.421052632,2,3,1,1,16
378753,2,39,Zimbabwe,135,8,3.358974359,3,1,0,1,12
378753,2,40,Zimbabwe,141,8,3.414225941,8,6,0,1,15
378753,2,41,Zimbabwe,142,8,3.341463415,9,1,0,1,15
378753,2,42,Zimbabwe,146,8,3.346613546,12,4,1,1,15
378753,2,43,Zimbabwe,154,9,3.441860465,8,8,0,1,20
378753,2,44,Zimbabwe,158,9,3.454545455,12,4,0,1,23
378753,2,45,Zimbabwe,165,9,3.533333333,19,7,0,1,24
378753,2,46,Zimbabwe,167,9,3.5,21,2,0,1,25
378753,2,47,Zimbabwe,167,10,3.474820144,0,0,1,1,21
378759,2,1,Zimbabwe,2,0,1.2,1,2,0,0,2
378759,2,2,Zimbabwe,13,0,3.333333333,5,11,0,0,13
378759,2,3,Zimbabwe,14,0,1.764705882,5,1,0,0,14
378759,2,4,Zimbabwe,18,0,2.086956522,8,4,0,0,18
378759,2,5,Zimbabwe,18,0,1.6,8,0,0,0,18
378759,2,6,Zimbabwe,24,0,2.333333333,14,6,0,0,22
378759,2,7,Zimbabwe,32,0,3.142857143,22,8,0,0,19
378759,2,8,Zimbabwe,37,0,3.375,27,5,0,0,23
378759,2,9,Zimbabwe,38,1,3.056603774,0,1,1,0,20
378759,2,10,Zimbabwe,39,1,2.8,1,1,0,0,21
378759,2,11,Zimbabwe,42,1,2.818181818,4,3,0,0,18
378759,2,12,Zimbabwe,45,1,2.833333333,7,3,0,0,13
378759,2,13,Zimbabwe,50,1,3.0,12,5,0,0,13
378759,2,14,Zimbabwe,51,1,2.857142857,13,1,0,0,13
378759,2,15,Zimbabwe,52,1,2.733333333,14,1,0,0,13
378759,2,16,Zimbabwe,52,2,2.5625,0,0,1,0,10
378759,2,17,Zimbabwe,52,2,2.411764706,0,0,0,0,7
378759,2,18,Zimbabwe,62,2,2.833333333,10,10,0,0,12
378759,2,19,Zimbabwe,63,2,2.736842105,11,1,0,0,12
378759,2,20,Zimbabwe,64,2,2.65,12,1,0,0,12
378759,2,21,Zimbabwe,69,3,2.761904762,5,5,1,1,17
378759,2,22,Zimbabwe,78,3,3.045454545,14,9,0,1,26
378759,2,23,Zimbabwe,79,3,2.956521739,15,1,0,1,17
378759,2,24,Zimbabwe,88,3,3.208333333,24,9,0,1,25
378759,2,25,Zimbabwe,89,4,3.12,0,1,1,1,25
378759,2,26,Zimbabwe,93,4,3.153846154,4,4,0,1,24
378759,2,27,Zimbabwe,93,4,3.037037037,4,0,0,1,15
378759,2,28,Zimbabwe,96,4,3.035714286,7,3,0,1,17
378759,2,29,Zimbabwe,103,4,3.172413793,14,7,0,1,15
378759,2,30,Zimbabwe,108,4,3.233333333,19,5,0,1,19
378759,2,31,Zimbabwe,109,4,3.161290323,20,1,0,1,16
378759,2,32,Zimbabwe,113,4,3.1875,24,4,0,1,20
378759,2,33,Zimbabwe,121,4,3.384615385,32,8,0,1,25
410338,1,1,Zimbabwe,9,0,6.0,5,10,0,0,10
410338,1,2,Zimbabwe,16,0,6.0,12,6,0,0,16
410338,1,3,Zimbabwe,21,0,5.666666667,17,5,0,0,21
410338,1,4,Zimbabwe,24,0,5.0,20,3,0,0,24
410338,1,5,Zimbabwe,28,0,4.8,24,4,0,0,28
410338,1,6,Zimbabwe,31,0,4.5,27,3,0,0,21
410338,1,7,Zimbabwe,35,0,4.428571429,31,4,0,0,19
410338,1,8,Zimbabwe,41,0,4.625,37,6,0,0,20
410338,1,9,Zimbabwe,42,0,4.222222222,38,1,0,0,18
410338,1,10,Zimbabwe,49,0,4.5,45,7,0,0,21
410338,1,11,Zimbabwe,53,0,4.454545455,49,4,0,0,22
410338,1,12,Zimbabwe,56,0,4.309859155,51,3,0,0,21
410338,1,13,Zimbabwe,60,0,4.16,52,6,0,0,21
410338,1,14,Zimbabwe,64,0,4.0,56,2,0,0,22
410338,1,15,Zimbabwe,71,0,4.2,63,7,0,0,22
410338,1,16,Zimbabwe,77,1,4.3125,6,6,1,0,24
410338,1,17,Zimbabwe,81,1,4.277227723,9,6,0,0,27
410338,1,18,Zimbabwe,84,1,4.166666667,12,1,0,0,22
410338,1,19,Zimbabwe,86,1,4.052631579,14,2,0,0,22
410338,1,20,Zimbabwe,90,1,4.05,18,4,0,0,19
410338,1,21,Zimbabwe,90,1,3.857142857,18,0,0,0,13
410338,1,22,Zimbabwe,95,1,3.909090909,23,5,0,0,12
410338,1,23,Zimbabwe,101,1,4.0,29,6,0,0,17
410338,1,24,Zimbabwe,106,1,4.041666667,34,5,0,0,20
410338,1,25,Zimbabwe,108,1,3.96,36,2,0,0,18
410338,1,26,Zimbabwe,112,2,3.961538462,2,4,1,0,22
410338,1,27,Zimbabwe,116,2,3.962962963,6,4,0,0,21
410338,1,28,Zimbabwe,132,2,4.392857143,22,16,0,0,31
410338,1,29,Zimbabwe,135,2,4.344827586,25,3,0,0,29
410338,1,30,Zimbabwe,139,2,4.324022346,28,4,0,0,31
410338,1,31,Zimbabwe,143,2,4.290322581,32,4,0,0,31
410338,1,32,Zimbabwe,150,2,4.375,39,7,0,0,34
410338,1,33,Zimbabwe,155,3,4.393939394,0,5,1,0,23
410338,1,34,Zimbabwe,160,3,4.411764706,5,5,0,0,25
410338,1,35,Zimbabwe,170,3,4.571428571,15,10,0,0,31
410338,1,36,Zimbabwe,179,3,4.694444444,24,9,0,0,36
410338,1,37,Zimbabwe,185,3,4.72972973,30,6,0,0,35
410338,1,38,Zimbabwe,200,3,5.0,45,15,0,0,45
410338,1,39,Zimbabwe,207,3,5.0472103,51,11,0,0,51
410338,1,40,Zimbabwe,217,3,5.15,61,6,0,0,47
410338,1,41,Zimbabwe,233,3,5.414634146,77,16,0,0,54
410338,1,42,Zimbabwe,244,3,5.547619048,88,11,0,0,59
410338,1,43,Zimbabwe,252,5,5.579766537,1,10,2,0,54
410338,1,44,Zimbabwe,273,5,5.909090909,22,19,0,0,62
410338,1,45,Zimbabwe,278,5,5.888888889,27,5,0,0,61
410338,1,46,Zimbabwe,287,5,5.956363636,35,13,0,0,58
410338,1,47,Zimbabwe,300,6,6.085106383,7,9,1,0,56
410338,1,48,Zimbabwe,310,7,6.166666667,0,10,1,0,56
410338,1,49,Zimbabwe,316,7,6.163265306,6,6,0,0,43
410338,1,50,Zimbabwe,320,8,6.12,1,4,1,1,42
410340,2,1,Zimbabwe,3,0,2.4,2,4,0,0,4
410340,2,2,Zimbabwe,5,0,2.0,4,1,0,0,5
410340,2,3,Zimbabwe,9,0,2.666666667,8,4,0,0,9
410340,2,4,Zimbabwe,23,0,5.5,22,14,0,0,23
410340,2,5,Zimbabwe,31,0,6.0,29,10,0,0,33
410340,2,6,Zimbabwe,39,0,6.166666667,37,6,0,0,35
410340,2,7,Zimbabwe,49,0,6.714285714,47,10,0,0,44
410340,2,8,Zimbabwe,60,0,7.304347826,56,12,0,0,52
410340,2,9,Zimbabwe,65,0,6.777777778,61,4,0,0,42
410340,2,10,Zimbabwe,69,1,6.508474576,0,4,1,0,36
410340,2,11,Zimbabwe,72,1,6.090909091,3,3,0,0,33
410340,2,12,Zimbabwe,74,1,5.671232877,5,2,0,0,25
410340,2,13,Zimbabwe,76,1,5.392405063,7,2,0,0,15
410340,2,14,Zimbabwe,82,1,5.435294118,13,6,0,0,17
410340,2,15,Zimbabwe,89,1,5.538461538,20,7,0,0,20
410340,2,16,Zimbabwe,92,1,5.381443299,23,3,0,0,20
410340,2,17,Zimbabwe,94,2,5.184466019,0,2,1,0,20
410340,2,18,Zimbabwe,99,2,5.166666667,4,7,0,0,25
410340,2,19,Zimbabwe,106,2,5.157894737,9,6,0,0,25
410340,2,20,Zimbabwe,108,2,4.958677686,11,1,0,0,19
410340,2,21,Zimbabwe,115,2,5.05511811,18,7,0,0,23
410340,2,22,Zimbabwe,133,2,5.639097744,36,18,0,0,39
410340,2,23,Zimbabwe,136,2,5.525179856,39,3,0,0,35
410340,2,24,Zimbabwe,141,2,5.503448276,44,5,0,0,34
410340,2,25,Zimbabwe,150,2,5.64,52,10,0,0,43
410340,2,26,Zimbabwe,155,2,5.544303797,57,4,0,0,40
410340,2,27,Zimbabwe,159,2,5.487804878,61,4,0,0,26
410340,2,28,Zimbabwe,161,2,5.364705882,63,2,0,0,25
410340,2,29,Zimbabwe,165,2,5.314285714,66,4,0,0,24
410340,2,30,Zimbabwe,172,2,5.270718232,70,9,0,0,23
410340,2,31,Zimbabwe,180,2,5.329787234,78,6,0,0,25
410340,2,32,Zimbabwe,183,2,5.257731959,81,3,0,0,24
410340,2,33,Zimbabwe,189,2,5.28,87,6,0,0,28
410340,2,34,Zimbabwe,192,2,5.213592233,90,3,0,0,27
410340,2,35,Zimbabwe,194,2,5.122641509,92,2,0,0,20
410340,2,36,Zimbabwe,210,2,5.419354839,107,18,0,0,32
410340,2,37,Zimbabwe,219,3,5.491071429,6,7,1,0,36
410340,2,38,Zimbabwe,230,3,5.634782609,17,11,0,0,41
410340,2,39,Zimbabwe,236,3,5.644067797,23,6,0,0,44
410340,2,40,Zimbabwe,246,4,5.752066116,0,10,1,0,52
410340,2,41,Zimbabwe,252,4,5.758064516,6,6,0,0,40
410340,2,42,Zimbabwe,261,4,5.834645669,15,9,0,0,42
410340,2,43,Zimbabwe,265,4,5.792307692,19,4,0,0,35
410340,2,44,Zimbabwe,275,4,5.887218045,29,10,0,0,39
410340,2,45,Zimbabwe,286,5,6.0,7,11,1,0,40
410340,2,46,Zimbabwe,296,5,6.086330935,17,10,0,0,44
410340,2,47,Zimbabwe,301,6,6.06360424,1,5,1,0,40
410340,2,48,Zimbabwe,313,6,6.14532872,11,12,0,0,48
410341,2,1,Zimbabwe,2,0,1.2,1,2,0,0,2
410341,2,2,Zimbabwe,7,0,3.0,6,5,0,0,7
410341,2,3,Zimbabwe,7,0,2.0,6,0,0,0,7
410341,2,4,Zimbabwe,9,0,2.0,8,2,0,0,9
410341,2,5,Zimbabwe,15,0,2.8,14,6,0,0,15
410341,2,6,Zimbabwe,24,0,3.833333333,23,9,0,0,22
410341,2,7,Zimbabwe,27,0,3.714285714,26,3,0,0,20
410341,2,8,Zimbabwe,32,0,3.875,31,5,0,0,25
410341,2,9,Zimbabwe,43,0,4.188679245,37,11,0,0,34
410341,2,10,Zimbabwe,48,1,4.2,5,5,1,0,33
410341,2,11,Zimbabwe,49,2,3.876923077,0,1,1,0,25
410341,2,12,Zimbabwe,55,2,4.0,6,6,0,0,28
410341,2,13,Zimbabwe,57,2,3.846153846,8,2,0,0,25
410341,2,14,Zimbabwe,60,2,3.785714286,11,3,0,0,17
410341,2,15,Zimbabwe,65,2,3.866666667,16,5,0,0,17
410341,2,16,Zimbabwe,66,2,3.6875,17,1,0,0,17
410341,2,17,Zimbabwe,76,2,4.03960396,26,11,0,0,22
410341,2,18,Zimbabwe,77,2,3.833333333,27,0,0,0,20
410341,2,19,Zimbabwe,82,2,3.894736842,32,5,0,0,22
410341,2,20,Zimbabwe,84,2,3.8,34,2,0,0,19
410341,2,21,Zimbabwe,93,2,4.047619048,43,9,0,0,27
410341,2,22,Zimbabwe,94,2,3.909090909,44,1,0,0,17
410341,2,23,Zimbabwe,95,2,3.782608696,45,1,0,0,18
410341,2,24,Zimbabwe,99,3,3.791666667,0,4,1,0,17
410341,2,25,Zimbabwe,102,3,3.76,3,3,0,0,18
410341,2,26,Zimbabwe,105,3,3.730769231,6,3,0,0,12
410341,2,27,Zimbabwe,111,3,3.814814815,12,6,0,0,17
410341,2,28,Zimbabwe,113,3,3.75,14,2,0,0,18
410341,2,29,Zimbabwe,119,3,3.827586207,20,6,0,0,20
410341,2,30,Zimbabwe,127,3,3.966666667,28,8,0,0,25
410341,2,31,Zimbabwe,131,3,3.967741935,32,4,0,0,26
410341,2,32,Zimbabwe,137,3,4.03125,38,6,0,0,26
410341,2,33,Zimbabwe,147,3,4.081218274,43,10,0,0,34
410341,2,34,Zimbabwe,150,3,4.029411765,46,3,0,0,31
410341,2,35,Zimbabwe,157,3,4.076555024,51,8,0,0,31
410341,2,36,Zimbabwe,169,3,4.277777778,63,11,0,0,38
410341,2,37,Zimbabwe,172,4,4.235294118,2,4,1,0,36
410341,2,38,Zimbabwe,173,4,4.131578947,3,0,0,0,26
410341,2,39,Zimbabwe,176,4,4.102564103,6,3,0,0,26
410341,2,40,Zimbabwe,180,4,4.1,10,4,0,0,22
410341,2,41,Zimbabwe,184,4,4.097560976,14,4,0,0,15
410341,2,42,Zimbabwe,193,4,4.214285714,23,9,0,0,20
410341,2,43,Zimbabwe,195,4,4.162790698,25,2,0,0,22
410341,2,44,Zimbabwe,198,4,4.136363636,28,3,0,0,22
410341,2,45,Zimbabwe,199,5,4.066666667,0,1,1,0,19
410341,2,46,Zimbabwe,202,5,4.043478261,3,3,0,0,18
410341,2,47,Zimbabwe,207,5,4.063829787,8,5,0,0,14
410341,2,48,Zimbabwe,212,5,4.097560976,13,5,0,0,17
422626,1,1,Zimbabwe,0,0,0.0,0,0,0,0,0
422626,1,2,Zimbabwe,0,1,0.0,0,0,1,0,0
422626,1,3,Zimbabwe,5,1,1.666666667,5,5,0,0,5
422626,1,4,Zimbabwe,7,2,1.75,2,2,1,0,7
422626,1,5,Zimbabwe,8,2,1.6,3,1,0,0,8
422626,1,6,Zimbabwe,9,2,1.5,4,1,0,0,9
422626,1,7,Zimbabwe,10,2,1.428571429,5,1,0,0,10
422626,1,8,Zimbabwe,13,2,1.625,8,3,0,0,8
422626,1,9,Zimbabwe,19,2,2.111111111,14,6,0,0,12
422626,1,10,Zimbabwe,20,2,2.0,15,1,0,0,12
422626,1,11,Zimbabwe,21,2,1.909090909,16,1,0,0,12
422626,1,12,Zimbabwe,26,2,2.166666667,21,5,0,0,16
422626,1,13,Zimbabwe,28,2,2.103896104,22,7,0,0,20
422626,1,14,Zimbabwe,34,2,2.285714286,27,1,0,0,15
422626,1,15,Zimbabwe,41,3,2.6,0,7,1,0,21
422626,1,16,Zimbabwe,44,3,2.625,3,3,0,0,23
422626,1,17,Zimbabwe,50,3,2.823529412,9,6,0,0,24
422626,1,18,Zimbabwe,56,3,3.0,15,6,0,0,23
422626,1,19,Zimbabwe,58,4,2.947368421,2,2,1,0,24
422626,1,20,Zimbabwe,63,6,3.05,1,5,2,1,22
422626,1,21,Zimbabwe,63,6,2.904761905,1,0,0,1,19
422626,1,22,Zimbabwe,64,6,2.818181818,2,1,0,1,14
422626,1,23,Zimbabwe,70,6,2.956521739,8,6,0,1,14
422626,1,24,Zimbabwe,72,6,2.916666667,10,2,0,1,14
422626,1,25,Zimbabwe,79,6,3.08,17,7,0,1,16
422626,1,26,Zimbabwe,84,6,3.153846154,22,5,0,1,21
422626,1,27,Zimbabwe,93,6,3.37037037,31,9,0,1,29
422626,1,28,Zimbabwe,94,6,3.285714286,32,1,0,1,24
422626,1,29,Zimbabwe,96,6,3.24137931,34,2,0,1,24
422626,1,30,Zimbabwe,100,6,3.266666667,38,4,0,1,21
422626,1,31,Zimbabwe,104,6,3.290322581,42,4,0,1,20
422626,1,32,Zimbabwe,106,6,3.25,44,2,0,1,13
422626,1,33,Zimbabwe,108,6,3.212121212,46,2,0,1,14
422626,1,34,Zimbabwe,113,6,3.264705882,51,5,0,1,17
422626,1,35,Zimbabwe,115,7,3.228571429,0,2,1,1,15
422626,1,36,Zimbabwe,118,7,3.222222222,3,3,0,1,14
422626,1,37,Zimbabwe,121,7,3.216216216,6,3,0,1,15
422626,1,38,Zimbabwe,124,8,3.210526316,0,3,1,1,16
422626,1,39,Zimbabwe,126,8,3.179487179,2,2,0,1,13
422626,1,40,Zimbabwe,131,8,3.225,7,5,0,1,16
422626,1,41,Zimbabwe,136,8,3.268292683,12,5,0,1,18
422626,1,42,Zimbabwe,137,8,3.214285714,13,1,0,1,16
422626,1,43,Zimbabwe,152,8,3.488372093,28,15,0,1,28
422626,1,44,Zimbabwe,167,8,3.75,43,15,0,0,41
422626,1,45,Zimbabwe,171,8,3.755555556,47,4,0,0,40
422626,1,46,Zimbabwe,178,8,3.826086957,54,7,0,0,42
422626,1,47,Zimbabwe,186,10,3.928825623,0,8,2,0,49
422627,2,1,Zimbabwe,10,0,10.0,10,10,0,0,10
422627,2,2,Zimbabwe,27,0,13.5,27,17,0,0,27
422627,2,3,Zimbabwe,43,0,14.33333333,43,16,0,0,43
422627,2,4,Zimbabwe,45,1,11.25,1,2,1,0,45
422627,2,5,Zimbabwe,49,1,9.8,5,4,0,0,49
422627,2,6,Zimbabwe,55,1,9.0,7,7,1,0,46
422627,2,7,Zimbabwe,57,3,7.571428571,1,1,1,1,30
422627,2,8,Zimbabwe,57,3,6.625,1,0,0,1,14
422627,2,9,Zimbabwe,62,3,6.452830189,5,6,0,1,18
422627,2,10,Zimbabwe,68,3,6.3,11,5,0,1,19
422627,2,11,Zimbabwe,82,3,7.0,25,14,0,1,26
422627,2,12,Zimbabwe,89,3,7.0,32,7,0,1,32
422627,2,13,Zimbabwe,95,3,6.935064935,37,6,0,1,38
422627,2,14,Zimbabwe,101,3,6.785714286,43,6,0,1,38
422627,2,15,Zimbabwe,104,3,6.533333333,46,3,0,0,36
422627,2,16,Zimbabwe,112,3,6.625,54,8,0,0,30
422627,2,17,Zimbabwe,118,3,6.594059406,59,7,0,0,30
422627,2,18,Zimbabwe,122,3,6.388888889,63,3,0,0,27
422627,2,19,Zimbabwe,128,3,6.368421053,69,6,0,0,27
422627,2,20,Zimbabwe,130,3,6.15,71,2,0,0,26
422627,2,21,Zimbabwe,133,3,6.0,74,3,0,0,21
422627,2,22,Zimbabwe,137,3,5.908396947,77,9,0,0,23
422627,2,23,Zimbabwe,157,3,6.088235294,86,17,0,0,37
422627,2,24,Zimbabwe,175,3,6.5,104,16,0,0,47
422627,2,25,Zimbabwe,176,3,6.281879195,104,1,0,0,46
422627,2,26,Zimbabwe,187,3,6.270967742,110,13,0,0,56
422627,2,27,Zimbabwe,192,3,6.185185185,115,3,0,0,50
422627,2,28,Zimbabwe,208,3,6.395209581,126,16,0,0,49
422627,2,29,Zimbabwe,213,3,6.312138728,130,5,0,0,38
422627,2,30,Zimbabwe,221,3,6.440677966,138,8,0,0,45
422628,2,1,Zimbabwe,8,0,6.0,5,8,0,0,8
422628,2,2,Zimbabwe,13,0,5.0,10,5,0,0,13
422628,2,3,Zimbabwe,16,0,4.333333333,13,3,0,0,16
422628,2,4,Zimbabwe,23,0,5.0,20,7,0,0,23
422628,2,5,Zimbabwe,24,1,4.2,0,1,1,0,24
422628,2,6,Zimbabwe,37,1,5.657142857,12,14,0,0,30
422628,2,7,Zimbabwe,40,1,5.142857143,15,2,0,0,27
422628,2,8,Zimbabwe,42,1,4.75,17,2,0,0,26
422628,2,9,Zimbabwe,51,1,5.222222222,26,9,0,0,28
422628,2,10,Zimbabwe,52,1,4.8,27,1,0,0,28
422628,2,11,Zimbabwe,54,1,4.545454545,29,2,0,0,16
422628,2,12,Zimbabwe,63,1,4.901408451,37,10,0,0,24
422628,2,13,Zimbabwe,65,1,4.597402597,38,1,0,0,23
422628,2,14,Zimbabwe,68,1,4.409638554,40,4,0,0,18
422628,2,15,Zimbabwe,70,1,4.2,42,1,0,0,18
422628,2,16,Zimbabwe,71,1,4.0,43,1,0,0,17
422628,2,17,Zimbabwe,75,1,4.0,47,4,0,0,11
422628,2,18,Zimbabwe,83,1,4.222222222,55,8,0,0,18
422628,2,19,Zimbabwe,87,1,4.210526316,59,4,0,0,18
422628,2,20,Zimbabwe,87,1,4.0,59,0,0,0,17
422628,2,21,Zimbabwe,92,1,4.047619048,64,5,0,0,21
422628,2,22,Zimbabwe,100,1,4.227272727,72,8,0,0,25
422628,2,23,Zimbabwe,116,1,4.739130435,88,16,0,0,33
422628,2,24,Zimbabwe,122,2,4.791666667,0,6,1,0,35
422628,2,25,Zimbabwe,130,2,4.92,8,8,0,0,43
422628,2,26,Zimbabwe,134,2,4.884615385,12,4,0,0,42
422628,2,27,Zimbabwe,140,2,4.925925926,18,6,0,0,40
422628,2,28,Zimbabwe,142,2,4.821428571,20,2,0,0,26
422628,2,29,Zimbabwe,147,2,4.820809249,24,5,0,0,25
422628,2,30,Zimbabwe,152,2,4.8,29,5,0,0,22
422628,2,31,Zimbabwe,162,2,4.967741935,39,10,0,0,28
422628,2,32,Zimbabwe,175,2,5.21875,52,13,0,0,35
422628,2,33,Zimbabwe,176,3,5.090909091,1,1,1,0,34
422628,2,34,Zimbabwe,180,3,5.058823529,5,4,0,0,33
422628,2,35,Zimbabwe,182,3,4.971428571,7,2,0,0,30
422628,2,36,Zimbabwe,183,5,4.861111111,0,1,2,1,21
422628,2,37,Zimbabwe,187,5,4.837837838,4,4,0,1,12
422628,2,38,Zimbabwe,189,5,4.757709251,5,2,0,1,13
422628,2,39,Zimbabwe,189,5,4.615384615,5,0,0,1,9
422628,2,40,Zimbabwe,193,5,4.6,9,4,0,1,11
422628,2,41,Zimbabwe,198,6,4.647540984,4,5,1,1,15
422629,2,1,Zimbabwe,10,0,12.0,8,11,0,0,11
422629,2,2,Zimbabwe,12,0,5.0,10,1,0,0,12
422629,2,3,Zimbabwe,22,0,6.705882353,19,10,0,0,22
422629,2,4,Zimbabwe,26,0,5.75,23,4,0,0,26
422629,2,5,Zimbabwe,26,0,4.6,23,0,0,0,26
422629,2,6,Zimbabwe,31,0,4.666666667,28,5,0,0,20
422629,2,7,Zimbabwe,33,2,4.285714286,0,2,2,0,21
422629,2,8,Zimbabwe,36,3,3.829787234,0,3,1,1,14
422629,2,9,Zimbabwe,38,3,3.555555556,2,2,0,1,12
422629,2,10,Zimbabwe,40,4,3.4,2,2,1,1,14
422629,2,11,Zimbabwe,43,4,3.363636364,5,3,0,1,12
422629,2,12,Zimbabwe,49,4,3.633802817,11,6,0,1,16
423783,2,1,New Zealand,8,0,8.0,8,8,0,0,8
423783,2,2,New Zealand,13,0,6.5,13,5,0,0,13
423783,2,3,New Zealand,22,0,7.333333333,22,9,0,0,22
423783,2,4,New Zealand,28,0,7.0,28,6,0,0,28
423783,2,5,New Zealand,35,0,7.0,35,7,0,0,35
423783,2,6,New Zealand,36,0,6.0,36,1,0,0,28
423783,2,7,New Zealand,42,0,6.0,42,6,0,0,29
423783,2,8,New Zealand,52,0,6.0,47,10,0,0,30
423783,2,9,New Zealand,59,0,6.0,53,11,0,0,35
423783,2,10,New Zealand,68,0,6.2,62,5,0,0,33
423783,2,11,New Zealand,71,1,5.909090909,0,3,1,0,35
423783,2,12,New Zealand,76,1,5.833333333,5,5,0,0,34
423783,2,13,New Zealand,77,1,5.454545455,5,5,0,0,29
423783,2,14,New Zealand,83,1,5.428571429,11,2,0,0,20
423783,2,15,New Zealand,84,2,5.133333333,0,1,1,0,16
423783,2,16,New Zealand,87,2,5.0,3,3,0,0,16
423783,2,17,New Zealand,94,2,5.117647059,10,7,0,0,18
423783,2,18,New Zealand,97,2,5.0,13,3,0,0,16
423783,2,19,New Zealand,100,2,4.884955752,15,4,0,0,18
423783,2,20,New Zealand,110,2,5.1,25,9,0,0,26
423783,2,21,New Zealand,118,2,5.238095238,33,8,0,0,31
423783,2,22,New Zealand,119,4,5.045454545,0,1,2,1,25
423783,2,23,New Zealand,123,4,5.0,4,4,0,1,26
423783,2,24,New Zealand,125,4,4.875,6,2,0,1,24
423783,2,25,New Zealand,128,4,4.791946309,8,4,0,1,19
423783,2,26,New Zealand,132,4,4.730769231,12,3,0,1,14
423783,2,27,New Zealand,133,4,4.592592593,13,1,0,1,14
423783,2,28,New Zealand,136,5,4.535714286,3,3,1,1,13
423783,2,29,New Zealand,144,6,4.655172414,0,8,1,1,19
423783,2,30,New Zealand,148,6,4.633333333,4,4,0,1,19
423783,2,31,New Zealand,149,6,4.516129032,5,1,0,1,17
423783,2,32,New Zealand,154,6,4.53125,10,5,0,1,21
423783,2,33,New Zealand,158,6,4.515151515,14,4,0,1,22
423783,2,34,New Zealand,161,6,4.470588235,17,3,0,1,17
423783,2,35,New Zealand,166,6,4.485714286,22,5,0,1,18
423783,2,36,New Zealand,169,7,4.444444444,2,3,1,1,20
423783,2,37,New Zealand,170,7,4.343891403,2,2,0,1,17
423783,2,38,New Zealand,173,8,4.281938326,0,2,1,1,15
423783,2,39,New Zealand,179,8,4.307692308,6,6,0,1,18
423783,2,40,New Zealand,182,8,4.275,9,3,0,1,16
423783,2,41,New Zealand,186,8,4.268292683,13,4,0,1,17
423783,2,42,New Zealand,189,8,4.238095238,16,3,0,1,18
423783,2,43,New Zealand,190,8,4.162790698,17,1,0,1,17
423783,2,44,New Zealand,190,10,4.08365019,0,0,2,1,11
423784,1,1,New Zealand,5,0,5.0,5,5,0,0,5
423784,1,2,New Zealand,5,1,2.5,0,0,1,0,5
423784,1,3,New Zealand,9,1,2.823529412,3,4,0,0,9
423784,1,4,New Zealand,10,1,2.25,4,1,0,0,10
423784,1,5,New Zealand,12,2,2.2,1,2,1,0,12
423784,1,6,New Zealand,13,2,1.885714286,1,1,0,0,8
423784,1,7,New Zealand,14,2,1.714285714,2,1,0,0,9
423784,1,8,New Zealand,14,2,1.5,2,0,0,0,5
423784,1,9,New Zealand,14,3,1.333333333,0,0,1,1,4
423784,1,10,New Zealand,15,3,1.3,1,1,0,1,3
423784,1,11,New Zealand,23,3,1.909090909,9,8,0,1,10
423784,1,12,New Zealand,24,4,1.833333333,1,1,1,1,10
423784,1,13,New Zealand,25,5,1.769230769,0,1,1,1,11
423784,1,14,New Zealand,25,5,1.642857143,0,0,0,1,11
423784,1,15,New Zealand,27,5,1.666666667,2,2,0,1,12
423784,1,16,New Zealand,36,5,2.125,11,9,0,1,13
423784,1,17,New Zealand,36,5,2.0,11,0,0,1,12
423784,1,18,New Zealand,36,5,1.888888889,11,0,0,1,11
423784,1,19,New Zealand,38,5,1.894736842,13,2,0,1,13
423784,1,20,New Zealand,40,5,1.865546218,14,2,0,1,13
423784,1,21,New Zealand,44,5,1.952380952,18,4,0,1,8
423784,1,22,New Zealand,45,5,1.909090909,19,1,0,1,9
423784,1,23,New Zealand,46,6,1.869565217,0,1,1,1,10
423784,1,24,New Zealand,47,6,1.833333333,1,1,0,1,9
423784,1,25,New Zealand,49,6,1.84,3,2,0,1,9
423784,1,26,New Zealand,51,6,1.846153846,5,2,0,1,7
423784,1,27,New Zealand,52,6,1.814814815,6,1,0,1,7
423784,1,28,New Zealand,54,6,1.821428571,8,2,0,1,8
423784,1,29,New Zealand,55,6,1.793103448,9,1,0,1,8
423784,1,30,New Zealand,64,6,2.033333333,18,9,0,1,15
423784,1,31,New Zealand,64,6,1.967741935,18,0,0,1,13
423784,1,32,New Zealand,66,6,1.96875,20,2,0,1,14
423784,1,33,New Zealand,67,6,1.939393939,21,1,0,1,13
423784,1,34,New Zealand,69,6,1.941176471,23,2,0,1,14
423784,1,35,New Zealand,73,6,2.0,27,4,0,1,9
423784,1,36,New Zealand,75,6,2.0,29,2,0,1,11
423784,1,37,New Zealand,77,6,2.0,31,2,0,1,11
423784,1,38,New Zealand,80,6,2.026315789,34,3,0,1,13
423784,1,39,New Zealand,84,6,2.076923077,38,4,0,1,15
423784,1,40,New Zealand,91,6,2.2,45,7,0,1,18
423784,1,41,New Zealand,98,6,2.317073171,52,7,0,1,23
423784,1,42,New Zealand,106,6,2.452380952,60,8,0,0,29
423784,1,43,New Zealand,109,6,2.465116279,63,3,0,0,29
423784,1,44,New Zealand,112,6,2.477272727,66,3,0,0,28
423784,1,45,New Zealand,124,6,2.688888889,78,12,0,0,33
423784,1,46,New Zealand,132,6,2.781021898,84,9,0,0,35
423784,1,47,New Zealand,145,6,2.978723404,97,12,0,0,39
423784,1,48,New Zealand,155,7,3.125,8,10,1,0,46
423784,1,49,New Zealand,166,7,3.285714286,19,11,0,0,54
423784,1,50,New Zealand,183,8,3.56,17,17,1,0,59
423785,1,1,New Zealand,8,1,8.0,0,8,1,0,8
423785,1,2,New Zealand,17,1,6.545454545,4,9,0,0,17
423785,1,3,New Zealand,24,1,6.333333333,11,7,0,0,24
423785,1,4,New Zealand,30,1,6.260869565,16,7,0,0,31
423785,1,5,New Zealand,33,1,5.4,19,2,0,0,33
423785,1,6,New Zealand,42,2,6.0,1,9,1,0,34
423785,1,7,New Zealand,42,2,5.142857143,1,0,0,0,25
423785,1,8,New Zealand,44,2,4.75,3,2,0,0,20
423785,1,9,New Zealand,45,2,4.333333333,4,1,0,0,14
423785,1,10,New Zealand,49,2,4.3,8,4,0,0,16
423785,1,11,New Zealand,51,2,4.090909091,10,2,0,0,9
423785,1,12,New Zealand,55,2,4.083333333,14,4,0,0,13
423785,1,13,New Zealand,62,2,4.263157895,19,8,0,0,19
423785,1,14,New Zealand,70,2,4.428571429,27,7,0,0,25
423785,1,15,New Zealand,70,2,4.133333333,27,0,0,0,21
423785,1,16,New Zealand,75,2,4.1875,32,5,0,0,24
423785,1,17,New Zealand,78,2,4.117647059,35,3,0,0,23
423785,1,18,New Zealand,85,2,4.261682243,41,11,0,0,26
423785,1,19,New Zealand,95,2,4.526315789,51,6,0,0,25
423785,1,20,New Zealand,97,2,4.4,53,2,0,0,27
423785,1,21,New Zealand,99,3,4.285714286,0,2,1,0,24
423785,1,22,New Zealand,106,3,4.396946565,6,8,0,0,29
423785,1,23,New Zealand,111,3,4.367647059,9,5,0,0,23
423785,1,24,New Zealand,118,3,4.416666667,16,6,0,0,23
423785,1,25,New Zealand,121,3,4.36,19,3,0,0,24
423785,1,26,New Zealand,124,3,4.307692308,22,3,0,0,25
423785,1,27,New Zealand,130,3,4.37037037,28,6,0,0,23
423785,1,28,New Zealand,134,3,4.357142857,32,4,0,0,22
423785,1,29,New Zealand,136,3,4.275862069,34,2,0,0,18
423785,1,30,New Zealand,141,3,4.3,39,5,0,0,20
423785,1,31,New Zealand,144,3,4.258064516,42,3,0,0,20
423785,1,32,New Zealand,145,3,4.15625,43,1,0,0,15
423785,1,33,New Zealand,149,3,4.151515152,47,4,0,0,15
423785,1,34,New Zealand,151,3,4.088235294,49,2,0,0,15
423785,1,35,New Zealand,162,3,4.285714286,60,11,0,0,21
423785,1,36,New Zealand,166,3,4.269767442,63,8,0,0,26
423785,1,37,New Zealand,176,3,4.405405405,73,6,0,0,31
423785,1,38,New Zealand,183,3,4.473684211,80,7,0,0,34
423785,1,39,New Zealand,191,4,4.564102564,8,8,1,0,40
423785,1,40,New Zealand,198,4,4.625,15,7,0,0,36
423785,1,41,New Zealand,198,4,4.512195122,15,0,0,0,28
423785,1,42,New Zealand,201,4,4.476190476,18,3,0,0,25
423785,1,43,New Zealand,205,4,4.465116279,22,4,0,0,22
423785,1,44,New Zealand,209,5,4.454545455,4,4,1,0,18
423785,1,45,New Zealand,219,5,4.577777778,14,10,0,0,21
423785,1,46,New Zealand,227,6,4.652173913,6,8,1,1,29
423785,1,47,New Zealand,233,6,4.680851064,12,6,0,1,32
423785,1,48,New Zealand,234,7,4.604166667,0,1,1,1,29
423785,1,49,New Zealand,238,8,4.591836735,4,4,1,1,29
423785,1,50,New Zealand,240,8,4.535117057,5,3,1,1,22
426403,1,1,England,11,0,11.0,11,11,0,0,11
426403,1,2,England,22,0,11.45454545,21,11,0,0,22
426403,1,3,England,28,0,9.0,27,6,0,0,28
426403,1,4,England,31,0,7.5,30,3,0,0,31
426403,1,5,England,35,0,6.857142857,32,6,0,0,37
426403,1,6,England,39,0,6.0,35,3,0,0,29
426403,1,7,England,42,1,5.428571429,2,2,1,0,20
426403,1,8,England,43,1,4.85106383,2,1,0,0,15
426403,1,9,England,43,1,4.222222222,2,0,0,0,12
426403,1,10,England,47,1,4.2,6,4,0,0,10
426403,1,11,England,60,1,5.0,19,13,0,0,20
426403,1,12,England,64,1,4.901408451,22,4,0,0,22
426403,1,13,England,69,1,4.846153846,27,5,0,0,26
426403,1,14,England,70,2,4.571428571,0,1,1,0,27
426403,1,15,England,72,2,4.4,2,2,0,0,25
426403,1,16,England,76,2,4.357894737,5,4,0,0,16
426403,1,17,England,80,2,4.294117647,9,4,0,0,16
426403,1,18,England,87,2,4.444444444,16,7,0,0,18
426403,1,19,England,96,2,4.684210526,25,9,0,0,26
426403,1,20,England,99,2,4.6,28,3,0,0,27
426403,1,21,England,104,2,4.619047619,33,5,0,0,28
426403,1,22,England,114,2,4.863636364,43,10,0,0,34
426403,1,23,England,116,2,4.739130435,45,2,0,0,29
426403,1,24,England,125,2,4.916666667,54,9,0,0,29
426403,1,25,England,127,2,4.8,56,2,0,0,28
426403,1,26,England,131,2,4.769230769,60,4,0,0,27
426403,1,27,England,134,2,4.703703704,63,3,0,0,20
426403,1,28,England,136,3,4.607142857,0,2,1,0,20
426403,1,29,England,139,3,4.551724138,3,3,0,0,14
426403,1,30,England,142,3,4.5,6,3,0,0,15
426403,1,31,England,147,3,4.516129032,11,5,0,0,16
426403,1,32,England,154,3,4.59375,18,7,0,0,20
426403,1,33,England,159,3,4.606060606,23,5,0,0,23
426403,1,34,England,166,3,4.676470588,30,7,0,0,27
426403,1,35,England,174,3,4.771428571,38,8,0,0,32
426403,1,36,England,177,3,4.722222222,41,3,0,0,30
426403,1,37,England,177,3,4.594594595,41,0,0,0,23
426403,1,38,England,180,3,4.552631579,44,3,0,0,21
426403,1,39,England,184,3,4.538461538,48,4,0,0,18
426403,1,40,England,187,4,4.5,1,3,1,0,13
426403,1,41,England,189,4,4.43902439,3,2,0,0,12
426403,1,42,England,190,4,4.35059761,3,5,0,0,17
426403,1,43,England,200,4,4.459143969,12,7,0,0,21
426403,1,44,England,213,4,4.631178707,24,18,0,0,35
426403,1,45,England,222,5,4.711111111,0,3,1,0,35
426403,1,46,England,226,5,4.695652174,4,4,0,0,37
426403,1,47,England,234,6,4.761565836,0,9,1,0,41
426403,1,48,England,238,7,4.729166667,2,3,1,1,37
426403,1,49,England,245,8,4.775510204,2,7,1,1,26
426403,1,50,England,250,9,4.78,0,5,1,1,28
426404,1,1,England,4,0,4.0,4,4,0,0,4
426404,1,2,England,6,0,3.0,6,2,0,0,6
426404,1,3,England,11,0,3.666666667,11,5,0,0,11
426404,1,4,England,14,0,3.5,14,3,0,0,14
426404,1,5,England,19,0,3.8,19,5,0,0,19
426404,1,6,England,21,1,3.5,2,2,1,0,17
426404,1,7,England,30,1,4.243902439,10,10,0,0,25
426404,1,8,England,34,1,4.043478261,12,3,0,0,23
426404,1,9,England,36,1,3.666666667,14,2,0,0,22
426404,1,10,England,50,1,4.7,28,14,0,0,31
426404,1,11,England,55,1,4.727272727,33,5,0,0,34
426404,1,12,England,63,1,5.0,41,8,0,0,32
426404,1,13,England,65,2,4.769230769,0,2,1,0,31
426404,1,14,England,67,2,4.554216867,1,2,0,0,31
426404,1,15,England,71,2,4.449438202,4,7,0,0,24
426404,1,16,England,77,2,4.375,8,3,0,0,22
426404,1,17,England,88,2,4.764705882,19,11,0,0,25
426404,1,18,England,91,2,4.666666667,22,3,0,0,26
426404,1,19,England,95,2,4.619469027,25,4,0,0,28
426404,1,20,England,98,2,4.5,28,3,0,0,24
426404,1,21,England,106,2,4.666666667,36,8,0,0,29
426404,1,22,England,108,2,4.545454545,38,2,0,0,20
426404,1,23,England,113,2,4.565217391,43,5,0,0,22
426404,1,24,England,116,2,4.5,46,3,0,0,21
426404,1,25,England,120,2,4.48,50,4,0,0,22
426404,1,26,England,125,2,4.490322581,54,7,0,0,21
426404,1,27,England,130,2,4.481481481,59,3,0,0,22
426404,1,28,England,136,2,4.45508982,62,7,0,0,24
426404,1,29,England,142,2,4.482758621,68,5,0,0,26
426404,1,30,England,149,3,4.566666667,1,7,1,0,29
426404,1,31,England,150,4,4.451612903,1,1,1,0,23
426404,1,32,England,152,4,4.375,3,2,0,0,22
426404,1,33,England,155,4,4.333333333,6,3,0,0,18
426404,1,34,England,158,4,4.294117647,9,3,0,0,16
426404,1,35,England,162,4,4.285714286,13,4,0,0,13
426404,1,36,England,165,4,4.25,16,3,0,0,15
426404,1,37,England,172,4,4.316742081,22,7,0,0,20
426404,1,38,England,174,5,4.236842105,0,2,1,1,19
426404,1,39,England,176,5,4.179487179,2,2,0,1,18
426404,1,40,England,182,5,4.217573222,7,7,0,1,21
426404,1,41,England,186,5,4.195121951,11,3,0,1,21
426404,1,42,England,190,5,4.19047619,15,4,0,1,18
426404,1,43,England,194,5,4.186046512,19,4,0,1,20
426404,1,44,England,196,6,4.136363636,0,2,1,1,20
426404,1,45,England,198,6,4.088888889,2,2,0,1,15
426404,1,46,England,202,6,4.086956522,6,4,0,1,16
426404,1,47,England,206,6,4.078291815,9,5,0,1,17
426404,1,48,England,215,6,4.166666667,18,8,0,1,21
426404,1,49,England,225,6,4.279863481,27,16,0,1,35
426404,1,50,England,236,7,4.4,3,5,1,0,38
426420,1,1,England,5,0,5.0,5,5,0,0,5
426420,1,2,England,10,0,5.0,10,5,0,0,10
426420,1,3,England,15,0,4.941176471,14,5,0,0,15
426420,1,4,England,16,0,3.75,15,1,0,0,16
426420,1,5,England,27,0,5.2,26,11,0,0,27
426420,1,6,England,31,0,5.0,30,4,0,0,26
426420,1,7,England,36,0,5.0,35,5,0,0,26
426420,1,8,England,46,0,5.617021277,44,11,0,0,32
426420,1,9,England,57,0,6.113207547,54,16,0,0,47
426420,1,10,England,68,1,6.5,5,5,1,0,41
426420,1,11,England,73,2,6.363636364,2,5,1,0,42
426420,1,12,England,81,2,6.422535211,8,9,0,0,46
426420,1,13,England,88,3,6.384615385,6,6,1,1,41
426420,1,14,England,89,3,6.0,7,1,0,1,26
426420,1,15,England,89,3,5.6,7,0,0,1,21
426420,1,16,England,94,3,5.5625,12,5,0,1,21
426420,1,17,England,98,3,5.470588235,16,4,0,1,16
426420,1,18,England,103,3,5.444444444,21,5,0,1,15
426420,1,19,England,110,3,5.526315789,28,7,0,1,21
426420,1,20,England,112,4,5.35,0,2,1,1,23
426420,1,21,England,112,4,5.095238095,0,0,0,1,18
426420,1,22,England,115,4,5.0,3,3,0,1,17
426420,1,23,England,121,4,5.043478261,9,6,0,1,18
426420,1,24,England,125,4,5.0,13,4,0,1,15
426420,1,25,England,128,4,4.92,16,3,0,1,16
426420,1,26,England,131,4,4.846153846,19,3,0,1,19
426420,1,27,England,135,4,4.814814815,23,4,0,1,20
426420,1,28,England,137,4,4.714285714,25,2,0,1,16
426420,1,29,England,144,4,4.793103448,32,7,0,1,19
426420,1,30,England,147,6,4.733333333,1,3,2,1,19
426420,1,31,England,149,6,4.64516129,3,2,0,1,18
426420,1,32,England,153,6,4.625,7,4,0,1,18
426420,1,33,England,160,6,4.69035533,13,7,0,1,23
426420,1,34,England,166,6,4.705882353,19,6,0,1,22
426420,1,35,England,170,6,4.679425837,22,5,0,1,24
426420,1,36,England,176,6,4.694444444,28,5,0,1,27
426420,1,37,England,188,6,4.891891892,40,12,0,1,35
426420,1,38,England,192,6,4.868421053,44,4,0,0,32
426420,1,39,England,204,6,5.051282051,56,12,0,0,38
426420,1,40,England,209,6,5.05,61,5,0,0,38
426420,1,41,England,213,7,5.024390244,4,4,1,0,37
426420,1,42,England,214,8,4.928571429,0,1,1,0,26
426420,1,43,England,214,9,4.813953488,0,0,1,1,22
426420,1,44,England,220,9,4.840909091,6,6,0,1,16
426420,1,45,England,226,9,4.866666667,12,6,0,1,17
426420,1,46,England,228,10,4.839416058,0,2,1,1,15
426421,1,1,England,6,0,6.0,4,6,0,0,6
426421,1,2,England,7,0,2.181818182,4,2,0,0,8
426421,1,3,England,10,0,2.333333333,7,2,0,0,10
426421,1,4,England,11,0,2.0,8,1,0,0,11
426421,1,5,England,14,0,2.2,11,3,0,0,14
426421,1,6,England,25,0,3.666666667,22,11,0,0,19
426421,1,7,England,30,0,3.857142857,27,5,0,0,22
426421,1,8,England,36,0,4.125,33,6,0,0,26
426421,1,9,England,42,0,4.333333333,39,6,0,0,31
426421,1,10,England,52,1,4.9,6,10,1,0,38
426421,1,11,England,56,1,4.8,9,4,1,0,31
426421,1,12,England,60,2,4.666666667,4,4,0,0,30
426421,1,13,England,65,2,4.692307692,9,5,0,0,29
426421,1,14,England,67,2,4.5,11,2,0,0,25
426421,1,15,England,68,2,4.266666667,12,1,0,0,16
426421,1,16,England,71,2,4.1875,15,3,0,0,15
426421,1,17,England,72,2,4.0,16,1,0,0,12
426421,1,18,England,79,2,4.166666667,23,7,0,0,14
426421,1,19,England,84,2,4.210526316,28,5,0,0,17
426421,1,20,England,85,2,4.05,29,1,0,0,17
426421,1,21,England,89,2,4.032,32,5,0,0,19
426421,1,22,England,99,2,4.272727273,42,9,0,0,27
426421,1,23,England,101,2,4.173913043,44,2,0,0,22
426421,1,24,England,102,2,4.041666667,45,1,0,0,18
426421,1,25,England,106,2,4.04,49,4,0,0,21
426421,1,26,England,110,2,4.038461538,53,4,0,0,20
426421,1,27,England,116,2,4.111111111,59,6,0,0,17
426421,1,28,England,120,2,4.107142857,63,4,0,0,19
426421,1,29,England,122,2,4.034482759,65,2,0,0,20
426421,1,30,England,126,2,4.033333333,69,4,0,0,20
426421,1,31,England,132,2,4.096774194,75,6,0,0,22
426421,1,32,England,135,2,4.0625,78,3,0,0,19
426421,1,33,England,146,3,4.272727273,0,11,1,0,26
426421,1,34,England,150,3,4.264705882,4,4,0,0,28
426421,1,35,England,152,3,4.2,6,2,0,0,26
426421,1,36,England,164,3,4.416666667,18,12,0,0,32
426421,1,37,England,168,4,4.405405405,2,4,1,0,33
426421,1,38,England,169,4,4.315789474,3,1,0,0,23
426421,1,39,England,178,4,4.435897436,12,9,0,0,28
426421,1,40,England,187,4,4.55,21,9,0,0,35
426421,1,41,England,194,4,4.609756098,28,7,0,0,30
426421,1,42,England,204,4,4.738095238,38,10,0,0,36
426421,1,43,England,208,4,4.720930233,42,4,0,0,39
426421,1,44,England,211,4,4.676806084,44,3,1,0,33
426421,1,45,England,215,5,4.644444444,4,4,0,0,28
426421,1,46,England,219,5,4.630434783,8,4,0,0,25
426421,1,47,England,225,5,4.65480427,13,7,0,0,22
426421,1,48,England,235,5,4.75,23,9,0,0,27
426421,1,49,England,246,6,4.87755102,11,11,1,0,35
426421,1,50,England,260,6,5.06,25,14,0,0,45
426422,2,1,England,1,1,1.0,1,1,1,0,1
426422,2,2,England,3,1,1.5,3,2,0,0,3
426422,2,3,England,8,1,2.666666667,8,5,0,0,8
426422,2,4,England,9,1,2.25,9,1,0,0,9
426422,2,5,England,15,1,3.0,15,6,0,0,15
426422,2,6,England,16,1,2.666666667,16,1,0,0,15
426422,2,7,England,24,1,3.365853659,23,8,0,0,21
426422,2,8,England,30,1,3.574468085,28,10,0,0,26
426422,2,9,England,40,1,4.222222222,38,6,0,0,31
426422,2,10,England,40,2,3.8,0,0,1,0,25
426422,2,11,England,48,2,4.061538462,6,9,0,0,33
426422,2,12,England,54,2,4.166666667,12,5,0,0,30
426422,2,13,England,61,2,4.384615385,19,7,0,0,27
426422,2,14,England,64,2,4.285714286,22,3,0,0,24
426422,2,15,England,73,2,4.6,31,9,0,0,33
426422,2,16,England,82,2,4.875,40,9,0,0,33
426422,2,17,England,85,2,4.764705882,43,3,0,0,31
426422,2,18,England,87,2,4.611111111,45,2,0,0,26
426422,2,19,England,91,2,4.578947368,49,4,0,0,27
426422,2,20,England,96,3,4.6,0,5,1,0,23
426422,2,21,England,100,3,4.571428571,4,4,0,0,18
426422,2,22,England,107,3,4.681818182,11,7,0,0,22
426422,2,23,England,113,3,4.739130435,17,6,0,0,26
426422,2,24,England,118,3,4.75,22,5,0,0,27
426422,2,25,England,125,3,4.84,29,7,0,0,29
426422,2,26,England,127,4,4.730769231,2,2,1,0,27
426422,2,27,England,135,4,4.695652174,5,10,0,0,30
426422,2,28,England,139,4,4.642857143,9,2,0,0,26
426422,2,29,England,141,4,4.551724138,11,2,0,0,23
426422,2,30,England,144,4,4.5,14,3,0,0,19
426422,2,31,England,147,4,4.451612903,17,3,0,0,20
426422,2,32,England,151,4,4.4375,21,4,0,0,14
426422,2,33,England,160,4,4.575757576,30,9,0,0,21
426422,2,34,England,163,5,4.529411765,1,3,1,0,22
426422,2,35,England,166,5,4.485714286,4,3,0,0,22
426422,2,36,England,173,5,4.542056075,9,8,0,0,27
426422,2,37,England,182,5,4.621621622,18,8,0,0,31
426422,2,38,England,184,5,4.546255507,19,2,0,0,24
426422,2,39,England,187,5,4.487179487,22,3,0,0,24
426422,2,40,England,190,5,4.45,25,3,0,0,24
426422,2,41,England,194,5,4.43902439,29,4,0,0,20
426422,2,42,England,202,5,4.523809524,37,8,0,0,20
426422,2,43,England,204,6,4.465116279,0,2,1,0,20
426422,2,44,England,209,6,4.477272727,5,5,0,0,22
426422,2,45,England,214,7,4.483271375,2,5,1,0,24
426422,2,46,England,218,7,4.450909091,5,10,0,0,30
426422,2,47,England,228,9,4.553191489,0,4,2,1,26
426422,2,48,England,233,9,4.5625,5,5,0,1,29
426422,2,49,England,234,9,4.489795918,6,1,0,1,25
426422,2,50,England,239,9,4.5,11,5,0,1,25
433566,1,1,Ireland,10,0,10.0,10,10,0,0,10
433566,1,2,Ireland,20,0,8.181818182,15,10,0,0,20
433566,1,3,Ireland,32,0,9.0,27,12,0,0,32
433566,1,4,Ireland,41,0,9.0,36,9,0,0,41
433566,1,5,Ireland,49,0,8.8,44,8,0,0,49
433566,1,6,Ireland,51,0,7.666666667,46,2,0,0,41
433566,1,7,Ireland,53,1,6.87804878,47,2,1,0,33
433566,1,8,Ireland,56,1,6.25,50,3,0,0,24
433566,1,9,Ireland,61,2,6.111111111,0,5,1,0,20
433566,1,10,Ireland,67,2,6.1,6,6,0,0,18
433566,1,11,Ireland,68,2,5.636363636,7,1,0,0,17
433566,1,12,Ireland,73,3,5.583333333,5,5,1,1,20
433566,1,13,Ireland,78,3,5.538461538,10,5,0,1,22
433566,1,14,Ireland,80,3,5.277108434,11,2,0,1,19
433566,1,15,Ireland,86,3,5.258426966,16,6,0,1,19
433566,1,16,Ireland,86,4,4.875,0,0,1,1,18
433566,1,17,Ireland,89,4,4.764705882,3,3,0,1,16
433566,1,18,Ireland,89,4,4.5,3,0,0,1,11
433566,1,19,Ireland,92,4,4.421052632,6,3,0,1,12
433566,1,20,Ireland,97,4,4.45,11,5,0,1,11
433566,1,21,Ireland,103,4,4.523809524,17,6,0,1,17
433566,1,22,Ireland,105,4,4.409090909,19,2,0,1,16
433566,1,23,Ireland,107,4,4.304347826,21,2,0,1,18
433566,1,24,Ireland,109,4,4.208333333,23,2,0,1,17
433566,1,25,Ireland,113,4,4.2,27,4,0,1,16
433566,1,26,Ireland,117,4,4.192307692,31,4,0,1,14
433566,1,27,Ireland,120,4,4.148148148,34,3,0,1,15
433566,1,28,Ireland,125,4,4.178571429,39,5,0,1,18
433566,1,29,Ireland,128,4,4.137931034,42,3,0,1,19
433566,1,30,Ireland,134,4,4.2,48,6,0,1,21
433566,1,31,Ireland,140,4,4.258064516,54,6,0,1,23
433566,1,32,Ireland,144,4,4.25,58,4,0,1,24
433566,1,33,Ireland,146,4,4.181818182,60,2,0,1,21
433566,1,34,Ireland,147,5,4.088235294,0,1,1,1,19
433566,1,35,Ireland,151,5,4.085714286,4,4,0,1,17
433566,1,36,Ireland,153,6,4.027777778,2,2,1,1,13
433566,1,37,Ireland,156,6,4.0,5,3,0,1,12
433566,1,38,Ireland,159,6,3.973684211,8,3,0,1,13
433566,1,39,Ireland,167,7,4.076923077,8,8,1,1,20
433566,1,40,Ireland,167,7,3.975,8,0,0,1,16
433566,1,41,Ireland,169,7,3.926829268,10,2,0,1,16
433566,1,42,Ireland,170,7,3.857142857,11,1,0,1,14
433566,1,43,Ireland,172,8,3.813953488,2,2,1,1,13
433566,1,44,Ireland,173,8,3.75,3,1,0,1,6
433566,1,45,Ireland,179,8,3.8,9,6,0,1,12
433566,1,46,Ireland,185,8,3.847826087,15,6,0,1,16
433566,1,47,Ireland,188,8,3.814285714,16,5,0,1,20
433566,1,48,Ireland,193,9,3.8125,0,3,1,1,21
433566,1,49,Ireland,200,9,3.829351536,4,11,0,1,31
433566,1,50,Ireland,205,10,3.891891892,0,1,1,1,26
433576,1,1,West Indies,4,1,4.0,4,4,1,0,4
433576,1,2,West Indies,13,1,6.5,13,9,0,0,13
433576,1,3,West Indies,15,1,5.0,15,2,0,0,15
433576,1,4,West Indies,16,2,4.0,0,1,1,0,16
433576,1,5,West Indies,25,2,4.965517241,8,9,0,0,25
433576,1,6,West Indies,30,3,4.833333333,5,5,1,1,26
433576,1,7,West Indies,32,3,4.428571429,7,2,0,1,19
433576,1,8,West Indies,35,3,4.25,10,3,0,1,20
433576,1,9,West Indies,36,4,3.849056604,0,1,1,1,20
433576,1,10,West Indies,40,4,3.8,4,4,0,1,15
433576,1,11,West Indies,46,5,4.0,5,6,1,1,16
433576,1,12,West Indies,47,5,3.75,6,1,0,1,15
433576,1,13,West Indies,49,5,3.615384615,8,2,0,1,14
433576,1,14,West Indies,51,6,3.5,0,2,1,1,15
433576,1,15,West Indies,51,6,3.266666667,0,0,0,1,11
433576,1,16,West Indies,56,6,3.375,5,5,0,1,10
433576,1,17,West Indies,56,7,3.176470588,0,0,1,1,9
433576,1,18,West Indies,57,8,3.055555556,1,1,1,1,8
433576,1,19,West Indies,58,10,2.973451327,0,1,2,1,7
433585,2,1,England,3,0,3.0,3,3,0,0,3
433585,2,2,England,10,0,5.0,10,7,0,0,10
433585,2,3,England,16,0,5.333333333,16,6,0,0,16
433585,2,4,England,22,0,5.5,22,6,0,0,22
433585,2,5,England,30,0,6.0,30,8,0,0,30
433585,2,6,England,36,0,6.0,36,6,0,0,33
433585,2,7,England,46,0,6.571428571,46,10,0,0,36
433585,2,8,England,50,0,6.25,50,4,0,0,34
433585,2,9,England,53,1,5.888888889,1,3,1,0,31
433585,2,10,England,58,1,5.8,6,5,0,0,28
433585,2,11,England,65,1,5.909090909,13,7,0,0,29
433585,2,12,England,69,1,5.75,17,4,0,0,23
433585,2,13,England,71,2,5.461538462,1,2,1,0,21
433585,2,14,England,73,3,5.13253012,0,3,1,1,21
433585,2,15,England,75,3,4.866666667,2,1,0,1,17
433585,2,16,England,81,3,4.673684211,3,8,0,1,18
433585,2,17,England,88,3,4.68,7,5,0,1,19
433585,2,18,England,92,3,4.555555556,11,4,0,1,21
433585,2,19,England,98,3,4.631578947,17,6,0,1,24
433585,2,20,England,105,3,4.739495798,23,7,0,1,30
433585,2,21,England,111,3,4.761904762,29,6,0,1,28
433585,2,22,England,113,3,4.625954198,30,2,0,0,25
433585,2,23,England,117,3,4.565217391,34,4,0,0,25
433585,2,24,England,120,3,4.5,37,3,0,0,22
433585,2,25,England,123,3,4.44,40,3,0,0,18
433585,2,26,England,127,3,4.423076923,44,4,0,0,16
433585,2,27,England,131,3,4.407407407,48,4,0,0,18
433585,2,28,England,135,3,4.392857143,52,4,0,0,18
433585,2,29,England,139,3,4.379310345,56,4,0,0,19
433585,2,30,England,147,3,4.491620112,63,10,0,0,26
433585,2,31,England,155,4,4.580645161,0,6,1,0,28
433585,2,32,England,156,4,4.46875,1,1,0,0,25
433585,2,33,England,158,4,4.393939394,3,2,0,0,23
433585,2,34,England,159,4,4.285714286,3,1,0,0,20
433585,2,35,England,160,4,4.171428571,4,1,0,0,11
433585,2,36,England,162,5,4.111111111,0,2,1,0,7
433585,2,37,England,166,6,4.108108108,0,4,1,1,10
433585,2,38,England,166,6,4.0,0,0,0,1,8
433585,2,39,England,168,7,3.948717949,2,2,1,1,9
433585,2,40,England,170,8,3.9,1,2,1,1,10
433585,2,41,England,171,8,3.829268293,2,1,0,1,9
433585,2,42,England,181,8,3.96812749,11,16,0,1,21
433585,2,43,England,189,8,4.038910506,18,2,0,1,23
433585,2,44,England,192,8,4.0,21,3,0,1,24
433585,2,45,England,193,8,3.933333333,22,1,0,1,23
433585,2,46,England,202,8,3.934065934,24,11,0,1,33
433585,2,47,England,214,8,4.063829787,36,10,0,1,27
433585,2,48,England,221,8,4.125,43,7,0,1,32
433585,2,49,England,227,8,4.163265306,49,6,0,1,35
433590,2,1,Netherlands,0,1,0.0,0,0,1,0,0
433590,2,2,Netherlands,3,1,1.5,3,3,0,0,3
433590,2,3,Netherlands,3,1,1.0,3,0,0,0,3
433590,2,4,Netherlands,4,1,1.0,4,1,0,0,4
433590,2,5,Netherlands,8,1,1.6,8,4,0,0,8
433590,2,6,Netherlands,14,1,2.333333333,14,6,0,0,14
433590,2,7,Netherlands,18,1,2.571428571,18,4,0,0,15
433590,2,8,Netherlands,23,1,2.875,23,5,0,0,20
433590,2,9,Netherlands,23,1,2.555555556,23,0,0,0,19
433590,2,10,Netherlands,30,1,3.0,30,7,0,0,22
433590,2,11,Netherlands,40,1,3.230769231,35,12,0,0,28
433590,2,12,Netherlands,43,1,3.0,36,1,0,0,25
433590,2,13,Netherlands,48,1,3.153846154,41,5,0,0,25
433590,2,14,Netherlands,56,1,3.5,49,8,0,0,33
433590,2,15,Netherlands,62,1,3.640449438,54,8,0,0,34
433590,2,16,Netherlands,65,1,3.5625,57,1,0,0,23
433590,2,17,Netherlands,78,1,4.117647059,70,13,0,0,35
433590,2,18,Netherlands,80,1,4.0,72,2,0,0,32
433590,2,19,Netherlands,85,1,4.052631579,77,5,0,0,29
433590,2,20,Netherlands,89,1,4.05,81,4,0,0,25
433590,2,21,Netherlands,92,2,4.0,0,3,1,0,27
433590,2,22,Netherlands,93,2,3.863636364,1,1,0,0,15
433590,2,23,Netherlands,96,2,3.826086957,4,3,0,0,16
433590,2,24,Netherlands,99,2,3.791666667,7,3,0,0,14
433590,2,25,Netherlands,104,2,3.84,12,5,0,0,15
433590,2,26,Netherlands,107,2,3.807692308,15,3,0,0,15
433590,2,27,Netherlands,108,2,3.703703704,16,1,0,0,15
433590,2,28,Netherlands,114,2,3.785714286,22,6,0,0,18
433590,2,29,Netherlands,119,2,3.827586207,27,5,0,0,20
433590,2,30,Netherlands,126,2,3.933333333,34,7,0,0,22
433590,2,31,Netherlands,129,2,3.903225806,37,3,0,0,22
433590,2,32,Netherlands,129,2,3.78125,37,0,0,0,21
433590,2,33,Netherlands,133,2,3.787878788,41,4,0,0,19
433590,2,34,Netherlands,137,2,3.794117647,45,4,0,0,18
433590,2,35,Netherlands,144,2,3.885714286,52,7,0,0,18
433590,2,36,Netherlands,151,3,3.972222222,0,7,1,0,22
433590,2,37,Netherlands,153,3,3.918918919,2,2,0,0,24
433590,2,38,Netherlands,153,4,3.815789474,0,0,1,0,20
433590,2,39,Netherlands,153,4,3.717948718,0,0,0,0,16
433590,2,40,Netherlands,154,4,3.65,1,1,0,0,10
433590,2,41,Netherlands,156,4,3.609756098,3,2,0,0,5
433590,2,42,Netherlands,166,4,3.822580645,13,10,0,0,13
433597,2,1,South Africa,4,0,4.0,4,4,0,0,4
433597,2,2,South Africa,9,0,4.363636364,8,9,0,0,13
433597,2,3,South Africa,14,0,4.333333333,13,1,0,0,14
433597,2,4,South Africa,14,1,3.25,0,0,1,0,14
433597,2,5,South Africa,14,1,2.6,0,0,0,0,14
433597,2,6,South Africa,15,2,2.333333333,0,1,1,0,11
433597,2,7,South Africa,21,3,2.857142857,0,6,1,1,8
433597,2,8,South Africa,21,4,2.5,0,0,1,1,7
433597,2,9,South Africa,21,4,2.222222222,0,0,0,1,7
433597,2,10,South Africa,29,4,2.8,8,8,0,1,15
433597,2,11,South Africa,30,4,2.636363636,9,1,0,1,15
433597,2,12,South Africa,30,4,2.416666667,9,0,0,1,9
433597,2,13,South Africa,32,4,2.384615385,11,2,0,1,11
433597,2,14,South Africa,34,4,2.357142857,13,2,0,1,13
433597,2,15,South Africa,36,4,2.333333333,15,2,0,1,7
433597,2,16,South Africa,36,5,2.1875,0,0,1,1,6
433597,2,17,South Africa,41,5,2.352941176,5,5,0,1,11
433597,2,18,South Africa,44,5,2.388888889,8,3,0,1,12
433597,2,19,South Africa,46,5,2.368421053,10,2,0,1,12
433597,2,20,South Africa,53,5,2.571428571,16,7,0,1,17
433597,2,21,South Africa,58,5,2.666666667,21,5,0,1,22
433597,2,22,South Africa,58,6,2.545454545,0,0,1,1,17
433597,2,23,South Africa,59,6,2.47826087,1,1,0,1,15
433597,2,24,South Africa,61,8,2.458333333,0,2,2,1,15
433597,2,25,South Africa,62,9,2.4,0,1,1,1,9
433597,2,26,South Africa,66,9,2.461538462,4,4,0,1,8
433597,2,27,South Africa,74,9,2.645962733,11,8,0,1,16
433597,2,28,South Africa,78,10,2.678571429,0,4,1,1,19
434258,1,1,Sri Lanka,9,0,9.0,9,9,0,0,9
434258,1,2,Sri Lanka,12,0,6.0,11,3,0,0,12
434258,1,3,Sri Lanka,16,0,5.0,15,4,0,0,16
434258,1,4,Sri Lanka,21,0,5.0,20,5,0,0,21
434258,1,5,Sri Lanka,21,0,4.0,20,0,0,0,21
434258,1,6,Sri Lanka,24,0,3.833333333,23,3,0,0,15
434258,1,7,Sri Lanka,28,0,3.857142857,27,4,0,0,16
434258,1,8,Sri Lanka,44,0,5.375,43,16,0,0,28
434258,1,9,Sri Lanka,46,0,5.0,45,2,0,0,25
434258,1,10,Sri Lanka,49,0,4.8,48,3,0,0,28
434258,1,11,Sri Lanka,53,0,4.727272727,52,4,0,0,29
434258,1,12,Sri Lanka,60,0,4.563380282,54,7,0,0,32
434258,1,13,Sri Lanka,65,1,4.538461538,0,5,1,0,21
434258,1,14,Sri Lanka,71,2,4.642857143,0,6,1,0,25
434258,1,15,Sri Lanka,71,3,4.333333333,0,0,1,1,22
434258,1,16,Sri Lanka,73,3,4.1875,2,2,0,1,20
434258,1,17,Sri Lanka,75,4,4.03960396,1,3,1,1,16
434258,1,18,Sri Lanka,79,4,3.944444444,4,3,0,1,14
434258,1,19,Sri Lanka,83,4,3.947368421,8,4,0,1,12
434258,1,20,Sri Lanka,85,4,3.85,10,2,0,1,14
434258,1,21,Sri Lanka,90,4,3.904761905,15,5,0,1,17
434258,1,22,Sri Lanka,92,4,3.801526718,16,2,0,1,16
434258,1,23,Sri Lanka,98,4,3.854014599,21,7,0,1,20
434258,1,24,Sri Lanka,103,4,3.875,26,4,0,1,20
434258,1,25,Sri Lanka,108,4,3.92,31,5,0,1,23
434258,1,26,Sri Lanka,112,4,3.923076923,35,4,0,1,22
434258,1,27,Sri Lanka,114,4,3.851851852,37,2,0,1,22
434258,1,28,Sri Lanka,117,4,3.821428571,40,3,0,1,18
434258,1,29,Sri Lanka,121,4,3.827586207,44,4,0,1,18
434258,1,30,Sri Lanka,124,4,3.8,47,3,0,1,16
434258,1,31,Sri Lanka,130,4,3.870967742,53,6,0,1,18
434258,1,32,Sri Lanka,134,5,3.875,2,4,1,1,20
434258,1,33,Sri Lanka,138,5,3.878787879,6,4,0,1,21
434258,1,34,Sri Lanka,142,5,3.882352941,10,4,0,1,21
434258,1,35,Sri Lanka,147,5,3.914285714,15,5,0,1,23
434258,1,36,Sri Lanka,151,5,3.916666667,19,4,0,1,21
434258,1,37,Sri Lanka,154,5,3.882352941,21,4,0,1,21
434258,1,38,Sri Lanka,158,5,3.868421053,25,3,0,1,20
434258,1,39,Sri Lanka,162,5,3.871794872,29,4,0,1,20
434258,1,40,Sri Lanka,167,5,3.891213389,33,6,0,1,21
434258,1,41,Sri Lanka,171,5,3.87804878,37,3,0,1,20
434258,1,42,Sri Lanka,178,5,3.952380952,44,7,0,1,23
434258,1,43,Sri Lanka,182,5,3.953488372,48,4,0,1,24
434258,1,44,Sri Lanka,193,5,4.106463878,58,15,0,1,35
434258,1,45,Sri Lanka,204,5,4.237918216,68,8,0,0,37
434258,1,46,Sri Lanka,214,5,4.341818182,77,10,0,0,44
434258,1,47,Sri Lanka,220,5,4.361702128,83,5,0,0,42
434258,1,48,Sri Lanka,233,6,4.541666667,6,13,1,0,51
434258,1,49,Sri Lanka,240,7,4.591836735,2,7,1,0,43
434258,1,50,Sri Lanka,260,7,4.9,22,20,0,0,55
434261,1,1,Sri Lanka,4,0,4.0,4,4,0,0,4
434261,1,2,Sri Lanka,7,0,3.5,7,3,0,0,7
434261,1,3,Sri Lanka,15,0,5.0,15,8,0,0,15
434261,1,4,Sri Lanka,27,0,6.75,27,12,0,0,27
434261,1,5,Sri Lanka,27,0,5.4,27,0,0,0,27
434261,1,6,Sri Lanka,36,0,5.828571429,34,11,0,0,34
434261,1,7,Sri Lanka,44,0,6.0,42,6,0,0,37
434261,1,8,Sri Lanka,44,1,5.25,0,0,1,0,29
434261,1,9,Sri Lanka,47,1,5.0,3,3,0,0,20
434261,1,10,Sri Lanka,52,1,5.0,8,5,0,0,25
434261,1,11,Sri Lanka,56,1,4.909090909,12,4,0,0,18
434261,1,12,Sri Lanka,67,1,5.416666667,23,11,0,0,23
434261,1,13,Sri Lanka,72,1,5.384615385,28,5,0,0,28
434261,1,14,Sri Lanka,77,2,5.357142857,4,5,1,0,30
434261,1,15,Sri Lanka,79,2,5.133333333,6,2,0,0,27
434261,1,16,Sri Lanka,82,2,5.0,9,3,0,0,26
434261,1,17,Sri Lanka,85,2,4.882352941,12,3,0,0,18
434261,1,18,Sri Lanka,88,3,4.777777778,0,3,1,0,16
434261,1,19,Sri Lanka,91,3,4.660714286,1,5,0,0,16
434261,1,20,Sri Lanka,94,3,4.5,4,1,0,0,15
434261,1,21,Sri Lanka,100,3,4.571428571,10,6,0,0,18
434261,1,22,Sri Lanka,103,3,4.5,13,3,0,0,18
434261,1,23,Sri Lanka,108,3,4.379562044,14,5,0,0,20
434261,1,24,Sri Lanka,110,3,4.237762238,15,3,0,0,18
434261,1,25,Sri Lanka,115,3,4.24,20,4,0,0,21
434261,1,26,Sri Lanka,118,3,4.192307692,23,3,0,0,18
434261,1,27,Sri Lanka,126,3,4.333333333,31,8,0,0,23
434261,1,28,Sri Lanka,129,3,4.285714286,34,3,0,0,21
434261,1,29,Sri Lanka,131,3,4.206896552,36,2,0,0,20
434261,1,30,Sri Lanka,132,3,4.1,37,1,0,0,17
434261,1,31,Sri Lanka,136,3,4.096774194,41,4,0,0,18
434261,1,32,Sri Lanka,141,3,4.125,46,5,0,0,15
434261,1,33,Sri Lanka,145,3,4.121212121,50,4,0,0,16
434261,1,34,Sri Lanka,153,3,4.235294118,58,8,0,0,22
434261,1,35,Sri Lanka,157,3,4.228571429,62,4,0,0,25
434261,1,36,Sri Lanka,161,3,4.222222222,66,4,0,0,25
434261,1,37,Sri Lanka,165,3,4.216216216,70,4,0,0,24
434261,1,38,Sri Lanka,166,4,4.131578947,1,1,1,0,21
434261,1,39,Sri Lanka,170,4,4.128205128,5,4,0,0,17
434261,1,40,Sri Lanka,177,4,4.2,12,7,0,0,20
434261,1,41,Sri Lanka,194,4,4.512195122,29,17,0,0,33
434261,1,42,Sri Lanka,199,4,4.523809524,34,5,0,0,34
434261,1,43,Sri Lanka,210,5,4.6692607,10,11,1,0,44
434261,1,44,Sri Lanka,218,6,4.727272727,7,8,1,0,48
434261,1,45,Sri Lanka,225,7,4.777777778,2,7,1,1,48
434261,1,46,Sri Lanka,227,8,4.717391304,0,2,1,1,33
434261,1,47,Sri Lanka,231,9,4.697508897,0,4,1,1,32
434261,1,48,Sri Lanka,236,9,4.682926829,4,9,0,1,30
434261,1,49,Sri Lanka,246,9,4.771331058,13,7,0,1,29
434261,1,50,Sri Lanka,249,9,4.72,16,2,0,1,24
450107,2,1,Ireland,1,0,1.0,1,1,0,0,1
450107,2,2,Ireland,4,0,2.0,4,3,0,0,4
450107,2,3,Ireland,9,0,3.0,9,5,0,0,9
450107,2,4,Ireland,10,0,2.5,10,1,0,0,10
450107,2,5,Ireland,10,0,2.0,10,0,0,0,10
450107,2,6,Ireland,12,1,2.0,2,2,1,0,11
450107,2,7,Ireland,15,1,2.142857143,5,3,0,0,11
450107,2,8,Ireland,26,1,3.25,16,11,0,0,17
450107,2,9,Ireland,33,1,3.576923077,21,7,0,0,23
450107,2,10,Ireland,41,1,3.9,29,8,0,0,31
450107,2,11,Ireland,45,2,3.909090909,4,4,1,0,33
450107,2,12,Ireland,50,2,4.0,9,5,0,0,35
450107,2,13,Ireland,58,2,3.974025974,12,8,0,0,32
450107,2,14,Ireland,61,2,3.857142857,15,3,0,0,28
450107,2,15,Ireland,64,2,3.8,18,3,0,0,23
450107,2,16,Ireland,73,2,4.125,27,9,0,0,28
450107,2,17,Ireland,81,2,4.352941176,35,8,0,0,31
450107,2,18,Ireland,86,2,4.388888889,40,5,0,0,28
450107,2,19,Ireland,92,2,4.473684211,46,6,0,0,31
450107,2,20,Ireland,93,2,4.3,47,1,0,0,29
450107,2,21,Ireland,100,2,4.428571429,54,7,0,0,27
450107,2,22,Ireland,103,2,4.351145038,56,4,0,0,23
450107,2,23,Ireland,107,2,4.304347826,60,3,0,0,21
450107,2,24,Ireland,114,2,4.416666667,67,7,0,0,22
450107,2,25,Ireland,120,2,4.48,73,6,0,0,27
450107,2,26,Ireland,124,2,4.461538462,77,4,0,0,24
450107,2,27,Ireland,128,3,4.444444444,3,4,1,0,24
450107,2,28,Ireland,134,3,4.5,9,6,0,0,27
450107,2,29,Ireland,138,3,4.473988439,12,4,0,0,24
450107,2,30,Ireland,144,3,4.491620112,17,7,0,0,25
450107,2,31,Ireland,156,3,4.702702703,28,12,0,0,33
450107,2,32,Ireland,166,3,4.837696335,37,9,0,0,38
450107,2,33,Ireland,168,3,4.744897959,38,6,0,0,38
450107,2,34,Ireland,174,4,4.75862069,2,2,1,0,36
450107,2,35,Ireland,182,4,4.851674641,10,8,0,0,37
450107,2,36,Ireland,183,4,4.744186047,11,1,0,0,26
450107,2,37,Ireland,186,4,4.696832579,14,3,0,0,20
450107,2,38,Ireland,191,4,4.746666667,19,5,0,0,19
455233,2,1,Sri Lanka,14,0,14.0,14,14,0,0,14
455233,2,2,Sri Lanka,19,0,9.5,19,5,0,0,19
455233,2,3,Sri Lanka,20,1,6.705882353,0,1,1,0,20
455233,2,4,Sri Lanka,27,1,6.5,7,7,0,0,27
455233,2,5,Sri Lanka,38,1,7.4,18,11,0,0,38
455233,2,6,Sri Lanka,42,1,6.833333333,22,4,0,0,28
455233,2,7,Sri Lanka,50,1,7.0,30,8,0,0,31
455233,2,8,Sri Lanka,59,1,7.25,39,9,0,0,39
455233,2,9,Sri Lanka,60,1,6.555555556,40,1,0,0,33
455233,2,10,Sri Lanka,62,1,6.1,42,2,0,0,24
455233,2,11,Sri Lanka,64,1,5.727272727,44,2,0,0,22
455233,2,12,Sri Lanka,68,1,5.583333333,48,4,0,0,18
455233,2,13,Sri Lanka,74,1,5.615384615,54,6,0,0,15
455233,2,14,Sri Lanka,78,2,5.5,1,4,1,0,18
455233,2,15,Sri Lanka,81,2,5.333333333,4,3,0,0,19
455233,2,16,Sri Lanka,89,2,5.5,12,8,0,0,25
455233,2,17,Sri Lanka,96,2,5.584158416,18,7,0,0,28
455233,2,18,Sri Lanka,98,2,5.333333333,20,2,0,0,24
455233,2,19,Sri Lanka,100,2,5.157894737,22,2,0,0,22
455233,2,20,Sri Lanka,106,3,5.193277311,1,6,1,0,25
455233,2,21,Sri Lanka,108,3,5.0,3,2,0,0,19
455233,2,22,Sri Lanka,110,4,4.863636364,0,2,1,1,14
455233,2,23,Sri Lanka,113,4,4.782608696,3,3,0,1,15
455233,2,24,Sri Lanka,118,4,4.791666667,8,5,0,1,18
455233,2,25,Sri Lanka,125,4,4.864864865,13,8,0,1,20
455233,2,26,Sri Lanka,131,5,4.838709677,4,5,1,1,23
455233,2,27,Sri Lanka,135,5,4.777777778,8,4,0,1,25
455233,2,28,Sri Lanka,139,5,4.75,12,4,0,1,26
455233,2,29,Sri Lanka,143,6,4.724137931,0,4,1,1,25
455233,2,30,Sri Lanka,145,6,4.625698324,1,3,0,1,20
455233,2,31,Sri Lanka,148,6,4.540540541,3,2,0,1,17
455233,2,32,Sri Lanka,151,6,4.46875,6,3,0,1,16
455233,2,33,Sri Lanka,154,6,4.424242424,9,3,0,1,15
455233,2,34,Sri Lanka,163,6,4.558823529,18,9,0,1,20
455233,2,35,Sri Lanka,166,6,4.471153846,18,4,0,1,21
455233,2,36,Sri Lanka,167,7,4.333333333,0,0,1,1,19
455233,2,37,Sri Lanka,169,8,4.262443439,1,2,1,1,18
455233,2,38,Sri Lanka,182,8,4.473684211,14,13,0,1,28
455233,2,39,Sri Lanka,186,8,4.461538462,18,4,0,1,23
455233,2,40,Sri Lanka,186,9,4.35,0,0,1,1,19
455233,2,41,Sri Lanka,186,10,4.314049587,0,0,1,1,19
455235,2,1,Pakistan,1,0,1.0,1,1,0,0,1
455235,2,2,Pakistan,7,0,3.5,7,6,0,0,7
455235,2,3,Pakistan,7,0,2.333333333,7,0,0,0,7
455235,2,4,Pakistan,17,0,4.25,17,10,0,0,17
455235,2,5,Pakistan,17,0,3.4,17,0,0,0,17
455235,2,6,Pakistan,28,0,4.666666667,28,11,0,0,27
455235,2,7,Pakistan,29,0,4.142857143,29,1,0,0,22
455235,2,8,Pakistan,39,1,4.875,0,10,1,0,32
455235,2,9,Pakistan,41,1,4.555555556,2,2,0,0,24
455235,2,10,Pakistan,42,1,4.2,3,1,0,0,25
455235,2,11,Pakistan,54,1,4.909090909,15,12,0,0,26
455235,2,12,Pakistan,60,1,5.0,21,6,0,0,31
455235,2,13,Pakistan,67,1,5.153846154,28,7,0,0,28
455235,2,14,Pakistan,71,1,5.071428571,32,4,0,0,30
455235,2,15,Pakistan,73,1,4.866666667,34,2,0,0,31
455235,2,16,Pakistan,77,1,4.8125,38,4,0,0,23
455235,2,17,Pakistan,82,1,4.823529412,43,5,0,0,22
455235,2,18,Pakistan,86,1,4.777777778,47,4,0,0,19
455235,2,19,Pakistan,87,1,4.578947368,48,1,0,0,16
455235,2,20,Pakistan,89,1,4.45,50,2,0,0,16
455235,2,21,Pakistan,92,1,4.380952381,53,3,0,0,15
455235,2,22,Pakistan,96,1,4.363636364,57,4,0,0,14
455235,2,23,Pakistan,100,1,4.335766423,60,5,0,0,15
455235,2,24,Pakistan,102,1,4.208333333,62,1,0,0,15
455235,2,25,Pakistan,104,1,4.12,64,2,0,0,15
455235,2,26,Pakistan,108,1,4.115384615,68,4,0,0,16
455235,2,27,Pakistan,112,1,4.111111111,72,4,0,0,16
455235,2,28,Pakistan,116,1,4.107142857,76,4,0,0,15
455235,2,29,Pakistan,119,1,4.068965517,79,3,0,0,17
455235,2,30,Pakistan,123,1,4.066666667,83,4,0,0,19
455235,2,31,Pakistan,128,1,4.086486486,87,6,0,0,21
455235,2,32,Pakistan,135,1,4.15625,94,6,0,0,23
455235,2,33,Pakistan,139,1,4.151515152,98,4,0,0,23
455235,2,34,Pakistan,143,1,4.147058824,102,4,0,0,24
455235,2,35,Pakistan,152,1,4.285714286,111,9,0,0,29
455235,2,36,Pakistan,157,1,4.305555556,116,5,0,0,28
455235,2,37,Pakistan,165,1,4.405405405,124,8,0,0,30
455235,2,38,Pakistan,180,1,4.684210526,139,15,0,0,41
455235,2,39,Pakistan,189,1,4.794871795,148,9,0,0,46
455235,2,40,Pakistan,193,1,4.775,152,4,0,0,41
455235,2,41,Pakistan,200,2,4.824489796,0,7,1,0,43
455235,2,42,Pakistan,204,3,4.780876494,1,5,1,0,40
455235,2,43,Pakistan,210,4,4.785992218,0,5,1,1,30
455235,2,44,Pakistan,215,4,4.772727273,5,5,0,1,26
455235,2,45,Pakistan,218,4,4.728624535,7,7,0,1,29
455235,2,46,Pakistan,230,4,4.869565217,19,8,0,1,30
455235,2,47,Pakistan,236,4,4.893617021,25,6,0,1,31
455235,2,48,Pakistan,242,4,4.912891986,30,8,0,1,34
455235,2,49,Pakistan,245,5,4.857142857,0,1,1,1,30
455235,2,50,Pakistan,246,5,4.78,1,1,0,1,24
476596,1,1,New Zealand,1,0,1.0,1,1,0,0,1
476596,1,2,New Zealand,2,0,1.0,2,1,0,0,2
476596,1,3,New Zealand,3,0,1.0,3,1,0,0,3
476596,1,4,New Zealand,7,0,1.75,7,4,0,0,7
476596,1,5,New Zealand,19,0,3.8,19,12,0,0,19
476596,1,6,New Zealand,24,0,4.0,24,5,0,0,23
476596,1,7,New Zealand,28,0,4.0,28,4,0,0,26
476596,1,8,New Zealand,33,0,4.125,33,5,0,0,30
476596,1,9,New Zealand,38,1,4.222222222,4,5,1,0,31
476596,1,10,New Zealand,42,1,4.2,8,4,0,0,23
476596,1,11,New Zealand,42,1,3.818181818,8,0,0,0,18
476596,1,12,New Zealand,50,1,4.166666667,16,8,0,0,22
476596,1,13,New Zealand,53,1,4.051948052,18,3,0,0,20
476596,1,14,New Zealand,56,1,3.928571429,21,3,0,0,18
476596,1,15,New Zealand,61,1,4.0,26,5,0,0,19
476596,1,16,New Zealand,61,2,3.75,0,0,1,0,19
476596,1,17,New Zealand,66,2,3.823529412,5,5,0,0,16
476596,1,18,New Zealand,70,2,3.833333333,9,4,0,0,17
476596,1,19,New Zealand,71,2,3.663716814,9,2,0,0,16
476596,1,20,New Zealand,73,2,3.55,11,1,0,0,12
476596,1,21,New Zealand,80,2,3.714285714,18,7,0,0,19
476596,1,22,New Zealand,86,2,3.818181818,24,6,0,0,20
476596,1,23,New Zealand,89,2,3.782608696,27,3,0,0,19
476596,1,24,New Zealand,91,2,3.708333333,29,2,0,0,19
476596,1,25,New Zealand,97,2,3.72972973,32,9,0,0,27
476596,1,26,New Zealand,103,3,3.769230769,3,3,1,0,23
476596,1,27,New Zealand,108,3,3.814814815,8,5,0,0,22
476596,1,28,New Zealand,118,3,4.035714286,18,10,0,0,29
476596,1,29,New Zealand,123,3,4.057803468,22,6,0,0,33
476596,1,30,New Zealand,130,3,4.122905028,28,8,0,0,32
476596,1,31,New Zealand,135,4,4.129032258,3,3,1,0,32
476596,1,32,New Zealand,136,4,4.03125,4,1,0,0,28
476596,1,33,New Zealand,138,4,3.96969697,6,2,0,0,20
476596,1,34,New Zealand,142,4,3.970588235,10,4,0,0,18
476596,1,35,New Zealand,152,4,4.142857143,20,10,0,0,20
476596,1,36,New Zealand,157,4,4.166666667,25,5,0,0,22
476596,1,37,New Zealand,160,4,4.135135135,28,3,0,0,24
476596,1,38,New Zealand,166,4,4.176211454,33,6,0,0,28
476596,1,39,New Zealand,169,4,4.128205128,36,3,0,0,27
476596,1,40,New Zealand,171,5,4.075,1,2,1,0,19
476596,1,41,New Zealand,174,5,4.048780488,4,3,0,0,17
476596,1,42,New Zealand,175,6,3.976190476,1,1,1,0,15
476596,1,43,New Zealand,176,6,3.898832685,1,1,0,0,10
476596,1,44,New Zealand,182,6,3.931818182,7,6,0,0,13
476596,1,45,New Zealand,184,6,3.888888889,9,2,0,0,13
476596,1,46,New Zealand,198,6,4.108695652,23,14,0,0,24
476596,1,47,New Zealand,203,7,4.127659574,5,5,1,1,28
476596,1,48,New Zealand,213,8,4.25,1,10,1,1,37
476596,1,49,New Zealand,222,9,4.346938776,1,9,1,1,40
476596,1,50,New Zealand,228,10,4.424242424,0,6,1,1,44
476598,2,1,New Zealand,8,0,4.8,4,8,0,0,8
476598,2,2,New Zealand,16,0,6.0,12,8,0,0,16
476598,2,3,New Zealand,24,0,6.666666667,20,8,0,0,24
476598,2,4,New Zealand,26,0,5.5,22,2,0,0,26
476598,2,5,New Zealand,35,0,6.2,31,9,0,0,35
476598,2,6,New Zealand,36,0,5.333333333,32,1,0,0,28
476598,2,7,New Zealand,41,0,5.285714286,37,5,0,0,25
476598,2,8,New Zealand,52,0,5.872340426,46,11,0,0,28
476598,2,9,New Zealand,53,0,5.222222222,47,1,0,0,27
476598,2,10,New Zealand,58,0,5.186440678,51,5,0,0,23
476598,2,11,New Zealand,63,0,5.090909091,56,5,0,0,27
476598,2,12,New Zealand,64,0,4.75,57,1,0,0,23
476598,2,13,New Zealand,72,0,5.0,65,8,0,0,20
476598,2,14,New Zealand,74,0,4.771084337,66,2,0,0,21
476598,2,15,New Zealand,79,0,4.733333333,71,5,0,0,21
476598,2,16,New Zealand,88,0,4.989473684,79,10,0,0,26
476598,2,17,New Zealand,90,0,4.764705882,81,1,0,0,26
476598,2,18,New Zealand,92,0,4.598130841,82,2,0,0,20
476598,2,19,New Zealand,99,0,4.684210526,89,7,0,0,25
476598,2,20,New Zealand,102,0,4.6,92,3,0,0,23
476598,2,21,New Zealand,105,0,4.523809524,95,3,0,0,16
476598,2,22,New Zealand,120,0,5.0,110,15,0,0,30
476598,2,23,New Zealand,123,0,4.913043478,113,3,0,0,31
476598,2,24,New Zealand,126,0,4.833333333,116,3,0,0,27
476598,2,25,New Zealand,128,1,4.72,1,2,1,0,26
476598,2,26,New Zealand,132,1,4.692307692,5,4,0,0,27
476598,2,27,New Zealand,134,2,4.592592593,0,2,1,0,14
476598,2,28,New Zealand,135,2,4.464285714,1,1,0,0,12
476598,2,29,New Zealand,140,2,4.482758621,6,5,0,0,14
476598,2,30,New Zealand,141,2,4.366666667,7,1,0,0,13
476598,2,31,New Zealand,143,2,4.290322581,9,2,0,0,11
476598,2,32,New Zealand,146,2,4.25,12,3,0,0,12
476598,2,33,New Zealand,147,2,4.151515152,13,1,0,0,12
476598,2,34,New Zealand,150,2,4.117647059,16,3,0,0,10
476598,2,35,New Zealand,152,2,4.057142857,18,2,0,0,11
476598,2,36,New Zealand,155,2,4.027777778,21,3,0,0,12
476598,2,37,New Zealand,158,2,4.0,24,3,0,0,12
476598,2,38,New Zealand,167,3,4.123348018,8,9,1,1,20
476598,2,39,New Zealand,170,3,4.076923077,11,3,0,1,20
476598,2,40,New Zealand,172,3,4.025,13,2,0,1,20
476598,2,41,New Zealand,177,3,4.025,13,5,0,1,22
476599,1,1,New Zealand,4,1,2.4,1,4,1,0,4
476599,1,2,New Zealand,6,1,2.0,3,2,0,0,6
476599,1,3,New Zealand,11,1,3.0,8,5,0,0,11
476599,1,4,New Zealand,19,1,4.173913043,15,12,0,0,23
476599,1,5,New Zealand,27,2,4.8,0,4,1,0,27
476599,1,6,New Zealand,35,2,5.333333333,8,8,0,0,31
476599,1,7,New Zealand,44,2,5.857142857,17,9,0,0,38
476599,1,8,New Zealand,51,3,6.0,6,8,1,0,41
476599,1,9,New Zealand,57,3,5.888888889,12,5,0,0,34
476599,1,10,New Zealand,59,3,5.482758621,12,7,0,0,37
476599,1,11,New Zealand,66,3,5.454545455,19,2,0,0,31
476599,1,12,New Zealand,70,3,5.333333333,23,4,0,0,26
476599,1,13,New Zealand,75,3,5.307692308,28,5,0,0,23
476599,1,14,New Zealand,78,3,5.142857143,31,3,0,0,21
476599,1,15,New Zealand,81,3,5.0,34,3,0,0,17
476599,1,16,New Zealand,88,3,5.125,41,7,0,0,22
476599,1,17,New Zealand,92,3,5.058823529,45,4,0,0,22
476599,1,18,New Zealand,97,3,5.055555556,50,5,0,0,22
476599,1,19,New Zealand,98,4,4.842105263,1,1,1,0,20
476599,1,20,New Zealand,104,4,4.9,7,6,0,0,23
476599,1,21,New Zealand,111,4,5.0,14,7,0,0,23
476599,1,22,New Zealand,116,4,5.0,19,5,0,0,24
476599,1,23,New Zealand,119,4,4.913043478,22,3,0,0,22
476599,1,24,New Zealand,123,4,4.875,26,4,0,0,25
476599,1,25,New Zealand,127,4,4.84,30,4,0,0,23
476599,1,26,New Zealand,128,4,4.692307692,31,1,0,0,17
476599,1,27,New Zealand,136,4,4.814814815,39,8,0,0,20
476599,1,28,New Zealand,146,4,5.0,49,10,0,0,27
476599,1,29,New Zealand,148,5,4.896551724,0,2,1,0,25
476599,1,30,New Zealand,156,5,5.0,8,8,0,0,29
476599,1,31,New Zealand,159,5,4.935483871,11,3,0,0,31
476599,1,32,New Zealand,170,5,5.125,22,11,0,0,34
476599,1,33,New Zealand,173,5,5.060606061,25,3,0,0,27
476599,1,34,New Zealand,177,5,5.029411765,29,4,0,0,29
476599,1,35,New Zealand,182,5,5.023923445,33,5,0,0,26
476599,1,36,New Zealand,185,5,4.944444444,36,3,0,0,26
476599,1,37,New Zealand,186,5,4.837837838,37,1,0,0,16
476599,1,38,New Zealand,193,5,4.894736842,44,7,0,0,20
476599,1,39,New Zealand,199,5,4.923076923,50,6,0,0,22
476599,1,40,New Zealand,201,5,4.85,52,2,0,0,19
476599,1,41,New Zealand,208,5,4.902439024,59,7,0,0,23
476599,1,42,New Zealand,214,5,4.924302789,64,6,0,0,28
476599,1,43,New Zealand,216,6,4.837209302,0,2,1,0,23
476599,1,44,New Zealand,223,6,4.886363636,7,7,0,0,24
476599,1,45,New Zealand,226,6,4.844444444,10,3,0,0,25
476599,1,46,New Zealand,232,6,4.869565217,16,6,0,0,24
476599,1,47,New Zealand,239,7,4.914893617,7,7,1,0,25
476599,1,48,New Zealand,241,9,4.854166667,0,2,2,1,25
476599,1,49,New Zealand,241,10,4.837370242,0,0,1,1,18
476600,1,1,New Zealand,6,0,6.0,6,6,0,0,6
476600,1,2,New Zealand,7,0,3.272727273,6,2,0,0,8
476600,1,3,New Zealand,14,0,4.333333333,13,6,0,0,14
476600,1,4,New Zealand,17,1,4.0,2,3,1,0,17
476600,1,5,New Zealand,23,1,4.4,8,6,0,0,23
476600,1,6,New Zealand,30,1,4.833333333,15,7,0,0,24
476600,1,7,New Zealand,33,2,4.536585366,0,3,1,0,25
476600,1,8,New Zealand,44,2,5.25,11,11,0,0,30
476600,1,9,New Zealand,52,2,5.555555556,19,8,0,0,35
476600,1,10,New Zealand,53,2,5.1,20,1,0,0,30
476600,1,11,New Zealand,57,2,5.0,24,4,0,0,27
476600,1,12,New Zealand,58,2,4.647887324,24,2,0,0,26
476600,1,13,New Zealand,62,2,4.519480519,27,3,0,0,18
476600,1,14,New Zealand,69,2,4.642857143,34,7,0,0,17
476600,1,15,New Zealand,72,3,4.516853933,2,3,1,0,19
476600,1,16,New Zealand,77,3,4.5,7,5,0,0,20
476600,1,17,New Zealand,79,4,4.352941176,2,2,1,0,20
476600,1,18,New Zealand,86,4,4.5,9,7,0,0,24
476600,1,19,New Zealand,88,4,4.368421053,11,2,0,0,19
476600,1,20,New Zealand,91,4,4.3,14,3,0,0,19
476600,1,21,New Zealand,97,4,4.380952381,20,6,0,0,20
476600,1,22,New Zealand,100,4,4.318181818,23,3,0,0,21
476600,1,23,New Zealand,103,4,4.260869565,26,3,0,0,17
476600,1,24,New Zealand,108,4,4.291666667,31,5,0,0,20
476600,1,25,New Zealand,115,4,4.4,38,7,0,0,24
476600,1,26,New Zealand,122,4,4.5,45,7,0,0,25
476600,1,27,New Zealand,127,4,4.518518519,50,5,0,0,27
476600,1,28,New Zealand,130,4,4.464285714,53,3,0,0,27
476600,1,29,New Zealand,133,5,4.413793103,1,3,1,0,25
476600,1,30,New Zealand,135,5,4.324022346,2,6,0,0,24
476600,1,31,New Zealand,144,5,4.451612903,11,5,0,0,22
476600,1,32,New Zealand,144,6,4.3125,0,0,1,0,17
476600,1,33,New Zealand,146,6,4.242424242,2,2,0,0,16
476600,1,34,New Zealand,146,6,4.117647059,2,0,0,0,13
476600,1,35,New Zealand,147,6,4.028571429,3,1,0,0,8
476600,1,36,New Zealand,147,6,3.916666667,3,0,0,0,3
476600,1,37,New Zealand,149,6,3.864864865,5,2,0,0,5
476600,1,38,New Zealand,157,6,3.973684211,13,8,0,0,11
476600,1,39,New Zealand,161,7,3.974358974,0,4,1,1,15
476600,1,40,New Zealand,162,7,3.891213389,0,2,0,1,16
476600,1,41,New Zealand,165,8,3.853658537,2,2,1,1,18
476600,1,42,New Zealand,168,9,3.824701195,0,3,1,1,19
476600,1,43,New Zealand,171,9,3.790697674,3,3,0,1,14
476600,1,44,New Zealand,174,9,3.764258555,5,3,0,1,13
476600,1,45,New Zealand,174,10,3.721804511,0,0,1,1,11
486520,2,1,Zimbabwe,2,0,2.0,2,2,0,0,2
486520,2,2,Zimbabwe,6,0,3.0,6,4,0,0,6
486520,2,3,Zimbabwe,7,0,2.333333333,7,1,0,0,7
486520,2,4,Zimbabwe,14,0,3.5,14,7,0,0,14
486520,2,5,Zimbabwe,21,0,4.2,21,7,0,0,21
486520,2,6,Zimbabwe,24,0,4.0,24,3,0,0,22
486520,2,7,Zimbabwe,25,0,3.571428571,25,1,0,0,19
486520,2,8,Zimbabwe,30,0,3.75,30,5,0,0,23
486520,2,9,Zimbabwe,32,0,3.555555556,32,2,0,0,18
486520,2,10,Zimbabwe,42,0,4.2,42,10,0,0,21
486520,2,11,Zimbabwe,45,1,4.090909091,1,3,1,0,21
486520,2,12,Zimbabwe,52,1,4.333333333,8,7,0,0,27
486520,2,13,Zimbabwe,57,1,4.384615385,13,5,0,0,27
486520,2,14,Zimbabwe,58,1,4.142857143,14,1,0,0,26
486520,2,15,Zimbabwe,60,1,4.0,16,2,0,0,18
486520,2,16,Zimbabwe,62,1,3.875,18,2,0,0,17
486520,2,17,Zimbabwe,66,1,3.882352941,22,4,0,0,14
486520,2,18,Zimbabwe,68,1,3.757009346,23,2,0,0,11
486520,2,19,Zimbabwe,71,1,3.684210526,26,3,0,0,13
486520,2,20,Zimbabwe,76,1,3.75,31,5,0,0,16
486520,2,21,Zimbabwe,81,2,3.80952381,5,5,1,0,19
486520,2,22,Zimbabwe,83,3,3.727272727,1,2,1,1,17
486520,2,23,Zimbabwe,86,3,3.695652174,4,3,0,1,18
486520,2,24,Zimbabwe,89,4,3.666666667,0,3,1,1,18
486520,2,25,Zimbabwe,90,4,3.56,1,1,0,1,14
486520,2,26,Zimbabwe,98,4,3.730769231,9,8,0,1,17
486520,2,27,Zimbabwe,98,5,3.592592593,0,0,1,1,15
486520,2,28,Zimbabwe,100,5,3.535714286,2,2,0,1,14
486520,2,29,Zimbabwe,104,5,3.551724138,6,4,0,1,15
486520,2,30,Zimbabwe,108,5,3.566666667,10,4,0,1,18
486520,2,31,Zimbabwe,110,5,3.516129032,12,2,0,1,12
486520,2,32,Zimbabwe,115,6,3.5625,0,5,1,1,17
486520,2,33,Zimbabwe,123,6,3.563451777,3,8,0,1,23
486520,2,34,Zimbabwe,131,6,3.676470588,11,8,0,1,27
486520,2,35,Zimbabwe,132,6,3.6,12,1,0,1,24
486520,2,36,Zimbabwe,145,6,3.861111111,25,13,0,1,35
486520,2,37,Zimbabwe,151,6,3.918918919,31,6,0,0,36
486520,2,38,Zimbabwe,159,6,4.026315789,39,8,0,0,36
486520,2,39,Zimbabwe,160,6,3.939914163,39,1,0,0,29
486520,2,40,Zimbabwe,163,6,3.9,42,3,0,0,31
486520,2,41,Zimbabwe,165,6,3.844897959,43,3,0,0,21
486520,2,42,Zimbabwe,168,6,3.80952381,46,2,0,0,17
486520,2,43,Zimbabwe,169,7,3.744186047,0,1,1,0,10
486520,2,44,Zimbabwe,173,7,3.75,4,4,0,0,13
486520,2,45,Zimbabwe,175,7,3.711111111,6,2,0,0,12
486520,2,46,Zimbabwe,182,7,3.782608696,13,7,0,0,16
486520,2,47,Zimbabwe,190,8,3.872340426,3,8,1,0,22
486520,2,48,Zimbabwe,195,9,3.895833333,0,5,1,1,26
486520,2,49,Zimbabwe,200,10,3.918367347,0,5,1,1,27
486523,1,1,Zimbabwe,0,1,0.0,0,0,1,0,0
486523,1,2,Zimbabwe,4,1,2.0,4,4,0,0,4
486523,1,3,Zimbabwe,5,1,1.666666667,5,1,0,0,5
486523,1,4,Zimbabwe,7,2,1.75,2,2,1,0,7
486523,1,5,Zimbabwe,15,2,3.0,10,8,0,0,15
486523,1,6,Zimbabwe,17,2,2.833333333,12,2,0,0,17
486523,1,7,Zimbabwe,21,2,3.0,16,4,0,0,17
486523,1,8,Zimbabwe,27,2,3.375,22,6,0,0,22
486523,1,9,Zimbabwe,32,2,3.555555556,27,5,0,0,25
486523,1,10,Zimbabwe,40,2,4.0,35,8,0,0,25
486523,1,11,Zimbabwe,41,2,3.727272727,36,1,0,0,24
486523,1,12,Zimbabwe,46,2,3.833333333,41,5,0,0,25
486523,1,13,Zimbabwe,46,2,3.538461538,41,0,0,0,19
486523,1,14,Zimbabwe,48,3,3.428571429,1,2,1,0,16
486523,1,15,Zimbabwe,55,3,3.666666667,8,7,0,0,15
486523,1,16,Zimbabwe,59,3,3.663157895,11,5,0,0,19
486523,1,17,Zimbabwe,65,3,3.742574257,16,5,0,0,19
486523,1,18,Zimbabwe,68,3,3.666666667,19,3,0,0,22
486523,1,19,Zimbabwe,69,3,3.526315789,20,1,0,0,21
486523,1,20,Zimbabwe,71,4,3.428571429,0,2,1,0,16
486523,1,21,Zimbabwe,73,4,3.333333333,2,2,0,0,13
486523,1,22,Zimbabwe,83,4,3.636363636,12,10,0,0,18
486523,1,23,Zimbabwe,86,4,3.608695652,15,3,0,0,18
486523,1,24,Zimbabwe,88,4,3.541666667,17,2,0,0,19
486523,1,25,Zimbabwe,95,4,3.68,24,7,0,0,24
486523,1,26,Zimbabwe,99,4,3.692307692,28,4,0,0,26
486523,1,27,Zimbabwe,103,4,3.689440994,31,4,0,0,20
486523,1,28,Zimbabwe,109,4,3.75,37,6,0,0,23
486523,1,29,Zimbabwe,115,4,3.827586207,43,6,0,0,27
486523,1,30,Zimbabwe,119,4,3.833333333,47,4,0,0,24
486523,1,31,Zimbabwe,125,4,3.903225806,53,6,0,0,26
486523,1,32,Zimbabwe,128,4,3.863874346,55,4,0,0,26
486523,1,33,Zimbabwe,132,4,3.848484848,59,3,0,0,23
486523,1,34,Zimbabwe,138,4,3.911764706,65,6,0,0,23
486523,1,35,Zimbabwe,144,4,3.971428571,71,6,0,0,25
486523,1,36,Zimbabwe,148,4,3.972222222,75,4,0,0,23
486523,1,37,Zimbabwe,151,4,3.945945946,78,3,0,0,22
486523,1,38,Zimbabwe,155,4,3.947368421,82,4,0,0,23
486523,1,39,Zimbabwe,165,4,4.102564103,92,10,0,0,27
486523,1,40,Zimbabwe,171,4,4.15,98,6,0,0,27
486523,1,41,Zimbabwe,176,4,4.163265306,102,5,0,0,28
486523,1,42,Zimbabwe,187,4,4.30952381,113,11,0,0,36
486523,1,43,Zimbabwe,190,5,4.265625,1,4,1,0,36
486523,1,44,Zimbabwe,195,5,4.25,6,4,0,0,30
486523,1,45,Zimbabwe,202,5,4.311111111,13,7,0,0,31
486523,1,46,Zimbabwe,207,5,4.326086957,18,5,0,0,31
486523,1,47,Zimbabwe,209,6,4.276595745,1,2,1,0,22
486523,1,48,Zimbabwe,216,6,4.333333333,8,7,0,0,25
486523,1,49,Zimbabwe,228,7,4.489795918,0,12,1,0,33
486523,1,50,Zimbabwe,242,7,4.595317726,9,18,0,0,44
503364,1,1,Australia,5,0,5.0,5,5,0,0,5
503364,1,2,Australia,11,1,5.5,2,6,1,0,11
503364,1,3,Australia,11,1,3.666666667,2,0,0,0,11
503364,1,4,Australia,16,1,4.0,7,5,0,0,16
503364,1,5,Australia,17,1,3.4,8,1,0,0,17
503364,1,6,Australia,18,1,3.0,9,1,0,0,13
503364,1,7,Australia,19,1,2.714285714,10,1,0,0,8
503364,1,8,Australia,21,1,2.625,12,2,0,0,10
503364,1,9,Australia,21,1,2.333333333,12,0,0,0,5
503364,1,10,Australia,25,1,2.5,16,4,0,0,8
503364,1,11,Australia,27,2,2.454545455,0,2,1,0,9
503364,1,12,Australia,32,3,2.666666667,4,5,1,1,13
503364,1,13,Australia,36,3,2.769230769,8,4,0,1,15
503364,1,14,Australia,38,3,2.714285714,10,2,0,1,17
503364,1,15,Australia,43,3,2.866666667,15,5,0,1,18
503364,1,16,Australia,45,3,2.8125,17,2,0,1,18
503364,1,17,Australia,47,3,2.764705882,19,2,0,1,15
503364,1,18,Australia,48,3,2.666666667,20,1,0,1,12
503364,1,19,Australia,55,3,2.894736842,27,7,0,1,17
503364,1,20,Australia,62,3,3.1,34,7,0,1,19
503364,1,21,Australia,66,4,3.142857143,1,4,1,1,21
503364,1,22,Australia,67,4,3.045454545,2,1,0,1,20
503364,1,23,Australia,71,4,3.086956522,6,4,0,1,23
503364,1,24,Australia,74,4,3.083333333,9,3,0,1,19
503364,1,25,Australia,77,4,3.08,12,3,0,1,15
503364,1,26,Australia,83,4,3.192307692,18,6,0,1,17
503364,1,27,Australia,88,5,3.259259259,0,5,1,1,21
503364,1,28,Australia,92,5,3.285714286,4,4,0,1,21
503364,1,29,Australia,96,5,3.310344828,8,4,0,1,22
503364,1,30,Australia,100,5,3.333333333,12,4,0,1,23
503364,1,31,Australia,106,5,3.419354839,18,6,0,1,23
503364,1,32,Australia,112,5,3.5,24,6,0,1,24
503364,1,33,Australia,119,5,3.593908629,30,8,0,0,28
503364,1,34,Australia,127,5,3.705882353,38,7,0,0,31
503364,1,35,Australia,131,5,3.692307692,40,6,0,0,33
503364,1,36,Australia,137,5,3.722222222,46,4,0,0,31
503364,1,37,Australia,140,5,3.702702703,49,3,0,0,28
503364,1,38,Australia,144,5,3.710526316,53,4,0,0,24
503364,1,39,Australia,145,5,3.630901288,53,2,0,0,19
503364,1,40,Australia,152,5,3.7,60,6,0,0,19
503364,1,41,Australia,156,5,3.707317073,64,4,0,0,19
503364,1,42,Australia,163,5,3.785714286,71,7,0,0,23
503364,1,43,Australia,167,5,3.790697674,75,4,0,0,23
503364,1,44,Australia,169,6,3.75,2,2,1,0,23
503364,1,45,Australia,170,6,3.688888889,3,1,0,0,18
503364,1,46,Australia,184,6,3.913043478,17,14,0,0,28
503364,1,47,Australia,191,6,3.978723404,24,7,0,0,28
503364,1,48,Australia,201,7,4.104166667,6,10,1,0,34
503364,1,49,Australia,214,7,4.279863481,18,17,0,0,49
503364,1,50,Australia,229,7,4.48,33,11,0,0,59
503365,2,1,Australia,10,0,10.0,10,10,0,0,10
503365,2,2,Australia,15,0,7.636363636,14,5,0,0,15
503365,2,3,Australia,26,0,8.333333333,25,11,0,0,26
503365,2,4,Australia,35,0,8.5,34,9,0,0,35
503365,2,5,Australia,43,1,8.4,0,8,1,0,43
503365,2,6,Australia,45,1,7.333333333,2,2,0,0,35
503365,2,7,Australia,52,1,7.285714286,9,7,0,0,37
503365,2,8,Australia,55,1,6.75,12,3,0,0,29
503365,2,9,Australia,62,1,6.777777778,19,7,0,0,27
503365,2,10,Australia,71,1,7.0,28,9,0,0,28
503365,2,11,Australia,75,1,6.727272727,32,4,0,0,30
503365,2,12,Australia,80,1,6.583333333,37,5,0,0,28
503365,2,13,Australia,91,1,6.923076923,48,11,0,0,36
503365,2,14,Australia,96,1,6.795180723,52,5,0,0,34
503365,2,15,Australia,98,1,6.4,54,2,0,0,27
503365,2,16,Australia,103,1,6.3125,59,5,0,0,28
503365,2,17,Australia,105,1,6.058823529,61,2,0,0,25
503365,2,18,Australia,111,1,6.055555556,67,6,0,0,20
503365,2,19,Australia,121,1,6.263157895,77,10,0,0,25
503365,2,20,Australia,126,1,6.2,82,5,0,0,28
503365,2,21,Australia,135,1,6.333333333,91,9,0,0,32
503365,2,22,Australia,141,1,6.318181818,97,6,0,0,36
503365,2,23,Australia,144,1,6.173913043,100,3,0,0,33
503365,2,24,Australia,148,1,6.083333333,104,4,0,0,27
503365,2,25,Australia,152,1,6.0,108,4,0,0,26
503365,2,26,Australia,155,1,5.884615385,111,3,0,0,20
503365,2,27,Australia,164,1,6.0,120,9,0,0,23
503365,2,28,Australia,166,1,5.857142857,122,2,0,0,22
503365,2,29,Australia,169,1,5.75862069,125,3,0,0,21
503365,2,30,Australia,177,1,5.833333333,133,8,0,0,25
503365,2,31,Australia,179,2,5.709677419,0,2,1,0,24
503365,2,32,Australia,182,2,5.625,3,3,0,0,18
503365,2,33,Australia,186,2,5.573604061,6,4,0,0,20
503365,2,34,Australia,195,2,5.647058824,15,9,0,0,26
503365,2,35,Australia,198,3,5.571428571,1,3,1,0,21
503365,2,36,Australia,202,3,5.527777778,5,4,0,0,23
503365,2,37,Australia,209,3,5.567567568,12,7,0,0,27
503365,2,38,Australia,221,3,5.736842105,24,12,0,0,35
503365,2,39,Australia,223,5,5.641025641,0,2,2,1,28
503365,2,40,Australia,225,5,5.55,2,2,0,1,27
503365,2,41,Australia,227,5,5.463414634,4,2,0,1,25
503365,2,42,Australia,236,5,5.547619048,13,9,0,1,27
503365,2,43,Australia,242,5,5.558139535,19,6,0,1,21
503365,2,44,Australia,248,5,5.568181818,25,6,0,1,25
503365,2,45,Australia,257,5,5.644444444,34,9,0,1,32
503365,2,46,Australia,264,5,5.673913043,41,7,0,1,37
503365,2,47,Australia,270,5,5.680851064,47,6,0,1,34
503365,2,48,Australia,279,6,5.664335664,3,10,1,1,38
503365,2,49,Australia,283,6,5.591836735,7,3,0,1,35
503365,2,50,Australia,295,6,5.72,19,12,0,1,38
522247,1,1,Zimbabwe,7,0,7.0,7,7,0,0,7
522247,1,2,Zimbabwe,10,1,5.0,1,3,1,0,10
522247,1,3,Zimbabwe,14,1,4.666666667,5,4,0,0,14
522247,1,4,Zimbabwe,15,1,3.652173913,5,1,0,0,15
522247,1,5,Zimbabwe,20,1,3.8,10,5,0,0,20
522247,1,6,Zimbabwe,22,1,3.5,12,2,0,0,15
522247,1,7,Zimbabwe,26,2,3.571428571,1,4,1,0,16
522247,1,8,Zimbabwe,30,3,3.625,4,4,1,1,16
522247,1,9,Zimbabwe,30,3,3.222222222,4,0,0,1,15
522247,1,10,Zimbabwe,32,3,3.1,6,2,0,1,12
522247,1,11,Zimbabwe,37,3,3.272727273,11,5,0,1,15
522247,1,12,Zimbabwe,40,3,3.25,14,3,0,1,14
522247,1,13,Zimbabwe,40,3,3.0,14,0,0,1,10
522247,1,14,Zimbabwe,41,3,2.857142857,15,1,0,1,11
522247,1,15,Zimbabwe,46,3,3.0,20,5,0,1,14
522247,1,16,Zimbabwe,50,3,3.0,22,4,1,1,13
522247,1,17,Zimbabwe,52,4,2.882352941,2,2,0,1,12
522247,1,18,Zimbabwe,57,5,3.0,4,5,1,1,17
522247,1,19,Zimbabwe,58,6,2.894736842,0,1,1,1,17
522247,1,20,Zimbabwe,61,6,2.9,3,3,0,1,15
522247,1,21,Zimbabwe,63,6,2.857142857,5,2,0,1,13
522247,1,22,Zimbabwe,64,6,2.772727273,6,1,0,1,12
522247,1,23,Zimbabwe,70,6,2.913043478,12,6,0,1,13
522247,1,24,Zimbabwe,72,6,2.875,14,2,0,1,14
522247,1,25,Zimbabwe,76,6,2.92,18,4,0,1,15
522247,1,26,Zimbabwe,82,6,3.038461538,24,6,0,1,19
522247,1,27,Zimbabwe,85,6,3.037037037,27,3,0,1,21
522247,1,28,Zimbabwe,86,6,2.964285714,28,1,0,1,16
522247,1,29,Zimbabwe,92,6,3.068965517,34,6,0,1,20
522247,1,30,Zimbabwe,95,6,3.066666667,37,3,0,1,19
522247,1,31,Zimbabwe,100,6,3.129032258,42,5,0,1,18
522247,1,32,Zimbabwe,103,6,3.125,45,3,0,1,18
522247,1,33,Zimbabwe,106,6,3.121212121,48,3,0,1,20
522247,1,34,Zimbabwe,107,6,3.058823529,49,1,0,1,15
522247,1,35,Zimbabwe,111,7,3.085714286,0,4,1,1,16
522247,1,36,Zimbabwe,112,7,3.027777778,1,1,0,1,12
522247,1,37,Zimbabwe,115,7,3.027027027,4,3,0,1,12
522247,1,38,Zimbabwe,122,7,3.131578947,11,7,0,1,16
522247,1,39,Zimbabwe,126,7,3.153846154,15,4,0,1,19
522247,1,40,Zimbabwe,131,7,3.2,20,5,0,1,20
522247,1,41,Zimbabwe,142,7,3.390243902,31,11,0,1,30
522247,1,42,Zimbabwe,152,7,3.547619048,41,10,0,0,37
522247,1,43,Zimbabwe,158,7,3.595330739,46,7,0,0,37
522247,1,44,Zimbabwe,167,7,3.704545455,55,8,0,0,41
522247,1,45,Zimbabwe,175,7,3.8,63,8,0,0,44
522247,1,46,Zimbabwe,182,8,3.869565217,6,7,1,0,40
522247,1,47,Zimbabwe,187,8,3.893617021,11,5,0,0,35
522247,1,48,Zimbabwe,188,10,3.873684211,0,1,2,1,29
522248,2,1,Zimbabwe,3,0,3.0,3,3,0,0,3
522248,2,2,Zimbabwe,7,0,3.272727273,6,4,0,0,7
522248,2,3,Zimbabwe,13,0,3.882352941,11,6,0,0,13
522248,2,4,Zimbabwe,17,0,3.75,15,4,0,0,17
522248,2,5,Zimbabwe,21,0,3.8,19,4,0,0,21
522248,2,6,Zimbabwe,22,0,3.333333333,20,1,0,0,19
522248,2,7,Zimbabwe,23,0,3.0,21,1,0,0,16
522248,2,8,Zimbabwe,26,0,3.0,24,3,0,0,13
522248,2,9,Zimbabwe,33,0,3.444444444,31,7,0,0,16
522248,2,10,Zimbabwe,38,0,3.6,36,5,0,0,17
522248,2,11,Zimbabwe,50,0,4.363636364,48,12,0,0,28
522248,2,12,Zimbabwe,50,1,4.0,0,0,1,0,27
522248,2,13,Zimbabwe,55,1,4.076923077,5,5,0,0,29
522248,2,14,Zimbabwe,57,1,3.928571429,7,2,0,0,24
522248,2,15,Zimbabwe,59,1,3.8,9,2,0,0,21
522248,2,16,Zimbabwe,61,1,3.6875,11,2,0,0,11
522248,2,17,Zimbabwe,66,1,3.764705882,16,5,0,0,16
522248,2,18,Zimbabwe,68,2,3.666666667,2,2,1,0,13
522248,2,19,Zimbabwe,69,2,3.526315789,3,1,0,0,12
522248,2,20,Zimbabwe,80,2,3.9,14,11,0,0,21
522248,2,21,Zimbabwe,81,2,3.761904762,15,1,0,0,20
522248,2,22,Zimbabwe,85,2,3.772727273,19,4,0,0,19
522248,2,23,Zimbabwe,86,2,3.652173913,20,1,0,0,18
522248,2,24,Zimbabwe,89,2,3.625,23,3,0,0,20
522248,2,25,Zimbabwe,93,3,3.64,2,4,1,0,13
522248,2,26,Zimbabwe,102,3,3.846153846,11,9,0,0,21
522248,2,27,Zimbabwe,102,3,3.703703704,11,0,0,0,17
522248,2,28,Zimbabwe,108,3,3.785714286,17,6,0,0,22
522248,2,29,Zimbabwe,113,3,3.827586207,22,5,0,0,24
522248,2,30,Zimbabwe,115,3,3.766666667,24,2,0,0,22
522248,2,31,Zimbabwe,117,3,3.709677419,26,2,0,0,15
522248,2,32,Zimbabwe,124,4,3.8125,0,7,1,0,22
522248,2,33,Zimbabwe,130,4,3.878787879,6,6,0,0,22
522248,2,34,Zimbabwe,133,4,3.852941176,9,3,0,0,20
522248,2,35,Zimbabwe,140,4,3.942857143,16,7,0,0,25
522248,2,36,Zimbabwe,150,4,4.111111111,26,10,0,0,33
522248,2,37,Zimbabwe,154,4,4.108108108,30,4,0,0,30
522248,2,38,Zimbabwe,159,4,4.131578947,35,5,0,0,29
522248,2,39,Zimbabwe,163,4,4.128205128,39,4,0,0,30
522248,2,40,Zimbabwe,168,4,4.15,44,5,0,0,28
522248,2,41,Zimbabwe,175,4,4.219512195,51,7,0,0,25
522248,2,42,Zimbabwe,185,4,4.357142857,61,10,0,0,31
522248,2,43,Zimbabwe,189,5,4.348837209,4,4,1,0,30
522248,2,44,Zimbabwe,200,5,4.5,15,11,0,0,37
522248,2,45,Zimbabwe,210,5,4.622222222,25,10,0,0,42
522248,2,46,Zimbabwe,220,5,4.739130435,35,10,0,0,45
522248,2,47,Zimbabwe,229,6,4.829787234,0,9,1,0,44
522248,2,48,Zimbabwe,235,7,4.854166667,6,6,1,0,46
522248,2,49,Zimbabwe,243,9,4.918367347,0,8,2,1,43
522248,2,50,Zimbabwe,245,10,4.925675676,0,2,1,1,35
522249,2,1,Zimbabwe,3,0,1.5,1,9,0,0,9
522249,2,2,Zimbabwe,24,0,11.0,22,15,0,0,24
522249,2,3,Zimbabwe,30,0,9.333333333,28,6,0,0,30
522249,2,4,Zimbabwe,41,0,9.913043478,38,15,0,0,45
522249,2,5,Zimbabwe,50,1,9.4,4,5,1,0,50
522249,2,6,Zimbabwe,58,1,9.257142857,11,8,0,0,49
522249,2,7,Zimbabwe,62,1,8.285714286,15,4,0,0,38
522249,2,8,Zimbabwe,69,1,8.125,22,7,0,0,39
522249,2,9,Zimbabwe,71,1,7.444444444,24,2,0,0,26
522249,2,10,Zimbabwe,72,2,6.8,0,1,1,0,22
522249,2,11,Zimbabwe,78,2,6.738461538,5,7,0,0,21
522249,2,12,Zimbabwe,87,2,6.833333333,14,8,0,0,25
522249,2,13,Zimbabwe,89,2,6.461538462,16,2,0,0,20
522249,2,14,Zimbabwe,100,2,6.785714286,27,11,0,0,29
522249,2,15,Zimbabwe,104,2,6.6,31,4,0,0,32
522249,2,16,Zimbabwe,111,2,6.625,38,7,0,0,32
522249,2,17,Zimbabwe,111,2,6.235294118,38,0,0,0,24
522249,2,18,Zimbabwe,115,2,6.111111111,42,4,0,0,26
522249,2,19,Zimbabwe,117,2,5.894736842,44,2,0,0,17
522249,2,20,Zimbabwe,121,2,5.8,48,4,0,0,17
522249,2,21,Zimbabwe,122,3,5.571428571,0,1,1,0,11
522249,2,22,Zimbabwe,124,3,5.409090909,2,2,0,0,13
522249,2,23,Zimbabwe,127,3,5.299270073,4,3,0,0,12
522249,2,24,Zimbabwe,130,4,5.166666667,1,3,1,0,13
522249,2,25,Zimbabwe,132,4,5.04,3,2,0,0,11
522249,2,26,Zimbabwe,137,4,5.038461538,8,5,0,0,15
522249,2,27,Zimbabwe,143,4,5.068322981,13,7,0,0,20
522249,2,28,Zimbabwe,151,4,5.142857143,21,7,0,0,24
522249,2,29,Zimbabwe,160,4,5.23699422,28,10,0,0,31
522249,2,30,Zimbabwe,165,4,5.2,33,4,0,0,33
522249,2,31,Zimbabwe,171,4,5.225806452,39,6,0,0,34
522249,2,32,Zimbabwe,179,4,5.3125,47,8,0,0,35
522249,2,33,Zimbabwe,183,4,5.272727273,51,4,0,0,32
522249,2,34,Zimbabwe,189,4,5.294117647,57,6,0,0,28
522249,2,35,Zimbabwe,194,4,5.285714286,62,5,0,0,29
522249,2,36,Zimbabwe,199,4,5.277777778,67,5,0,0,28
522249,2,37,Zimbabwe,203,4,5.290909091,71,4,0,0,24
522250,1,1,Zimbabwe,2,0,1.2,1,2,0,0,2
522250,1,2,Zimbabwe,8,0,3.5,7,6,0,0,8
522250,1,3,Zimbabwe,8,0,2.333333333,7,0,0,0,8
522250,1,4,Zimbabwe,10,0,2.25,9,2,0,0,10
522250,1,5,Zimbabwe,16,0,3.0,15,6,0,0,16
522250,1,6,Zimbabwe,17,0,2.666666667,16,1,0,0,15
522250,1,7,Zimbabwe,20,0,2.714285714,19,3,0,0,12
522250,1,8,Zimbabwe,28,0,3.375,27,8,0,0,20
522250,1,9,Zimbabwe,30,0,3.169811321,28,2,0,0,20
522250,1,10,Zimbabwe,40,1,3.8,10,10,1,0,24
522250,1,11,Zimbabwe,47,1,4.090909091,17,7,0,0,30
522250,1,12,Zimbabwe,52,1,4.166666667,22,5,0,0,32
522250,1,13,Zimbabwe,53,1,3.923076923,23,1,0,0,25
522250,1,14,Zimbabwe,54,1,3.714285714,24,1,0,0,24
522250,1,15,Zimbabwe,59,1,3.8,29,5,0,0,19
522250,1,16,Zimbabwe,65,1,3.663157895,30,7,0,0,19
522250,1,17,Zimbabwe,72,2,3.823529412,2,6,1,0,20
522250,1,18,Zimbabwe,75,2,3.777777778,5,3,0,0,22
522250,1,19,Zimbabwe,78,2,3.736842105,8,3,0,0,24
522250,1,20,Zimbabwe,79,2,3.6,9,1,0,0,20
522250,1,21,Zimbabwe,81,3,3.523809524,2,2,1,0,15
522250,1,22,Zimbabwe,87,3,3.636363636,8,6,0,0,15
522250,1,23,Zimbabwe,95,3,3.826086957,16,8,0,0,20
522250,1,24,Zimbabwe,102,3,3.958333333,23,7,0,0,24
522250,1,25,Zimbabwe,109,3,4.08,30,7,0,0,30
522250,1,26,Zimbabwe,115,3,4.153846154,36,6,0,0,34
522250,1,27,Zimbabwe,119,3,4.148148148,40,4,0,0,32
522250,1,28,Zimbabwe,123,4,4.142857143,4,4,1,0,28
522250,1,29,Zimbabwe,127,4,4.137931034,8,4,0,0,25
522250,1,30,Zimbabwe,127,5,4.0,0,0,1,0,18
522250,1,31,Zimbabwe,130,5,3.967741935,3,3,0,0,15
522250,1,32,Zimbabwe,131,5,3.875,4,1,0,0,12
522250,1,33,Zimbabwe,132,5,3.787878788,5,1,0,0,9
522250,1,34,Zimbabwe,145,5,4.058823529,18,13,0,0,18
522250,1,35,Zimbabwe,148,5,4.028571429,21,3,0,0,21
522250,1,36,Zimbabwe,151,5,4.0,24,3,0,0,21
522250,1,37,Zimbabwe,152,5,3.918918919,25,1,0,0,21
522250,1,38,Zimbabwe,155,5,3.894736842,28,3,0,0,23
522250,1,39,Zimbabwe,160,5,3.923076923,33,5,0,0,15
522250,1,40,Zimbabwe,167,5,4.0,40,7,0,0,19
522250,1,41,Zimbabwe,172,5,4.008196721,43,7,0,0,23
522250,1,42,Zimbabwe,183,5,4.142857143,54,9,0,0,31
522250,1,43,Zimbabwe,189,5,4.186046512,60,6,0,0,34
522250,1,44,Zimbabwe,198,5,4.295454545,69,9,0,0,38
522250,1,45,Zimbabwe,204,5,4.327137546,74,7,0,0,38
522250,1,46,Zimbabwe,217,5,4.5,87,12,0,0,43
522250,1,47,Zimbabwe,226,5,4.590747331,95,10,0,0,44
522250,1,48,Zimbabwe,234,6,4.645833333,0,7,1,0,45
522250,1,49,Zimbabwe,244,6,4.755102041,10,10,0,0,46
522250,1,50,Zimbabwe,253,6,4.84,19,9,0,0,48
531984,1,1,West Indies,1,1,1.0,0,1,1,0,1
531984,1,2,West Indies,1,3,0.5,0,0,2,1,1
531984,1,3,West Indies,5,3,1.666666667,4,4,0,1,5
531984,1,4,West Indies,17,3,4.25,16,12,0,1,17
531984,1,5,West Indies,18,4,3.6,0,1,1,1,18
531984,1,6,West Indies,20,4,3.333333333,2,2,0,1,19
531984,1,7,West Indies,21,4,3.0,3,1,0,1,20
531984,1,8,West Indies,22,4,2.680851064,3,2,0,1,18
531984,1,9,West Indies,25,4,2.666666667,6,2,0,1,8
531984,1,10,West Indies,26,4,2.5,7,1,0,1,8
531984,1,11,West Indies,27,4,2.363636364,8,1,0,1,7
531984,1,12,West Indies,31,4,2.5,12,4,0,1,10
531984,1,13,West Indies,32,4,2.384615385,13,1,0,1,9
531984,1,14,West Indies,38,4,2.642857143,19,6,0,1,13
531984,1,15,West Indies,39,4,2.561797753,20,1,0,1,13
531984,1,16,West Indies,44,4,2.715789474,25,5,0,1,17
531984,1,17,West Indies,49,4,2.851485149,30,5,0,1,18
531984,1,18,West Indies,54,4,2.971962617,35,5,0,1,22
531984,1,19,West Indies,58,5,3.0,0,4,1,1,20
531984,1,20,West Indies,61,5,2.974789916,3,3,0,1,22
531984,1,21,West Indies,67,5,3.12,9,6,0,1,23
531984,1,22,West Indies,72,5,3.184615385,13,5,0,1,23
531984,1,23,West Indies,79,5,3.328467153,20,7,0,1,25
531984,1,24,West Indies,81,5,3.272727273,22,2,0,1,23
531984,1,25,West Indies,84,5,3.261744966,25,3,0,0,23
531984,1,26,West Indies,93,5,3.483870968,34,9,0,0,26
531984,1,27,West Indies,94,5,3.391304348,35,1,0,0,22
531984,1,28,West Indies,98,5,3.413173653,39,4,0,0,19
531984,1,29,West Indies,105,5,3.537572254,46,7,0,0,24
531984,1,30,West Indies,109,5,3.553072626,50,4,0,0,25
531984,1,31,West Indies,114,5,3.6,55,5,0,0,21
531984,1,32,West Indies,117,6,3.581151832,2,3,1,0,23
531984,1,33,West Indies,122,6,3.624365482,7,5,0,0,24
531984,1,34,West Indies,125,6,3.60591133,10,3,0,0,20
531984,1,35,West Indies,129,6,3.61722488,14,4,0,0,20
531984,1,36,West Indies,129,6,3.51627907,14,0,0,0,15
531984,1,37,West Indies,134,6,3.556561086,19,5,0,0,17
531984,1,38,West Indies,139,6,3.584070796,23,6,0,0,18
531984,1,39,West Indies,150,6,3.75,33,10,0,0,25
531984,1,40,West Indies,152,7,3.690376569,2,2,1,0,23
531984,1,41,West Indies,155,7,3.673469388,5,3,0,0,26
531984,1,42,West Indies,160,7,3.705179283,10,5,0,0,26
531984,1,43,West Indies,170,7,3.852140078,20,10,0,0,30
531984,1,44,West Indies,179,7,3.969581749,29,9,0,0,29
531984,1,45,West Indies,189,7,4.104089219,39,10,0,0,37
531984,1,46,West Indies,197,8,4.189090909,6,8,1,0,42
531984,1,47,West Indies,201,8,4.185053381,10,4,0,0,41
531984,1,48,West Indies,216,8,4.405594406,24,16,0,0,47
531984,1,49,West Indies,220,10,4.397260274,0,3,2,1,41
531985,2,1,West Indies,7,0,7.0,7,7,0,0,7
531985,2,2,West Indies,10,0,5.0,10,3,0,0,10
531985,2,3,West Indies,15,0,5.0,15,5,0,0,15
531985,2,4,West Indies,24,0,6.0,24,9,0,0,24
531985,2,5,West Indies,25,1,5.0,0,1,1,0,25
531985,2,6,West Indies,26,1,4.333333333,1,1,0,0,19
531985,2,7,West Indies,30,1,4.285714286,5,4,0,0,20
531985,2,8,West Indies,31,2,3.875,1,1,1,0,16
531985,2,9,West Indies,33,2,3.666666667,3,2,0,0,9
531985,2,10,West Indies,37,2,3.7,7,4,0,0,12
531985,2,11,West Indies,41,2,3.727272727,11,4,0,0,15
531985,2,12,West Indies,41,2,3.416666667,11,0,0,0,11
531985,2,13,West Indies,41,2,3.153846154,11,0,0,0,10
531985,2,14,West Indies,45,2,3.214285714,15,4,0,0,12
531985,2,15,West Indies,46,2,3.066666667,16,1,0,0,9
531985,2,16,West Indies,48,2,3.0,18,2,0,0,7
531985,2,17,West Indies,51,2,3.0,21,3,0,0,10
531985,2,18,West Indies,52,2,2.888888889,22,1,0,0,11
531985,2,19,West Indies,60,2,3.157894737,30,8,0,0,15
531985,2,20,West Indies,62,2,3.1,32,2,0,0,16
535794,2,1,Pakistan,0,0,0.0,0,0,0,0,0
535794,2,2,Pakistan,1,0,0.5,1,1,0,0,1
535794,2,3,Pakistan,2,0,0.666666667,2,1,0,0,2
535794,2,4,Pakistan,7,0,1.75,7,5,0,0,7
535794,2,5,Pakistan,13,0,2.6,13,6,0,0,13
535794,2,6,Pakistan,19,0,3.166666667,19,6,0,0,19
535794,2,7,Pakistan,22,0,3.142857143,22,3,0,0,21
535794,2,8,Pakistan,36,0,4.5,36,14,0,0,34
535794,2,9,Pakistan,41,0,4.555555556,41,5,0,0,34
535794,2,10,Pakistan,43,0,4.3,43,2,0,0,30
535794,2,11,Pakistan,45,1,4.090909091,0,2,1,0,26
535794,2,12,Pakistan,46,1,3.833333333,1,1,0,0,24
535794,2,13,Pakistan,53,1,4.076923077,8,7,0,0,17
535794,2,14,Pakistan,57,1,4.071428571,12,4,0,0,16
535794,2,15,Pakistan,65,1,4.333333333,20,8,0,0,22
535794,2,16,Pakistan,66,1,4.125,21,1,0,0,21
535794,2,17,Pakistan,76,1,4.396039604,29,11,0,0,31
535794,2,18,Pakistan,79,1,4.277777778,32,2,0,0,26
535794,2,19,Pakistan,84,1,4.315789474,37,5,0,0,27
535794,2,20,Pakistan,87,1,4.25,40,3,0,0,22
535794,2,21,Pakistan,91,2,4.238095238,1,4,1,0,25
535794,2,22,Pakistan,95,2,4.227272727,5,4,0,0,18
535794,2,23,Pakistan,102,3,4.347826087,2,7,1,0,23
535794,2,24,Pakistan,107,3,4.375,7,5,0,0,23
535794,2,25,Pakistan,113,3,4.44,13,6,0,0,26
535794,2,26,Pakistan,119,3,4.5,19,6,0,0,28
535794,2,27,Pakistan,127,3,4.62962963,27,8,0,0,32
535794,2,28,Pakistan,134,3,4.714285714,34,7,0,0,32
535794,2,29,Pakistan,136,5,4.620689655,1,2,2,1,29
535794,2,30,Pakistan,141,5,4.625698324,5,5,0,1,28
535794,2,31,Pakistan,144,5,4.548387097,8,3,0,1,25
535794,2,32,Pakistan,148,5,4.53125,12,4,0,1,21
535794,2,33,Pakistan,153,5,4.545454545,17,5,0,1,19
535794,2,34,Pakistan,156,5,4.5,20,3,0,1,20
535794,2,35,Pakistan,159,5,4.457142857,23,3,0,1,18
535794,2,36,Pakistan,163,5,4.437209302,26,4,0,1,19
535794,2,37,Pakistan,171,5,4.513513514,34,8,0,1,23
535794,2,38,Pakistan,181,5,4.657894737,44,10,0,1,28
535794,2,39,Pakistan,189,5,4.743589744,52,8,0,0,33
535794,2,40,Pakistan,195,5,4.775,58,6,0,0,36
535794,2,41,Pakistan,201,5,4.804878049,64,6,0,0,38
535794,2,42,Pakistan,205,5,4.785714286,68,4,0,0,34
535794,2,43,Pakistan,216,5,4.930232558,79,11,0,0,35
535794,2,44,Pakistan,227,6,5.064638783,2,12,1,0,39
535794,2,45,Pakistan,230,8,5.0,0,2,2,1,35
535794,2,46,Pakistan,235,9,5.0,0,5,1,1,34
535794,2,47,Pakistan,240,9,5.0,5,5,0,1,35
535794,2,48,Pakistan,241,9,4.916666667,6,1,0,1,25
535794,2,49,Pakistan,241,10,4.899653979,0,0,1,1,13
535797,2,1,India,3,0,3.0,3,3,0,0,3
535797,2,2,India,9,0,4.5,9,6,0,0,9
535797,2,3,India,10,0,3.333333333,10,1,0,0,10
535797,2,4,India,14,0,3.5,14,4,0,0,14
535797,2,5,India,15,1,3.0,0,1,1,0,15
535797,2,6,India,20,1,3.333333333,5,5,0,0,17
535797,2,7,India,24,1,3.428571429,9,4,0,0,15
535797,2,8,India,24,1,3.0,9,0,0,0,14
535797,2,9,India,33,1,3.666666667,18,9,0,0,19
535797,2,10,India,38,1,3.8,23,5,0,0,23
535797,2,11,India,43,1,3.909090909,28,5,0,0,23
535797,2,12,India,46,1,3.833333333,31,3,0,0,22
535797,2,13,India,51,1,3.923076923,36,5,0,0,27
535797,2,14,India,61,1,4.357142857,46,10,0,0,28
535797,2,15,India,65,1,4.333333333,50,4,0,0,27
535797,2,16,India,69,1,4.3125,54,4,0,0,26
535797,2,17,India,71,1,4.176470588,56,2,0,0,25
535797,2,18,India,79,1,4.388888889,64,8,0,0,28
535797,2,19,India,82,1,4.315789474,67,3,0,0,21
535797,2,20,India,84,1,4.2,69,2,0,0,19
535797,2,21,India,84,1,4.0,69,0,0,0,15
535797,2,22,India,92,1,4.181818182,77,8,0,0,21
535797,2,23,India,95,1,4.130434783,80,3,0,0,16
535797,2,24,India,97,1,4.041666667,82,2,0,0,15
535797,2,25,India,105,1,4.2,90,8,0,0,21
535797,2,26,India,111,1,4.269230769,96,6,0,0,27
535797,2,27,India,117,1,4.333333333,102,6,0,0,25
535797,2,28,India,120,1,4.285714286,105,3,0,0,25
535797,2,29,India,128,2,4.404624277,0,8,1,0,31
535797,2,30,India,135,2,4.466666667,7,7,0,0,30
535797,2,31,India,140,2,4.483870968,12,5,0,0,29
535797,2,32,India,147,2,4.5625,19,7,0,0,30
535797,2,33,India,151,2,4.545454545,23,4,0,0,31
535797,2,34,India,157,3,4.588235294,1,6,1,0,29
535797,2,35,India,162,3,4.6,6,5,0,0,27
535797,2,36,India,166,3,4.583333333,10,4,0,0,26
535797,2,37,India,180,3,4.832579186,23,18,0,0,37
535797,2,38,India,192,3,5.0,35,8,0,0,41
535797,2,39,India,197,3,5.0,40,5,0,0,40
535797,2,40,India,208,3,5.15,51,11,0,0,46
535797,2,41,India,218,3,5.268292683,61,10,0,0,52
535797,2,42,India,224,4,5.282868526,0,7,1,0,41
535797,2,43,India,230,4,5.279069767,6,5,0,0,38
535797,2,44,India,236,4,5.295454545,12,6,0,0,39
535797,2,45,India,244,4,5.355555556,20,8,0,0,36
535797,2,46,India,253,4,5.434782609,29,9,0,0,35
535797,2,47,India,257,4,5.404255319,33,4,0,0,32
535797,2,48,India,274,4,5.644599303,49,17,0,0,44
535797,2,49,India,288,5,5.71331058,0,14,1,0,52
535797,2,50,India,293,5,5.756756757,5,5,0,0,49
535800,2,1,Pakistan,2,0,2.0,2,2,0,0,2
535800,2,2,Pakistan,2,0,1.0,2,0,0,0,2
535800,2,3,Pakistan,4,0,1.333333333,4,2,0,0,4
535800,2,4,Pakistan,13,0,3.25,13,9,0,0,13
535800,2,5,Pakistan,14,0,2.8,14,1,0,0,14
535800,2,6,Pakistan,24,0,4.0,24,10,0,0,22
535800,2,7,Pakistan,26,0,3.714285714,26,2,0,0,24
535800,2,8,Pakistan,32,0,3.957446809,31,6,0,0,28
535800,2,9,Pakistan,35,0,3.777777778,34,3,0,0,22
535800,2,10,Pakistan,35,0,3.4,34,0,0,0,21
535800,2,11,Pakistan,42,0,3.727272727,41,7,0,0,18
535800,2,12,Pakistan,44,0,3.583333333,43,2,0,0,18
535800,2,13,Pakistan,46,0,3.461538462,45,2,0,0,14
535800,2,14,Pakistan,58,0,4.071428571,57,12,0,0,23
535800,2,15,Pakistan,62,0,4.066666667,61,4,0,0,27
535800,2,16,Pakistan,65,0,4.0,64,3,0,0,23
535800,2,17,Pakistan,68,1,3.941176471,0,3,1,0,24
535800,2,18,Pakistan,68,2,3.722222222,0,0,1,0,22
535800,2,19,Pakistan,69,2,3.578947368,1,1,0,0,11
535800,2,20,Pakistan,70,2,3.45,2,1,0,0,8
535800,2,21,Pakistan,72,2,3.380952381,4,2,0,0,7
535800,2,22,Pakistan,78,2,3.5,10,6,0,0,10
535800,2,23,Pakistan,81,2,3.47826087,13,3,0,0,13
535800,2,24,Pakistan,86,3,3.541666667,5,5,1,1,17
535800,2,25,Pakistan,86,3,3.4,5,0,0,1,16
535800,2,26,Pakistan,86,3,3.269230769,5,0,0,1,14
535800,2,27,Pakistan,88,3,3.204968944,6,2,0,1,10
535800,2,28,Pakistan,94,3,3.285714286,12,6,0,1,13
535800,2,29,Pakistan,98,3,3.310344828,16,4,0,1,12
535800,2,30,Pakistan,101,3,3.3,19,3,0,1,15
535800,2,31,Pakistan,109,3,3.451612903,27,8,0,1,23
535800,2,32,Pakistan,115,3,3.53125,33,6,0,1,27
535800,2,33,Pakistan,119,3,3.545454545,37,4,0,1,25
535800,2,34,Pakistan,123,3,3.54679803,40,5,0,0,26
535800,2,35,Pakistan,132,3,3.674641148,48,8,0,0,31
535800,2,36,Pakistan,138,3,3.722222222,54,6,0,0,29
535800,2,37,Pakistan,142,3,3.72972973,58,4,0,0,27
535800,2,38,Pakistan,145,3,3.710526316,61,3,0,0,26
535800,2,39,Pakistan,147,3,3.666666667,63,2,0,0,23
535800,2,40,Pakistan,153,3,3.725,69,6,0,0,21
535800,2,41,Pakistan,160,3,3.804878049,76,7,0,0,22
535800,2,42,Pakistan,169,3,3.928571429,85,9,0,0,27
535800,2,43,Pakistan,176,4,4.0,6,7,1,0,31
535800,2,44,Pakistan,181,5,4.022727273,2,5,1,0,34
535800,2,45,Pakistan,190,5,4.133333333,11,9,0,0,37
535800,2,46,Pakistan,196,6,4.145454545,4,8,1,1,38
535800,2,47,Pakistan,212,6,4.382978723,20,14,0,1,43
535800,2,48,Pakistan,218,7,4.416666667,0,6,1,1,42
535800,2,49,Pakistan,226,7,4.464163823,6,10,0,1,47
535800,2,50,Pakistan,234,8,4.52,1,6,1,1,44
538069,1,1,Pakistan,0,1,0.0,0,0,1,0,0
538069,1,2,Pakistan,1,1,0.0,0,1,0,0,1
538069,1,3,Pakistan,2,1,0.333333333,1,1,0,0,2
538069,1,4,Pakistan,2,1,0.25,1,0,0,0,2
538069,1,5,Pakistan,2,1,0.2,1,0,0,0,2
538069,1,6,Pakistan,6,2,0.833333333,0,4,1,0,6
538069,1,7,Pakistan,8,2,1.0,2,2,0,0,7
538069,1,8,Pakistan,16,2,1.276595745,5,8,0,0,14
538069,1,9,Pakistan,20,2,1.555555556,9,4,0,0,18
538069,1,10,Pakistan,26,2,2.0,15,6,0,0,24
538069,1,11,Pakistan,27,2,1.909090909,16,1,0,0,21
538069,1,12,Pakistan,29,3,1.916666667,0,2,1,1,21
538069,1,13,Pakistan,31,5,1.923076923,0,2,2,1,15
538069,1,14,Pakistan,34,5,1.879518072,1,3,0,1,14
538069,1,15,Pakistan,37,5,1.933333333,4,3,0,1,11
538069,1,16,Pakistan,38,5,1.875,5,1,0,1,11
538069,1,17,Pakistan,46,5,2.235294118,13,8,0,1,17
538069,1,18,Pakistan,48,5,2.222222222,15,2,0,1,17
538069,1,19,Pakistan,49,5,2.157894737,16,1,0,1,15
538069,1,20,Pakistan,56,5,2.4,23,7,0,1,19
538069,1,21,Pakistan,58,5,2.380952381,25,2,0,1,20
538069,1,22,Pakistan,66,5,2.636363636,33,8,0,1,20
538069,1,23,Pakistan,67,5,2.565217391,34,1,0,1,19
538069,1,24,Pakistan,67,6,2.458333333,0,0,1,1,18
538069,1,25,Pakistan,67,6,2.36,0,0,0,1,11
538069,1,26,Pakistan,71,6,2.423076923,4,4,0,1,13
538069,1,27,Pakistan,74,7,2.444444444,3,3,1,1,8
538069,1,28,Pakistan,74,8,2.357142857,0,0,1,1,7
538069,1,29,Pakistan,81,9,2.517241379,7,7,1,1,14
538069,1,30,Pakistan,90,9,2.733333333,16,9,0,1,23
538069,1,31,Pakistan,91,10,2.721311475,0,1,1,1,20
538070,2,1,Pakistan,1,0,1.0,1,1,0,0,1
538070,2,2,Pakistan,6,0,2.727272727,5,5,0,0,6
538070,2,3,Pakistan,7,0,2.0,6,1,0,0,7
538070,2,4,Pakistan,10,1,2.25,2,3,1,0,10
538070,2,5,Pakistan,10,1,1.8,2,0,0,0,10
538070,2,6,Pakistan,14,1,2.166666667,6,4,0,0,13
538070,2,7,Pakistan,16,2,2.142857143,0,2,1,0,10
538070,2,8,Pakistan,17,2,2.0,1,1,0,0,10
538070,2,9,Pakistan,19,3,2.0,0,2,1,1,9
538070,2,10,Pakistan,19,4,1.8,0,0,1,1,9
538070,2,11,Pakistan,24,4,2.090909091,5,5,0,1,10
538070,2,12,Pakistan,25,4,1.943661972,5,1,0,1,9
538070,2,13,Pakistan,26,4,1.846153846,6,1,0,1,9
538070,2,14,Pakistan,30,4,2.0,10,4,0,1,11
538070,2,15,Pakistan,31,4,1.933333333,11,1,0,1,12
538070,2,16,Pakistan,33,4,1.9375,13,2,0,1,9
538070,2,17,Pakistan,35,4,1.900990099,14,2,0,1,10
538070,2,18,Pakistan,37,4,1.888888889,16,2,0,1,11
538070,2,19,Pakistan,37,4,1.789473684,16,0,0,1,7
538070,2,20,Pakistan,40,4,1.81512605,18,3,0,1,9
538070,2,21,Pakistan,44,4,1.904761905,22,4,0,1,11
538070,2,22,Pakistan,46,4,1.909090909,24,2,0,1,11
538070,2,23,Pakistan,54,4,2.173913043,32,8,0,1,17
538070,2,24,Pakistan,56,4,2.166666667,34,2,0,1,19
538070,2,25,Pakistan,63,4,2.33557047,40,9,0,1,25
538070,2,26,Pakistan,69,4,2.461538462,46,4,0,0,25
538070,2,27,Pakistan,73,4,2.518518519,50,4,0,0,27
538070,2,28,Pakistan,74,4,2.464285714,51,1,0,0,20
538070,2,29,Pakistan,84,4,2.724137931,61,10,0,0,28
538070,2,30,Pakistan,85,4,2.666666667,62,1,0,0,20
538070,2,31,Pakistan,89,4,2.691891892,65,4,0,0,20
538070,2,32,Pakistan,89,4,2.59375,65,0,0,0,16
538070,2,33,Pakistan,91,4,2.558375635,66,3,0,0,18
538070,2,34,Pakistan,96,4,2.617647059,71,4,0,0,12
538070,2,35,Pakistan,98,4,2.6,73,2,0,0,13
538070,2,36,Pakistan,103,4,2.666666667,78,5,0,0,14
538070,2,37,Pakistan,105,4,2.648648649,80,2,0,0,16
538070,2,38,Pakistan,110,4,2.710526316,85,5,0,0,18
538070,2,39,Pakistan,115,4,2.769230769,90,5,0,0,19
538070,2,40,Pakistan,121,4,2.836820084,95,6,0,0,23
538070,2,41,Pakistan,124,4,2.829268293,98,3,0,0,21
538070,2,42,Pakistan,127,5,2.833333333,2,3,1,0,22
538070,2,43,Pakistan,131,5,2.860465116,6,4,0,0,21
538070,2,44,Pakistan,137,5,2.931818182,12,6,0,0,22
538070,2,45,Pakistan,139,5,2.911111111,14,2,0,0,18
538070,2,46,Pakistan,149,5,3.065217391,24,10,0,0,25
538070,2,47,Pakistan,160,5,3.234042553,35,11,0,0,33
538070,2,48,Pakistan,165,5,3.261324042,39,6,0,0,35
538070,2,49,Pakistan,180,5,3.489795918,54,14,0,0,43
538070,2,50,Pakistan,186,7,3.54,0,6,2,0,47
538071,2,1,Pakistan,3,1,3.0,3,3,1,0,3
538071,2,2,Pakistan,5,1,2.5,5,2,0,0,5
538071,2,3,Pakistan,13,1,4.333333333,13,8,0,0,13
538071,2,4,Pakistan,14,1,3.5,14,1,0,0,14
538071,2,5,Pakistan,16,1,3.103448276,15,2,0,0,16
538071,2,6,Pakistan,19,1,3.0,18,3,0,0,16
538071,2,7,Pakistan,20,1,2.634146341,18,3,0,0,17
538071,2,8,Pakistan,22,1,2.375,19,0,0,0,9
538071,2,9,Pakistan,22,1,2.111111111,19,0,0,0,8
538071,2,10,Pakistan,23,1,2.0,20,1,0,0,7
538071,2,11,Pakistan,30,1,2.454545455,27,7,0,0,11
538071,2,12,Pakistan,43,1,3.333333333,40,13,0,0,21
538071,2,13,Pakistan,49,1,3.538461538,46,6,0,0,27
538071,2,14,Pakistan,50,1,3.357142857,47,1,0,0,28
538071,2,15,Pakistan,61,1,3.866666667,58,11,0,0,38
538071,2,16,Pakistan,61,1,3.625,58,0,0,0,31
538071,2,17,Pakistan,64,1,3.588235294,61,3,0,0,21
538071,2,18,Pakistan,64,1,3.388888889,61,0,0,0,15
538071,2,19,Pakistan,68,1,3.421052632,65,4,0,0,18
538071,2,20,Pakistan,69,2,3.3,0,1,1,0,8
538071,2,21,Pakistan,72,3,3.285714286,2,3,1,0,11
538071,2,22,Pakistan,72,4,3.136363636,0,0,1,1,8
538071,2,23,Pakistan,77,4,3.217391304,5,5,0,1,13
538071,2,24,Pakistan,80,4,3.208333333,8,3,0,1,12
538071,2,25,Pakistan,80,4,3.08,8,0,0,1,11
538071,2,26,Pakistan,83,5,3.076923077,2,3,1,1,11
538071,2,27,Pakistan,85,6,3.037037037,2,2,1,1,13
538071,2,28,Pakistan,94,6,3.233532934,10,9,0,1,17
538071,2,29,Pakistan,96,6,3.172413793,12,2,0,1,16
538071,2,30,Pakistan,101,6,3.233333333,17,5,0,1,21
538071,2,31,Pakistan,107,6,3.322580645,23,6,0,1,24
538071,2,32,Pakistan,111,6,3.34375,27,4,0,1,26
538071,2,33,Pakistan,112,6,3.272727273,28,1,0,1,18
538071,2,34,Pakistan,114,6,3.235294118,30,2,0,1,18
538071,2,35,Pakistan,117,6,3.215311005,32,3,1,1,16
538071,2,36,Pakistan,117,8,3.111111111,0,0,1,1,10
538071,2,37,Pakistan,119,8,3.081081081,2,2,0,1,8
538071,2,38,Pakistan,119,10,3.0,0,0,2,1,7
587472,1,1,West Indies,2,0,1.2,1,2,0,0,2
587472,1,2,West Indies,8,0,3.5,7,6,0,0,8
587472,1,3,West Indies,9,0,2.470588235,7,1,0,0,9
587472,1,4,West Indies,12,1,2.5,3,3,1,0,12
587472,1,5,West Indies,16,1,2.8,7,4,0,0,16
587472,1,6,West Indies,21,1,3.166666667,12,5,0,0,19
587472,1,7,West Indies,21,2,2.714285714,0,0,1,0,13
587472,1,8,West Indies,25,2,2.875,4,4,0,0,16
587472,1,9,West Indies,32,2,3.333333333,11,7,0,0,20
587472,1,10,West Indies,35,2,3.3,14,3,0,0,19
587472,1,11,West Indies,39,2,3.363636364,18,4,0,0,18
587472,1,12,West Indies,40,2,3.166666667,19,1,0,0,19
587472,1,13,West Indies,46,2,3.384615385,25,6,0,0,21
587472,1,14,West Indies,50,2,3.428571429,29,4,0,0,18
587472,1,15,West Indies,60,2,3.866666667,39,10,0,0,25
587472,1,16,West Indies,63,2,3.8125,42,3,0,0,24
587472,1,17,West Indies,68,2,3.882352941,47,5,0,0,28
587472,1,18,West Indies,78,2,4.222222222,57,10,0,0,32
587472,1,19,West Indies,91,2,4.684210526,70,13,0,0,41
587472,1,20,West Indies,97,2,4.75,76,6,0,0,37
587472,1,21,West Indies,105,2,4.904761905,84,8,0,0,42
587472,1,22,West Indies,107,2,4.772727273,86,2,0,0,39
587472,1,23,West Indies,112,2,4.782608696,91,5,0,0,34
587472,1,24,West Indies,121,2,4.958333333,100,9,0,0,30
587472,1,25,West Indies,124,2,4.88,103,3,0,0,27
587472,1,26,West Indies,128,2,4.846153846,107,4,0,0,23
587472,1,27,West Indies,134,2,4.881987578,112,7,0,0,28
587472,1,28,West Indies,138,2,4.821428571,116,3,0,0,26
587472,1,29,West Indies,147,2,4.965517241,125,9,0,0,26
587472,1,30,West Indies,151,2,4.927374302,128,5,0,0,28
587472,1,31,West Indies,155,2,4.870967742,132,3,0,0,27
587472,1,32,West Indies,163,2,4.96875,140,8,0,0,28
587472,1,33,West Indies,166,2,4.909090909,143,3,0,0,28
587472,1,34,West Indies,173,2,4.970588235,150,7,0,0,26
587472,1,35,West Indies,185,2,4.932692308,152,13,0,0,34
587472,1,36,West Indies,193,2,4.972222222,160,7,0,0,38
587472,1,37,West Indies,195,3,4.891891892,0,2,1,0,32
587472,1,38,West Indies,199,3,4.868421053,4,4,0,0,33
587472,1,39,West Indies,201,4,4.794871795,0,2,1,0,28
587472,1,40,West Indies,206,4,4.8,5,5,0,0,20
587472,1,41,West Indies,206,4,4.682926829,5,0,0,0,13
587472,1,42,West Indies,212,4,4.714285714,11,6,0,0,17
587472,1,43,West Indies,219,4,4.76744186,18,7,0,0,20
587472,1,44,West Indies,223,4,4.75,22,4,0,0,22
587472,1,45,West Indies,224,4,4.666666667,23,1,0,0,18
587472,1,46,West Indies,233,4,4.760869565,32,9,0,0,27
587472,1,47,West Indies,238,4,4.761565836,36,7,0,0,28
587472,1,48,West Indies,261,4,5.083333333,57,21,0,0,42
587472,1,49,West Indies,271,6,5.180887372,5,12,2,0,50
587472,1,50,West Indies,291,6,5.418060201,22,19,0,0,68
587473,1,1,West Indies,5,0,5.0,5,5,0,0,5
587473,1,2,West Indies,6,0,3.0,6,1,0,0,6
587473,1,3,West Indies,8,0,2.470588235,7,3,0,0,9
587473,1,4,West Indies,12,0,2.608695652,10,4,0,0,13
587473,1,5,West Indies,15,0,2.6,13,2,0,0,15
587473,1,6,West Indies,18,0,2.666666667,16,3,0,0,13
587473,1,7,West Indies,27,0,3.571428571,25,9,0,0,21
587473,1,8,West Indies,31,0,3.625,29,4,0,0,22
587473,1,9,West Indies,37,0,3.849056604,34,6,0,0,24
587473,1,10,West Indies,44,0,4.1,41,7,0,0,29
587473,1,11,West Indies,46,0,3.909090909,43,2,0,0,28
587473,1,12,West Indies,57,0,4.5,54,11,0,0,30
587473,1,13,West Indies,61,2,4.461538462,0,4,2,0,30
587473,1,14,West Indies,62,2,4.214285714,1,1,0,0,25
587473,1,15,West Indies,71,3,4.516853933,4,9,1,1,27
587473,1,16,West Indies,74,3,4.375,7,3,0,1,28
587473,1,17,West Indies,78,3,4.352941176,11,4,0,1,21
587473,1,18,West Indies,80,4,4.222222222,2,2,1,1,19
587473,1,19,West Indies,90,4,4.105263158,4,10,0,1,28
587473,1,20,West Indies,99,4,4.35,13,9,0,1,28
587473,1,21,West Indies,101,4,4.238095238,15,2,0,1,27
587473,1,22,West Indies,109,4,4.396946565,22,9,0,1,32
587473,1,23,West Indies,110,5,4.217391304,0,0,1,0,30
587473,1,24,West Indies,114,5,4.208333333,4,4,0,0,24
587473,1,25,West Indies,116,5,4.12,6,2,0,0,17
587473,1,26,West Indies,117,5,4.0,7,1,0,0,16
587473,1,27,West Indies,120,5,3.950310559,9,4,0,0,11
587473,1,28,West Indies,127,5,4.023952096,15,8,0,0,19
587473,1,29,West Indies,135,5,4.137931034,23,6,0,0,21
587473,1,30,West Indies,148,5,4.433333333,36,13,0,0,32
587473,1,31,West Indies,151,5,4.378378378,38,4,0,0,35
587473,1,32,West Indies,153,5,4.25,39,1,0,0,32
587473,1,33,West Indies,157,5,4.242424242,43,4,0,0,28
587473,1,34,West Indies,163,5,4.294117647,49,6,0,0,28
587473,1,35,West Indies,164,5,4.2,50,1,0,0,16
587473,1,36,West Indies,168,6,4.194444444,0,4,1,0,16
587473,1,37,West Indies,169,6,4.108108108,1,1,0,0,16
587473,1,38,West Indies,170,6,4.026315789,2,1,0,0,13
587473,1,39,West Indies,171,7,3.948717949,0,1,1,0,8
587473,1,40,West Indies,178,7,4.025,7,7,0,0,14
587473,1,41,West Indies,183,7,4.048780488,12,5,0,0,15
587473,1,42,West Indies,186,7,4.015936255,14,4,0,0,18
587473,1,43,West Indies,190,7,4.0,18,3,0,0,20
587473,1,44,West Indies,195,7,4.022727273,23,5,0,0,24
587473,1,45,West Indies,203,7,4.111111111,31,8,0,0,25
587473,1,46,West Indies,210,8,4.173913043,0,7,1,0,27
587473,1,47,West Indies,216,8,4.206405694,5,7,0,0,30
587473,1,48,West Indies,225,9,4.291666667,0,8,1,0,35
587473,1,49,West Indies,227,9,4.244897959,2,2,0,0,32
587473,1,50,West Indies,227,10,4.230508475,0,0,1,1,24
587474,2,1,West Indies,3,0,2.4,2,3,0,0,3
587474,2,2,West Indies,3,2,1.0,0,0,2,0,3
587474,2,3,West Indies,7,3,1.5,2,4,2,1,7
587474,2,4,West Indies,9,4,1.304347826,1,3,0,1,10
587474,2,5,West Indies,12,4,1.6,4,2,0,1,12
587474,2,6,West Indies,14,5,1.666666667,1,2,1,1,11
587474,2,7,West Indies,19,5,1.95,4,5,0,1,16
587474,2,8,West Indies,28,5,2.680851064,12,9,0,1,21
587474,2,9,West Indies,31,5,2.666666667,15,3,0,1,21
587474,2,10,West Indies,37,5,3.0,21,6,0,1,25
587474,2,11,West Indies,43,5,3.272727273,27,6,0,1,29
587474,2,12,West Indies,46,5,3.25,30,3,0,1,27
587474,2,13,West Indies,47,5,3.076923077,31,1,0,1,19
587474,2,14,West Indies,49,5,3.0,33,2,0,1,18
587474,2,15,West Indies,54,5,3.133333333,38,5,0,1,17
587474,2,16,West Indies,56,5,3.0625,40,2,0,1,13
587474,2,17,West Indies,62,5,3.235294118,46,6,0,1,16
587474,2,18,West Indies,72,5,3.113207547,46,14,0,1,29
587474,2,19,West Indies,79,5,3.263157895,53,3,0,1,30
587474,2,20,West Indies,85,5,3.4,59,6,0,1,31
587474,2,21,West Indies,87,5,3.333333333,61,2,0,1,31
587474,2,22,West Indies,87,6,3.181818182,0,0,1,1,25
587474,2,23,West Indies,95,6,3.391304348,8,8,0,1,19
587474,2,24,West Indies,98,6,3.375,11,3,0,1,19
587474,2,25,West Indies,104,6,3.48,17,6,0,1,19
587474,2,26,West Indies,107,6,3.461538462,20,3,0,1,20
587474,2,27,West Indies,109,6,3.391304348,21,4,0,1,24
587474,2,28,West Indies,113,8,3.357142857,0,2,2,1,18
587474,2,29,West Indies,116,8,3.344827586,3,3,0,1,18
587474,2,30,West Indies,120,8,3.351955307,6,4,0,1,16
587474,2,31,West Indies,124,8,3.35483871,10,4,0,1,17
587474,2,32,West Indies,128,8,3.361256545,13,6,0,1,19
587474,2,33,West Indies,133,9,3.393939394,1,3,1,1,20
587474,2,34,West Indies,136,9,3.382352941,4,3,0,1,20
587474,2,35,West Indies,136,10,3.365853659,0,0,1,1,16
602474,1,1,Sri Lanka,3,0,3.0,3,3,0,0,3
602474,1,2,Sri Lanka,11,0,3.272727273,6,10,0,0,13
602474,1,3,Sri Lanka,14,0,3.0,9,1,0,0,14
602474,1,4,Sri Lanka,20,0,3.75,15,6,0,0,20
602474,1,5,Sri Lanka,24,0,3.724137931,18,5,0,0,25
602474,1,6,Sri Lanka,31,0,4.166666667,25,6,0,0,28
602474,1,7,Sri Lanka,37,0,4.428571429,31,6,0,0,24
602474,1,8,Sri Lanka,44,1,4.75,0,7,1,0,30
602474,1,9,Sri Lanka,53,1,5.222222222,9,9,0,0,33
602474,1,10,Sri Lanka,57,1,5.1,13,4,0,0,32
602474,1,11,Sri Lanka,59,2,4.818181818,2,2,1,0,28
602474,1,12,Sri Lanka,63,2,4.75,6,4,0,0,26
602474,1,13,Sri Lanka,63,3,4.384615385,0,0,1,1,19
602474,1,14,Sri Lanka,64,3,4.142857143,1,1,0,1,11
602474,1,15,Sri Lanka,65,3,3.933333333,2,1,0,1,8
602474,1,16,Sri Lanka,71,3,4.0625,8,6,0,1,12
602474,1,17,Sri Lanka,77,3,4.176470588,14,6,0,1,14
602474,1,18,Sri Lanka,79,3,4.055555556,16,2,0,1,16
602474,1,19,Sri Lanka,81,3,3.947368421,18,2,0,1,17
602474,1,20,Sri Lanka,82,3,3.8,19,1,0,1,17
602474,1,21,Sri Lanka,83,3,3.666666667,20,1,0,1,12
602474,1,22,Sri Lanka,86,3,3.636363636,23,3,0,1,9
602474,1,23,Sri Lanka,97,3,3.956521739,34,11,0,1,18
602474,1,24,Sri Lanka,102,3,4.0,39,5,0,1,21
602474,1,25,Sri Lanka,109,3,4.10738255,45,7,0,0,27
602474,1,26,Sri Lanka,114,3,4.064516129,48,7,0,0,33
602474,1,27,Sri Lanka,119,3,4.074074074,53,3,0,0,33
602474,1,28,Sri Lanka,124,3,4.107142857,58,5,0,0,27
602474,1,29,Sri Lanka,129,4,4.137931034,0,5,1,0,27
602474,1,30,Sri Lanka,131,4,4.066666667,2,2,0,0,22
602474,1,31,Sri Lanka,134,4,4.032258065,5,3,0,0,18
602474,1,32,Sri Lanka,136,4,3.96875,7,2,0,0,17
602474,1,33,Sri Lanka,141,4,4.0,12,5,0,0,17
602474,1,34,Sri Lanka,144,4,3.970588235,15,3,0,0,15
602474,1,35,Sri Lanka,148,4,3.971428571,19,4,0,0,17
602474,1,36,Sri Lanka,149,4,3.879069767,19,3,0,0,17
602474,1,37,Sri Lanka,158,4,4.0,28,7,0,0,22
602474,1,38,Sri Lanka,161,4,3.973684211,31,3,0,0,20
602474,1,39,Sri Lanka,164,4,3.939914163,33,4,0,0,21
602474,1,40,Sri Lanka,169,4,3.95,38,4,0,0,21
602474,1,41,Sri Lanka,176,4,4.024390244,45,7,0,0,25
602474,1,42,Sri Lanka,186,4,4.166666667,55,10,0,0,28
602474,1,43,Sri Lanka,197,4,4.325581395,66,11,0,0,36
602474,1,44,Sri Lanka,205,6,4.409090909,1,8,2,0,40
602474,1,45,Sri Lanka,211,7,4.444444444,0,6,1,1,42
602474,1,46,Sri Lanka,220,7,4.543478261,9,9,0,1,44
602474,1,47,Sri Lanka,227,7,4.595744681,16,7,0,1,41
602474,1,48,Sri Lanka,240,7,4.766550523,28,17,0,1,47
602474,1,49,Sri Lanka,250,8,4.857142857,6,6,1,1,45
602474,1,50,Sri Lanka,259,8,4.94,15,9,0,1,48
602476,2,1,Sri Lanka,5,0,5.0,5,5,0,0,5
602476,2,2,Sri Lanka,7,0,3.5,7,2,0,0,7
602476,2,3,Sri Lanka,23,0,6.352941176,18,16,0,0,23
602476,2,4,Sri Lanka,28,0,5.75,23,5,0,0,28
602476,2,5,Sri Lanka,38,0,6.6,33,10,0,0,38
602476,2,6,Sri Lanka,40,0,5.828571429,34,6,0,0,39
602476,2,7,Sri Lanka,49,0,6.142857143,43,5,0,0,42
602476,2,8,Sri Lanka,55,0,6.125,49,6,0,0,32
602476,2,9,Sri Lanka,57,0,5.666666667,51,2,0,0,29
602476,2,10,Sri Lanka,62,0,5.6,56,5,0,0,24
602476,2,11,Sri Lanka,69,0,5.727272727,63,7,0,0,25
602476,2,12,Sri Lanka,75,0,5.75,69,6,0,0,26
602476,2,13,Sri Lanka,77,1,5.461538462,0,2,1,0,22
602476,2,14,Sri Lanka,84,1,5.571428571,7,7,0,0,27
602476,2,15,Sri Lanka,94,1,5.866666667,17,10,0,0,32
602476,2,16,Sri Lanka,100,2,5.875,3,6,1,0,31
602476,2,17,Sri Lanka,107,2,5.941176471,10,7,0,0,32
602476,2,18,Sri Lanka,119,3,6.277777778,0,12,1,0,42
602476,2,19,Sri Lanka,125,3,6.265486726,5,6,0,0,41
602476,2,20,Sri Lanka,130,4,6.15,4,5,1,1,36
602476,2,21,Sri Lanka,141,4,6.380952381,15,11,0,1,41
602476,2,22,Sri Lanka,145,5,6.272727273,1,4,1,1,38
602476,2,23,Sri Lanka,155,5,6.434782609,11,10,0,1,36
602476,2,24,Sri Lanka,160,5,6.375,16,5,0,1,35
602476,2,25,Sri Lanka,166,6,6.362416107,0,6,2,1,36
602476,2,26,Sri Lanka,180,7,6.619354839,13,18,0,1,43
623573,1,1,Zimbabwe,3,0,1.5,1,4,0,0,4
623573,1,2,Zimbabwe,8,0,3.0,6,4,0,0,8
623573,1,3,Zimbabwe,11,0,3.0,9,3,0,0,11
623573,1,4,Zimbabwe,20,0,4.5,18,9,0,0,20
623573,1,5,Zimbabwe,21,0,3.8,19,1,0,0,21
623573,1,6,Zimbabwe,23,0,3.5,21,2,0,0,19
623573,1,7,Zimbabwe,32,0,4.285714286,30,9,0,0,24
623573,1,8,Zimbabwe,34,0,3.957446809,31,3,0,0,24
623573,1,9,Zimbabwe,36,0,3.666666667,33,1,0,0,16
623573,1,10,Zimbabwe,42,0,3.9,39,6,0,0,21
623573,1,11,Zimbabwe,49,0,4.181818182,46,7,0,0,26
623573,1,12,Zimbabwe,54,0,4.225352113,50,5,0,0,22
623573,1,13,Zimbabwe,58,0,4.12987013,53,4,0,0,23
623573,1,14,Zimbabwe,65,1,4.265060241,0,7,1,0,29
623573,1,15,Zimbabwe,69,1,4.179775281,3,6,0,0,29
623573,1,16,Zimbabwe,75,2,4.25,0,4,1,0,26
623573,1,17,Zimbabwe,78,2,4.099009901,1,3,0,0,24
623573,1,18,Zimbabwe,80,2,3.944444444,3,2,0,0,22
623573,1,19,Zimbabwe,84,2,3.947368421,7,4,0,0,19
623573,1,20,Zimbabwe,89,2,4.0,12,5,0,0,18
623573,1,21,Zimbabwe,92,2,3.936,14,3,0,0,17
623573,1,22,Zimbabwe,94,4,3.818181818,0,2,2,1,16
623573,1,23,Zimbabwe,102,4,4.0,8,8,0,1,22
623573,1,24,Zimbabwe,108,4,4.06993007,13,7,0,1,25
623573,1,25,Zimbabwe,111,4,4.0,16,2,0,1,22
623573,1,26,Zimbabwe,117,4,4.076923077,22,6,0,1,25
623573,1,27,Zimbabwe,121,4,4.074074074,26,4,0,1,27
623573,1,28,Zimbabwe,129,4,4.214285714,34,8,0,1,27
623573,1,29,Zimbabwe,133,4,4.196531792,37,4,0,0,24
623573,1,30,Zimbabwe,136,4,4.133333333,40,3,0,0,25
623573,1,31,Zimbabwe,143,4,4.225806452,47,7,0,0,26
623573,1,32,Zimbabwe,145,4,4.15625,49,2,0,0,24
623573,1,33,Zimbabwe,154,4,4.303030303,58,9,0,0,25
623573,1,34,Zimbabwe,157,4,4.264705882,61,3,0,0,24
623573,1,35,Zimbabwe,164,4,4.342857143,68,7,0,0,28
623573,1,36,Zimbabwe,169,4,4.361111111,73,5,0,0,26
623573,1,37,Zimbabwe,172,5,4.316742081,1,5,1,0,29
623573,1,38,Zimbabwe,181,5,4.421052632,10,7,0,0,27
623573,1,39,Zimbabwe,187,5,4.461538462,16,6,0,0,30
623573,1,40,Zimbabwe,191,5,4.45,20,4,0,0,27
623573,1,41,Zimbabwe,199,5,4.530612245,27,9,0,0,31
623573,1,42,Zimbabwe,211,5,4.69047619,39,11,0,0,37
623573,1,43,Zimbabwe,214,5,4.651162791,42,3,0,0,33
623573,1,44,Zimbabwe,221,6,4.704545455,7,7,1,0,34
623573,1,45,Zimbabwe,229,6,4.773234201,14,10,0,0,40
623573,1,46,Zimbabwe,237,6,4.804347826,21,6,0,0,37
623573,1,47,Zimbabwe,243,7,4.825622776,5,6,1,0,32
623573,1,48,Zimbabwe,250,7,4.854166667,12,7,0,0,36
623573,1,49,Zimbabwe,262,7,5.0,24,12,0,0,41
623573,1,50,Zimbabwe,267,8,4.996655518,3,7,1,0,38
623575,1,1,Zimbabwe,5,0,5.0,5,5,0,0,5
623575,1,2,Zimbabwe,8,0,3.818181818,7,3,0,0,8
623575,1,3,Zimbabwe,15,0,4.666666667,14,7,0,0,15
623575,1,4,Zimbabwe,18,2,4.25,3,3,2,0,18
623575,1,5,Zimbabwe,20,2,3.8,5,2,0,0,20
623575,1,6,Zimbabwe,25,2,3.942857143,9,5,0,0,20
623575,1,7,Zimbabwe,32,2,4.285714286,16,7,0,0,24
623575,1,8,Zimbabwe,34,2,3.957446809,17,2,0,0,19
623575,1,9,Zimbabwe,41,2,4.222222222,24,7,0,0,23
623575,1,10,Zimbabwe,44,2,4.06779661,26,3,0,0,24
623575,1,11,Zimbabwe,46,2,3.818181818,28,2,0,0,21
623575,1,12,Zimbabwe,50,2,3.802816901,31,4,0,0,18
623575,1,13,Zimbabwe,54,2,3.74025974,34,5,0,0,21
623575,1,14,Zimbabwe,56,2,3.571428571,36,1,0,0,15
623575,1,15,Zimbabwe,60,2,3.6,40,4,0,0,16
623575,1,16,Zimbabwe,65,2,3.663157895,44,11,0,0,25
623575,1,17,Zimbabwe,74,2,3.941176471,53,3,0,0,24
623575,1,18,Zimbabwe,77,2,3.869158879,55,3,0,0,22
623575,1,19,Zimbabwe,77,3,3.631578947,0,0,1,0,21
623575,1,20,Zimbabwe,82,3,3.7,5,5,0,0,22
623575,1,21,Zimbabwe,83,3,3.571428571,6,1,0,0,12
623575,1,22,Zimbabwe,89,4,3.681818182,5,6,1,0,15
623575,1,23,Zimbabwe,93,4,3.695652174,9,4,0,0,16
623575,1,24,Zimbabwe,99,4,3.65034965,11,6,0,0,22
623575,1,25,Zimbabwe,105,4,3.72,17,6,0,0,23
623575,1,26,Zimbabwe,109,4,3.730769231,21,4,0,0,26
623575,1,27,Zimbabwe,110,4,3.62962963,22,1,0,0,21
623575,1,28,Zimbabwe,112,5,3.571428571,2,2,1,1,19
623575,1,29,Zimbabwe,113,5,3.482758621,3,1,0,1,14
623575,1,30,Zimbabwe,117,5,3.5,7,4,0,1,12
623575,1,31,Zimbabwe,119,5,3.451612903,9,2,0,1,10
623575,1,32,Zimbabwe,124,5,3.5,14,5,0,1,14
623575,1,33,Zimbabwe,130,5,3.575757576,20,6,0,1,18
623575,1,34,Zimbabwe,132,5,3.529411765,22,2,0,1,19
623575,1,35,Zimbabwe,137,5,3.571428571,27,5,0,1,20
623575,1,36,Zimbabwe,142,5,3.572093023,30,6,0,1,24
623575,1,37,Zimbabwe,148,5,3.621621622,36,5,0,1,24
623575,1,38,Zimbabwe,151,5,3.605263158,39,3,0,1,21
623575,1,39,Zimbabwe,157,5,3.666666667,45,6,0,1,25
623575,1,40,Zimbabwe,167,5,3.825,55,10,0,1,30
623575,1,41,Zimbabwe,174,5,3.902439024,62,7,0,0,31
623575,1,42,Zimbabwe,186,5,4.095238095,74,12,0,0,38
623575,1,43,Zimbabwe,190,6,4.093023256,1,4,1,0,39
623575,1,44,Zimbabwe,195,7,4.113636364,1,5,1,0,38
623575,1,45,Zimbabwe,202,7,4.171003717,7,7,0,0,35
623575,1,46,Zimbabwe,209,7,4.217391304,14,7,0,0,35
623575,1,47,Zimbabwe,212,8,4.191489362,1,3,1,1,26
623575,1,48,Zimbabwe,221,8,4.291666667,10,9,0,1,31
623575,1,49,Zimbabwe,236,8,4.510204082,25,15,0,1,41
623575,1,50,Zimbabwe,247,9,4.64,0,11,1,1,45
656433,2,1,Sri Lanka,6,1,6.0,6,6,1,0,6
656433,2,2,Sri Lanka,13,1,6.5,13,7,0,0,13
656433,2,3,Sri Lanka,17,1,5.666666667,17,4,0,0,17
656433,2,4,Sri Lanka,31,1,7.826086957,30,14,0,0,31
656433,2,5,Sri Lanka,33,1,6.4,32,2,0,0,33
656433,2,6,Sri Lanka,41,2,6.666666667,1,8,1,0,35
656433,2,7,Sri Lanka,44,3,6.142857143,3,3,1,0,31
656433,2,8,Sri Lanka,46,3,5.625,5,2,0,0,29
656433,2,9,Sri Lanka,49,3,5.333333333,8,3,0,0,18
656433,2,10,Sri Lanka,60,3,5.9,19,11,0,0,27
656433,2,11,Sri Lanka,65,3,5.818181818,24,5,0,0,24
656433,2,12,Sri Lanka,69,3,5.666666667,28,4,0,0,25
656433,2,13,Sri Lanka,75,3,5.692307692,34,6,0,0,29
656433,2,14,Sri Lanka,76,3,5.357142857,35,1,0,0,27
656433,2,15,Sri Lanka,84,3,5.533333333,43,8,0,0,24
656433,2,16,Sri Lanka,86,4,5.3125,2,2,1,0,21
656433,2,17,Sri Lanka,89,4,5.176470588,5,3,0,0,20
656433,2,18,Sri Lanka,90,4,4.944444444,6,1,0,0,15
656433,2,19,Sri Lanka,92,4,4.789473684,8,2,0,0,16
656433,2,20,Sri Lanka,95,4,4.7,11,3,0,0,11
656433,2,21,Sri Lanka,100,5,4.704,0,5,1,0,14
656433,2,22,Sri Lanka,105,5,4.681818182,5,5,0,0,16
656433,2,23,Sri Lanka,110,5,4.695652174,10,5,0,0,20
656433,2,24,Sri Lanka,113,5,4.625,13,3,0,0,21
656433,2,25,Sri Lanka,115,5,4.52,15,2,0,0,20
656433,2,26,Sri Lanka,118,5,4.461538462,18,3,0,0,18
656433,2,27,Sri Lanka,120,5,4.37037037,20,2,0,0,15
656433,2,28,Sri Lanka,122,5,4.285714286,22,2,0,0,12
656433,2,29,Sri Lanka,138,5,4.689655172,38,16,0,0,25
656433,2,30,Sri Lanka,141,5,4.625698324,40,7,0,0,30
656433,2,31,Sri Lanka,157,5,4.967741935,56,12,0,0,39
656433,2,32,Sri Lanka,165,6,5.0625,1,8,1,0,45
656433,2,33,Sri Lanka,171,6,5.090909091,7,6,0,0,49
656433,2,34,Sri Lanka,175,6,5.054187192,10,5,0,0,38
656433,2,35,Sri Lanka,182,6,5.085714286,17,6,0,0,37
656433,2,36,Sri Lanka,186,6,5.055555556,21,4,0,0,29
656433,2,37,Sri Lanka,191,6,5.049773756,25,7,0,0,28
656433,2,38,Sri Lanka,197,6,5.052631579,31,4,0,0,26
656433,2,39,Sri Lanka,199,6,4.974358974,33,2,0,0,23
656433,2,40,Sri Lanka,204,6,4.975,38,5,0,0,22
656433,2,41,Sri Lanka,215,7,5.12195122,7,11,1,0,29
656433,2,42,Sri Lanka,216,7,5.023809524,8,1,0,0,23
656433,2,43,Sri Lanka,222,7,5.046511628,14,6,0,0,25
656433,2,44,Sri Lanka,228,8,5.064638783,0,6,1,0,29
656433,2,45,Sri Lanka,233,8,5.044444444,5,5,0,0,29
656433,2,46,Sri Lanka,234,8,4.956521739,6,1,0,0,19
656433,2,47,Sri Lanka,240,10,4.978723404,0,6,2,1,24
656463,1,1,England,3,1,3.0,0,3,1,0,3
656463,1,2,England,8,1,4.0,5,5,0,0,8
656463,1,3,England,10,2,3.333333333,2,2,1,0,10
656463,1,4,England,12,2,3.0,4,2,0,0,12
656463,1,5,England,12,2,2.4,4,0,0,0,12
656463,1,6,England,17,2,2.833333333,9,5,0,0,14
656463,1,7,England,23,2,3.285714286,15,6,0,0,15
656463,1,8,England,26,2,3.25,18,3,0,0,16
656463,1,9,England,30,2,3.333333333,22,4,0,0,18
656463,1,10,England,32,2,3.103448276,22,2,0,0,20
656463,1,11,England,37,2,3.181818182,27,5,0,0,20
656463,1,12,England,52,2,4.166666667,42,15,0,0,29
656463,1,13,England,54,2,3.974025974,43,6,0,0,32
656463,1,14,England,62,2,4.192771084,50,4,0,0,32
656463,1,15,England,71,2,4.466666667,59,9,0,0,39
656463,1,16,England,72,2,4.25,60,1,0,0,35
656463,1,17,England,78,2,4.352941176,66,6,0,0,26
656463,1,18,England,86,2,4.555555556,74,8,0,0,28
656463,1,19,England,89,2,4.473684211,77,3,0,0,27
656463,1,20,England,93,2,4.45,81,4,0,0,22
656463,1,21,England,96,3,4.368,2,3,1,0,24
656463,1,22,England,99,4,4.272727273,0,3,1,0,21
656463,1,23,England,102,4,4.217391304,3,3,0,0,16
656463,1,24,England,104,4,4.125,5,2,0,0,15
656463,1,25,England,111,4,4.24,12,7,0,0,18
656463,1,26,England,117,4,4.307692308,18,6,0,0,21
656463,1,27,England,124,4,4.407407407,25,7,0,0,25
656463,1,28,England,130,4,4.464285714,31,6,0,0,28
656463,1,29,England,133,4,4.413793103,34,3,0,0,29
656463,1,30,England,139,4,4.466666667,40,6,0,0,28
656463,1,31,England,142,4,4.419354839,43,3,0,0,25
656463,1,32,England,149,4,4.5,50,7,0,0,25
656463,1,33,England,151,4,4.424242424,52,2,0,0,21
656463,1,34,England,156,4,4.441176471,57,5,0,0,23
656463,1,35,England,160,4,4.428571429,61,4,0,0,21
656463,1,36,England,167,4,4.5,68,7,0,0,25
656463,1,37,England,176,4,4.621621622,77,9,0,0,27
656463,1,38,England,181,4,4.631578947,82,5,0,0,30
656463,1,39,England,184,4,4.583690987,84,4,0,0,29
656463,1,40,England,197,4,4.775,97,12,0,0,37
656463,1,41,England,204,4,4.829268293,104,7,0,0,37
656463,1,42,England,214,4,4.952380952,114,10,0,0,38
656463,1,43,England,224,4,5.069767442,124,10,0,0,43
656463,1,44,England,226,4,5.0,126,2,0,0,41
656463,1,45,England,234,4,5.063197026,133,11,0,0,40
656463,1,46,England,243,5,5.086956522,3,6,1,0,39
656463,1,47,England,251,5,5.14893617,11,8,0,0,37
656463,1,48,England,262,6,5.270833333,1,11,1,0,38
656463,1,49,England,265,6,5.221843003,3,3,1,1,39
656463,1,50,England,275,7,5.3,10,10,0,1,38
656471,1,1,New Zealand,2,0,2.0,2,2,0,0,2
656471,1,2,New Zealand,2,0,1.0,2,0,0,0,2
656471,1,3,New Zealand,3,0,1.0,3,1,0,0,3
656471,1,4,New Zealand,3,0,0.75,3,0,0,0,3
656471,1,5,New Zealand,4,0,0.8,4,1,0,0,4
656471,1,6,New Zealand,4,1,0.666666667,0,0,1,0,2
656471,1,7,New Zealand,8,1,1.142857143,4,4,0,0,6
656471,1,8,New Zealand,15,1,1.875,11,7,0,0,12
656471,1,9,New Zealand,23,1,2.555555556,19,8,0,0,20
656471,1,10,New Zealand,29,2,2.847457627,1,6,1,0,25
656471,1,11,New Zealand,38,2,3.363636364,10,9,0,0,34
656471,1,12,New Zealand,44,2,3.583333333,16,6,0,0,36
656471,1,13,New Zealand,55,2,4.153846154,27,11,0,0,40
656471,1,14,New Zealand,72,2,5.071428571,44,17,0,0,49
656471,1,15,New Zealand,73,2,4.8,45,1,0,0,44
656471,1,16,New Zealand,77,2,4.75,49,4,0,0,39
656471,1,17,New Zealand,80,2,4.647058824,52,3,0,0,36
656471,1,18,New Zealand,81,2,4.444444444,53,1,0,0,26
656471,1,19,New Zealand,84,2,4.368421053,56,3,0,0,12
656471,1,20,New Zealand,85,2,4.2,57,1,0,0,12
656471,1,21,New Zealand,89,2,4.19047619,61,4,0,0,12
656471,1,22,New Zealand,92,2,4.136363636,64,3,0,0,12
656471,1,23,New Zealand,94,2,4.043478261,66,2,0,0,13
656471,1,24,New Zealand,97,2,4.0,69,3,0,0,13
656471,1,25,New Zealand,106,2,4.2,78,9,0,0,21
656471,1,26,New Zealand,109,2,4.153846154,81,3,0,0,20
656471,1,27,New Zealand,115,2,4.222222222,87,6,0,0,23
656471,1,28,New Zealand,118,3,4.178571429,1,3,1,0,24
656471,1,29,New Zealand,123,3,4.206896552,6,5,0,0,26
656471,1,30,New Zealand,126,3,4.166666667,9,3,0,0,20
656471,1,31,New Zealand,126,3,4.032258065,9,0,0,0,17
656471,1,32,New Zealand,131,3,4.0625,14,5,0,0,16
656471,1,33,New Zealand,138,3,4.151515152,21,7,0,0,20
656471,1,34,New Zealand,151,3,4.403940887,33,13,1,0,28
656471,1,35,New Zealand,161,4,4.542857143,10,10,0,0,35
656471,1,36,New Zealand,162,4,4.437209302,10,1,0,0,36
656471,1,37,New Zealand,168,4,4.459459459,16,6,0,0,37
656471,1,38,New Zealand,175,4,4.526315789,23,7,0,0,37
656471,1,39,New Zealand,182,4,4.58974359,30,7,0,0,31
656471,1,40,New Zealand,184,5,4.525,2,2,1,0,23
656471,1,41,New Zealand,193,5,4.634146341,11,9,0,0,31
656471,1,42,New Zealand,196,5,4.595238095,14,3,0,0,28
656471,1,43,New Zealand,209,5,4.790697674,27,13,0,0,34
656471,1,44,New Zealand,216,5,4.840909091,34,7,0,0,34
656471,1,45,New Zealand,230,5,5.044444444,48,14,0,0,46
656471,1,46,New Zealand,238,5,5.108695652,56,8,0,0,45
656471,1,47,New Zealand,254,5,5.340425532,72,16,0,0,58
656471,1,48,New Zealand,265,6,5.458333333,5,11,1,0,56
656471,1,49,New Zealand,272,6,5.489795918,12,7,0,0,56
656471,1,50,New Zealand,287,7,5.678929766,0,16,1,0,58
656485,2,1,India,3,0,3.0,3,3,0,0,3
656485,2,2,India,7,0,3.0,5,4,0,0,7
656485,2,3,India,7,0,1.666666667,5,0,0,0,7
656485,2,4,India,20,0,4.434782609,17,13,0,0,20
656485,2,5,India,23,0,4.0,20,3,0,0,23
656485,2,6,India,31,0,4.666666667,28,8,0,0,28
656485,2,7,India,33,2,4.285714286,0,2,2,0,26
656485,2,8,India,38,2,4.340425532,4,5,0,0,31
656485,2,9,India,39,2,3.888888889,5,1,0,0,19
656485,2,10,India,44,2,4.0,10,5,0,0,21
656485,2,11,India,46,2,3.818181818,12,2,0,0,15
656485,2,12,India,46,2,3.5,12,0,0,0,13
656485,2,13,India,54,2,3.846153846,20,8,0,0,16
656485,2,14,India,61,2,4.071428571,27,7,0,0,22
656485,2,15,India,63,2,3.933333333,29,2,0,0,19
656485,2,16,India,71,2,4.1875,37,8,0,0,25
656485,2,17,India,73,3,4.058823529,0,2,1,1,27
656485,2,18,India,80,3,4.222222222,7,7,0,1,26
656485,2,19,India,83,3,4.157894737,10,3,0,1,22
656485,2,20,India,86,3,4.084033613,12,3,0,1,23
656485,2,21,India,90,4,4.047619048,0,4,1,1,19
656485,2,22,India,90,4,3.863636364,0,0,0,1,17
656485,2,23,India,90,4,3.695652174,0,0,0,1,10
656485,2,24,India,91,4,3.583333333,1,1,0,1,8
656485,2,25,India,95,4,3.583892617,4,4,0,1,9
656485,2,26,India,100,4,3.615384615,9,5,0,1,10
656485,2,27,India,102,4,3.555555556,11,2,0,1,12
656485,2,28,India,104,4,3.5,13,2,0,1,14
656485,2,29,India,105,5,3.413793103,1,1,1,1,14
656485,2,30,India,107,5,3.366666667,3,2,0,1,12
656485,2,31,India,114,5,3.483870968,10,7,0,1,14
656485,2,32,India,119,5,3.53125,15,5,0,1,17
656485,2,33,India,127,5,3.666666667,23,8,0,1,23
656485,2,34,India,133,5,3.724137931,28,6,0,0,28
656485,2,35,India,139,5,3.771428571,34,6,0,0,32
656485,2,36,India,152,6,4.027777778,13,13,1,0,38
656485,2,37,India,159,6,4.099547511,19,7,0,0,40
656485,2,38,India,161,6,4.026315789,21,2,0,0,34
656485,2,39,India,165,6,4.025641026,25,4,0,0,32
656485,2,40,India,169,6,4.025,29,4,0,0,30
656485,2,41,India,174,6,4.048780488,34,5,0,0,22
656485,2,42,India,179,6,4.071428571,39,5,0,0,20
656485,2,43,India,189,7,4.209302326,0,10,1,0,28
656485,2,44,India,192,8,4.181818182,0,3,1,0,27
656485,2,45,India,193,10,4.111111111,0,1,2,1,24
668953,1,1,New Zealand,2,0,2.0,2,2,0,0,2
668953,1,2,New Zealand,9,0,4.363636364,8,7,0,0,9
668953,1,3,New Zealand,13,1,4.0,0,4,1,0,13
668953,1,4,New Zealand,20,2,4.695652174,2,7,1,0,20
668953,1,5,New Zealand,22,2,3.931034483,3,2,0,0,22
668953,1,6,New Zealand,24,2,3.428571429,4,3,0,0,23
668953,1,7,New Zealand,25,3,3.0,0,0,1,1,16
668953,1,8,New Zealand,33,3,3.625,8,8,0,1,20
668953,1,9,New Zealand,33,3,3.222222222,8,0,0,1,13
668953,1,10,New Zealand,34,3,3.0,9,1,0,1,12
668953,1,11,New Zealand,36,3,2.861538462,10,2,0,1,11
668953,1,12,New Zealand,37,3,2.61971831,10,2,0,1,13
668953,1,13,New Zealand,48,3,3.230769231,21,10,0,1,15
668953,1,14,New Zealand,48,3,3.0,21,0,0,1,15
668953,1,15,New Zealand,55,3,3.266666667,28,7,0,1,21
668953,1,16,New Zealand,58,3,3.25,31,3,0,1,22
668953,1,17,New Zealand,63,3,3.352941176,36,5,0,1,25
668953,1,18,New Zealand,71,3,3.611111111,44,8,0,1,23
668953,1,19,New Zealand,77,3,3.736842105,50,6,0,1,29
668953,1,20,New Zealand,81,3,3.731092437,53,4,0,0,26
668953,1,21,New Zealand,91,3,4.0,63,10,0,0,33
668953,1,22,New Zealand,95,3,4.0,67,4,0,0,32
668953,1,23,New Zealand,102,3,4.130434783,74,7,0,0,31
668953,1,24,New Zealand,115,3,4.5,87,13,0,0,38
668953,1,25,New Zealand,121,3,4.56,93,6,0,0,40
668953,1,26,New Zealand,123,3,4.461538462,95,2,0,0,32
668953,1,27,New Zealand,126,3,4.407407407,98,3,0,0,31
668953,1,28,New Zealand,133,3,4.5,105,7,0,0,31
668953,1,29,New Zealand,140,3,4.586206897,112,7,0,0,25
668953,1,30,New Zealand,144,3,4.566666667,116,4,0,0,23
668953,1,31,New Zealand,153,3,4.709677419,125,9,0,0,30
668953,1,32,New Zealand,163,3,4.875,135,10,0,0,37
668953,1,33,New Zealand,167,3,4.848484848,139,4,0,0,34
668953,1,34,New Zealand,170,3,4.794117647,142,3,0,0,30
668953,1,35,New Zealand,176,3,4.828571429,148,6,0,0,32
668953,1,36,New Zealand,178,3,4.75,150,2,0,0,25
668953,1,37,New Zealand,181,5,4.702702703,0,3,2,0,18
668953,1,38,New Zealand,190,5,4.815789474,9,9,0,0,23
668953,1,39,New Zealand,196,5,4.846153846,15,6,0,0,26
668953,1,40,New Zealand,203,5,4.9,22,7,0,0,27
668953,1,41,New Zealand,210,5,4.844262295,23,12,0,0,37
668953,1,42,New Zealand,219,5,4.904761905,32,4,0,0,38
668953,1,43,New Zealand,222,5,4.860465116,35,3,0,0,32
668953,1,44,New Zealand,229,5,4.909090909,42,7,0,0,33
668953,1,45,New Zealand,233,6,4.888888889,1,4,1,0,30
668953,1,46,New Zealand,239,6,4.913043478,7,6,0,0,24
668953,1,47,New Zealand,242,7,4.872340426,1,3,1,0,23
668953,1,48,New Zealand,250,8,4.933797909,0,8,1,1,28
668953,1,49,New Zealand,254,9,4.897959184,4,4,1,1,25
668953,1,50,New Zealand,265,10,5.036789298,0,11,1,1,32
668955,1,1,New Zealand,1,0,1.0,1,1,0,0,1
668955,1,2,New Zealand,2,0,0.545454545,1,5,0,0,6
668955,1,3,New Zealand,6,0,1.666666667,5,0,0,0,6
668955,1,4,New Zealand,10,0,2.25,9,4,0,0,10
668955,1,5,New Zealand,15,0,2.8,14,5,0,0,15
668955,1,6,New Zealand,22,0,3.5,21,7,0,0,21
668955,1,7,New Zealand,24,0,3.285714286,23,2,0,0,18
668955,1,8,New Zealand,25,0,3.0,24,1,0,0,19
668955,1,9,New Zealand,31,0,3.333333333,30,6,0,0,21
668955,1,10,New Zealand,35,0,3.4,34,4,0,0,20
668955,1,11,New Zealand,37,0,3.230769231,35,3,0,0,16
668955,1,12,New Zealand,40,0,3.166666667,38,2,0,0,16
668955,1,13,New Zealand,44,0,3.230769231,42,4,0,0,19
668955,1,14,New Zealand,45,0,3.071428571,43,1,0,0,14
668955,1,15,New Zealand,57,0,3.666666667,55,12,0,0,22
668955,1,16,New Zealand,61,0,3.6875,59,4,0,0,23
668955,1,17,New Zealand,63,1,3.588235294,0,2,1,0,23
668955,1,18,New Zealand,67,1,3.611111111,4,4,0,0,23
668955,1,19,New Zealand,75,1,3.842105263,12,8,0,0,30
668955,1,20,New Zealand,80,1,3.9,17,5,0,0,23
668955,1,21,New Zealand,88,1,4.095238095,25,8,0,0,27
668955,1,22,New Zealand,95,1,4.227272727,32,7,0,0,32
668955,1,23,New Zealand,97,1,4.130434783,34,2,0,0,30
668955,1,24,New Zealand,107,1,4.375,44,10,0,0,32
668955,1,25,New Zealand,110,1,4.32,47,3,0,0,30
668955,1,26,New Zealand,111,2,4.192307692,1,1,1,0,23
668955,1,27,New Zealand,113,2,4.111111111,3,2,0,0,18
668955,1,28,New Zealand,113,2,3.964285714,3,0,0,0,16
668955,1,29,New Zealand,121,2,4.103448276,11,8,0,0,14
668955,1,30,New Zealand,127,2,4.166666667,17,6,0,0,17
668955,1,31,New Zealand,133,2,4.225806452,23,6,0,0,22
668955,1,32,New Zealand,137,3,4.21875,1,4,1,0,24
668955,1,33,New Zealand,145,3,4.333333333,9,8,0,0,32
668955,1,34,New Zealand,149,3,4.323529412,13,4,0,0,28
668955,1,35,New Zealand,149,3,4.2,13,0,0,0,22
668955,1,36,New Zealand,162,3,4.444444444,26,13,0,0,29
668955,1,37,New Zealand,169,4,4.50678733,0,9,1,0,34
668955,1,38,New Zealand,173,5,4.473684211,2,2,1,1,28
668955,1,39,New Zealand,175,6,4.41025641,2,2,1,1,26
668955,1,40,New Zealand,180,6,4.418410042,6,9,0,1,35
668955,1,41,New Zealand,190,6,4.530612245,15,7,0,1,29
668955,1,42,New Zealand,196,6,4.547619048,21,5,0,1,25
668955,1,43,New Zealand,206,6,4.6692607,30,11,0,1,34
668955,1,44,New Zealand,212,6,4.681818182,36,5,0,1,37
668955,1,45,New Zealand,218,6,4.711111111,42,6,0,1,34
668955,1,46,New Zealand,225,7,4.760869565,4,7,1,1,34
668955,1,47,New Zealand,240,8,4.978723404,0,15,1,1,44
668955,1,48,New Zealand,243,9,4.9375,3,3,1,1,36
668955,1,49,New Zealand,247,10,4.918367347,0,4,1,1,35
668957,2,1,New Zealand,0,0,0.0,0,0,0,0,0
668957,2,2,New Zealand,8,0,4.0,8,8,0,0,8
668957,2,3,New Zealand,19,0,6.352941176,18,16,0,0,24
668957,2,4,New Zealand,32,0,7.5,30,8,0,0,32
668957,2,5,New Zealand,43,0,8.2,41,11,0,0,43
668957,2,6,New Zealand,49,0,7.885714286,46,6,0,0,49
668957,2,7,New Zealand,60,0,8.142857143,57,11,0,0,52
668957,2,8,New Zealand,61,1,7.25,0,1,1,0,37
668957,2,9,New Zealand,64,1,6.777777778,3,3,0,0,32
668957,2,10,New Zealand,66,1,6.305084746,4,3,0,0,24
668957,2,11,New Zealand,74,1,6.369230769,11,7,0,0,25
668957,2,12,New Zealand,78,1,6.083333333,15,4,0,0,18
668957,2,13,New Zealand,80,1,5.769230769,17,2,0,0,19
668957,2,14,New Zealand,96,1,6.5,33,16,0,0,32
668957,2,15,New Zealand,99,1,6.266666667,36,3,0,0,32
668957,2,16,New Zealand,104,1,6.1875,41,5,0,0,30
668957,2,17,New Zealand,115,1,6.470588235,52,11,0,0,37
668957,2,18,New Zealand,125,1,6.666666667,62,10,0,0,45
668957,2,19,New Zealand,127,2,6.421052632,1,2,1,0,31
668957,2,20,New Zealand,133,3,6.4,4,6,1,0,34
668957,2,21,New Zealand,135,3,6.19047619,6,2,0,0,31
668957,2,22,New Zealand,139,3,6.090909091,10,4,0,0,24
668957,2,23,New Zealand,143,3,6.0,14,4,0,0,18
668957,2,24,New Zealand,146,3,5.875,17,3,0,0,19
668957,2,25,New Zealand,151,3,5.838926174,21,6,0,0,19
668957,2,26,New Zealand,156,3,5.769230769,26,4,0,0,21
668957,2,27,New Zealand,160,3,5.701863354,29,4,0,0,21
668957,2,28,New Zealand,164,3,5.607142857,33,4,0,0,21
668957,2,29,New Zealand,169,3,5.586206897,38,5,0,0,23
668957,2,30,New Zealand,179,3,5.733333333,48,10,0,0,27
668957,2,31,New Zealand,192,3,5.967741935,61,13,0,0,36
668957,2,32,New Zealand,195,3,5.87434555,63,3,0,0,35
668957,2,33,New Zealand,199,3,5.787878788,67,4,0,0,35
668957,2,34,New Zealand,204,3,5.764705882,72,5,0,0,35
668957,2,35,New Zealand,208,4,5.714285714,4,4,1,0,29
668957,2,36,New Zealand,214,4,5.722222222,10,6,0,0,22
668957,2,37,New Zealand,218,4,5.675675676,14,4,0,0,23
668957,2,38,New Zealand,225,4,5.710526316,21,7,0,0,26
668957,2,39,New Zealand,231,4,5.716738197,26,10,0,0,31
668957,2,40,New Zealand,240,4,5.775,35,5,0,0,32
668957,2,41,New Zealand,245,4,5.756097561,40,5,0,0,31
668957,2,42,New Zealand,253,4,5.71314741,43,8,0,0,35
668957,2,43,New Zealand,259,5,5.697674419,5,6,1,0,34
668957,2,44,New Zealand,270,5,5.818181818,16,11,0,0,35
668957,2,45,New Zealand,273,5,5.755555556,19,3,0,0,33
668957,2,46,New Zealand,283,5,5.847826087,29,10,0,0,38
668957,2,47,New Zealand,289,5,5.85106383,35,6,0,0,36
668957,2,48,New Zealand,296,6,5.875,7,7,1,0,37
668957,2,49,New Zealand,300,6,5.835616438,9,9,0,0,35
668957,2,50,New Zealand,309,6,5.939189189,18,4,0,0,36
690355,2,1,Sri Lanka,1,1,0.0,0,1,1,0,1
690355,2,2,Sri Lanka,4,1,1.5,3,3,0,0,4
690355,2,3,Sri Lanka,8,1,2.333333333,7,4,0,0,8
690355,2,4,Sri Lanka,15,1,3.5,14,7,0,0,15
690355,2,5,Sri Lanka,18,1,3.310344828,16,3,0,0,18
690355,2,6,Sri Lanka,25,1,3.833333333,23,7,0,0,24
690355,2,7,Sri Lanka,31,1,3.512195122,24,7,0,0,28
690355,2,8,Sri Lanka,38,1,3.875,31,6,0,0,30
690355,2,9,Sri Lanka,41,1,3.777777778,34,3,0,0,26
690355,2,10,Sri Lanka,49,1,4.2,42,8,0,0,31
690355,2,11,Sri Lanka,51,1,4.0,44,2,0,0,26
690355,2,12,Sri Lanka,60,1,4.416666667,53,9,0,0,28
690355,2,13,Sri Lanka,67,1,4.615384615,60,7,0,0,29
690355,2,14,Sri Lanka,79,1,5.142857143,72,12,0,0,38
690355,2,15,Sri Lanka,79,2,4.8,0,0,1,0,30
690355,2,16,Sri Lanka,87,2,5.0,8,8,0,0,36
690355,2,17,Sri Lanka,100,2,5.470588235,21,13,0,0,40
690355,2,18,Sri Lanka,103,2,5.333333333,24,3,0,0,36
690355,2,19,Sri Lanka,105,2,5.157894737,26,2,0,0,26
690355,2,20,Sri Lanka,115,3,5.4,1,10,1,0,36
690355,2,21,Sri Lanka,116,3,5.19047619,2,1,0,0,29
690355,2,22,Sri Lanka,118,3,5.045454545,4,2,0,0,18
690355,2,23,Sri Lanka,120,4,4.913043478,1,2,1,1,17
690355,2,24,Sri Lanka,121,4,4.75,2,1,0,1,16
690355,2,25,Sri Lanka,122,4,4.6,3,1,0,1,7
690355,2,26,Sri Lanka,126,4,4.576923077,7,4,0,1,10
690355,2,27,Sri Lanka,127,4,4.444444444,8,1,0,1,9
690355,2,28,Sri Lanka,130,4,4.392857143,11,3,0,1,10
690355,2,29,Sri Lanka,133,6,4.344827586,0,3,2,1,12
690355,2,30,Sri Lanka,134,6,4.233333333,1,1,0,1,12
690355,2,31,Sri Lanka,140,6,4.290322581,7,6,0,1,14
690355,2,32,Sri Lanka,143,7,4.25,1,3,1,1,16
690355,2,33,Sri Lanka,152,7,4.393939394,10,9,0,1,22
690355,2,34,Sri Lanka,157,7,4.411764706,15,5,0,1,24
690355,2,35,Sri Lanka,160,7,4.371428571,18,3,0,1,26
690355,2,36,Sri Lanka,162,8,4.305555556,1,2,1,1,22
690355,2,37,Sri Lanka,162,8,4.189189189,1,0,0,1,19
690355,2,38,Sri Lanka,164,9,4.131578947,2,2,1,1,12
690355,2,39,Sri Lanka,166,9,4.076923077,4,2,0,1,9
690355,2,40,Sri Lanka,167,10,4.06779661,0,1,1,1,7
690357,2,1,Sri Lanka,2,1,1.2,0,2,1,0,2
690357,2,2,Sri Lanka,5,1,2.0,3,3,0,0,5
690357,2,3,Sri Lanka,5,1,1.333333333,3,0,0,0,5
690357,2,4,Sri Lanka,7,1,1.5,5,2,0,0,7
690357,2,5,Sri Lanka,7,1,1.2,5,0,0,0,7
690357,2,6,Sri Lanka,14,1,2.166666667,12,7,0,0,12
690357,2,7,Sri Lanka,27,1,3.714285714,25,13,0,0,22
690357,2,8,Sri Lanka,31,1,3.75,29,4,0,0,26
690357,2,9,Sri Lanka,37,1,4.0,35,6,0,0,30
690357,2,10,Sri Lanka,39,1,3.762711864,36,6,0,0,36
690357,2,11,Sri Lanka,47,1,4.090909091,44,4,0,0,33
690357,2,12,Sri Lanka,56,1,4.5,53,9,0,0,29
690357,2,13,Sri Lanka,59,2,4.384615385,2,3,1,0,28
690357,2,14,Sri Lanka,63,3,4.357142857,0,4,1,0,26
690357,2,15,Sri Lanka,66,3,4.266666667,3,3,0,0,23
690357,2,16,Sri Lanka,81,3,4.926315789,17,15,0,0,34
690357,2,17,Sri Lanka,87,3,4.941176471,23,6,0,0,31
690357,2,18,Sri Lanka,92,3,4.944444444,28,5,0,0,33
690357,2,19,Sri Lanka,98,3,5.0,34,6,0,0,35
690357,2,20,Sri Lanka,114,3,5.55,50,16,0,0,48
690357,2,21,Sri Lanka,116,3,5.380952381,52,2,0,0,35
690357,2,22,Sri Lanka,118,4,5.227272727,2,2,1,0,31
690357,2,23,Sri Lanka,122,4,5.173913043,6,4,0,0,30
690357,2,24,Sri Lanka,126,4,5.125,10,4,0,0,28
690357,2,25,Sri Lanka,132,4,5.16,16,6,0,0,18
690357,2,26,Sri Lanka,136,4,5.115384615,20,4,0,0,20
690357,2,27,Sri Lanka,145,4,5.259259259,29,9,0,0,27
690357,2,28,Sri Lanka,149,4,5.214285714,33,4,0,0,27
690357,2,29,Sri Lanka,153,5,5.172413793,0,4,1,0,27
690357,2,30,Sri Lanka,157,6,5.133333333,2,4,1,1,25
690357,2,31,Sri Lanka,159,6,5.032258065,4,2,0,1,23
690357,2,32,Sri Lanka,163,6,5.0,8,4,0,1,18
690357,2,33,Sri Lanka,170,6,5.060606061,15,7,0,1,21
690357,2,34,Sri Lanka,171,7,4.935960591,0,2,1,1,19
690357,2,35,Sri Lanka,174,7,4.857142857,3,2,0,1,17
690357,2,36,Sri Lanka,185,7,5.027777778,14,11,0,1,26
690357,2,37,Sri Lanka,186,7,4.918918919,15,1,0,1,23
690357,2,38,Sri Lanka,195,7,5.022026432,23,10,0,1,26
690357,2,39,Sri Lanka,199,7,4.974358974,27,3,0,0,27
690357,2,40,Sri Lanka,206,7,5.025,34,7,0,0,32
690357,2,41,Sri Lanka,217,8,5.170731707,0,11,1,0,32
690357,2,42,Sri Lanka,220,8,5.115537849,2,3,1,0,34
690357,2,43,Sri Lanka,228,9,5.13618677,6,8,1,1,32
710293,1,1,India,4,0,4.0,4,4,0,0,4
710293,1,2,India,10,0,5.0,10,6,0,0,10
710293,1,3,India,15,0,5.0,15,5,0,0,15
710293,1,4,India,16,0,4.0,16,1,0,0,16
710293,1,5,India,16,0,3.2,16,0,0,0,16
710293,1,6,India,17,1,2.833333333,1,1,1,0,13
710293,1,7,India,22,1,3.142857143,6,5,0,0,12
710293,1,8,India,26,1,3.25,10,4,0,0,11
710293,1,9,India,34,1,3.777777778,18,8,0,0,18
710293,1,10,India,36,1,3.6,20,2,0,0,20
710293,1,11,India,40,1,3.636363636,24,4,0,0,23
710293,1,12,India,49,1,4.083333333,33,9,0,0,27
710293,1,13,India,52,2,4.0,3,3,1,0,26
710293,1,14,India,54,2,3.831325301,4,2,0,0,20
710293,1,15,India,60,2,3.640449438,5,6,0,0,24
710293,1,16,India,70,2,4.0,15,10,0,0,30
710293,1,17,India,73,2,3.941176471,18,3,0,0,24
710293,1,18,India,77,2,3.944444444,22,4,0,0,25
710293,1,19,India,82,2,4.0,27,5,0,0,28
710293,1,20,India,96,2,4.5,41,14,0,0,36
710293,1,21,India,96,2,4.285714286,41,0,0,0,26
710293,1,22,India,99,2,4.227272727,44,3,0,0,26
710293,1,23,India,103,2,4.204379562,47,10,0,0,32
710293,1,24,India,112,2,4.375,56,3,0,0,30
710293,1,25,India,117,2,4.389261745,60,6,0,0,22
710293,1,26,India,119,2,4.269230769,62,1,0,0,23
710293,1,27,India,123,2,4.259259259,66,4,0,0,24
710293,1,28,India,125,2,4.178571429,68,2,0,0,16
710293,1,29,India,133,2,4.310344828,76,8,0,0,21
710293,1,30,India,137,2,4.3,80,4,0,0,19
710293,1,31,India,142,2,4.322580645,85,5,0,0,23
710293,1,32,India,147,2,4.34375,90,5,0,0,24
710293,1,33,India,152,2,4.363636364,95,5,0,0,27
710293,1,34,India,157,2,4.382352941,100,5,0,0,24
710293,1,35,India,162,2,4.4,105,5,0,0,25
710293,1,36,India,170,2,4.5,113,8,0,0,28
710293,1,37,India,181,2,4.554545455,118,12,1,0,35
710293,1,38,India,185,3,4.5,3,3,0,0,33
710293,1,39,India,202,3,4.815450644,19,19,0,0,47
710293,1,40,India,208,3,4.8,24,4,0,0,46
710293,1,41,India,212,3,4.770491803,26,5,0,0,43
710293,1,42,India,219,3,4.785714286,33,6,0,0,37
710293,1,43,India,227,3,4.860465116,41,8,0,0,42
710293,1,44,India,231,4,4.840909091,0,4,1,0,27
710293,1,45,India,236,4,4.844444444,5,5,0,0,28
710293,1,46,India,242,5,4.869565217,1,6,1,0,29
710293,1,47,India,250,5,4.936170213,9,8,0,0,31
710293,1,48,India,264,5,5.125,23,14,0,0,37
710293,1,49,India,271,6,5.163265306,1,7,1,1,40
710293,1,50,India,279,7,5.22,3,8,1,1,43
710305,1,1,Pakistan,2,0,2.0,2,2,0,0,2
710305,1,2,Pakistan,7,0,3.272727273,6,5,0,0,7
710305,1,3,Pakistan,8,0,2.333333333,7,1,0,0,8
710305,1,4,Pakistan,15,0,3.5,14,7,0,0,15
710305,1,5,Pakistan,20,0,3.8,19,5,0,0,20
710305,1,6,Pakistan,20,0,3.166666667,19,0,0,0,18
710305,1,7,Pakistan,22,0,3.0,21,2,0,0,15
710305,1,8,Pakistan,26,0,3.125,25,4,0,0,18
710305,1,9,Pakistan,27,0,2.888888889,26,1,0,0,12
710305,1,10,Pakistan,39,0,3.355932203,33,12,0,0,19
710305,1,11,Pakistan,48,0,3.238095238,34,10,0,0,29
710305,1,12,Pakistan,53,0,3.25,39,4,0,0,31
710305,1,13,Pakistan,63,0,3.769230769,49,10,0,0,37
710305,1,14,Pakistan,70,0,4.0,56,7,0,0,43
710305,1,15,Pakistan,71,0,3.8,57,1,0,0,32
710305,1,16,Pakistan,92,0,4.875,78,21,0,0,43
710305,1,17,Pakistan,93,0,4.647058824,79,1,0,0,40
710305,1,18,Pakistan,101,0,4.833333333,87,8,0,0,38
710305,1,19,Pakistan,103,0,4.684210526,89,2,0,0,33
710305,1,20,Pakistan,107,0,4.65,93,4,0,0,36
710305,1,21,Pakistan,110,0,4.571428571,96,3,0,0,18
710305,1,22,Pakistan,121,0,4.863636364,107,11,0,0,28
710305,1,23,Pakistan,124,0,4.782608696,110,3,0,0,23
710305,1,24,Pakistan,131,0,4.867132867,116,8,0,0,29
710305,1,25,Pakistan,133,0,4.72,118,1,0,0,26
710305,1,26,Pakistan,139,0,4.769230769,124,6,0,0,29
710305,1,27,Pakistan,144,0,4.777777778,129,5,0,0,23
710305,1,28,Pakistan,148,0,4.74251497,132,5,0,0,25
710305,1,29,Pakistan,150,1,4.620689655,0,1,1,0,18
710305,1,30,Pakistan,154,1,4.6,4,4,0,0,21
710305,1,31,Pakistan,166,1,4.838709677,16,12,0,0,27
710305,1,32,Pakistan,173,1,4.90625,23,7,0,0,29
710305,1,33,Pakistan,180,1,4.96969697,30,7,0,0,31
710305,1,34,Pakistan,185,1,4.970588235,35,5,0,0,35
710305,1,35,Pakistan,189,1,4.942857143,39,4,0,0,35
710305,1,36,Pakistan,192,1,4.888888889,42,3,0,0,26
710305,1,37,Pakistan,198,1,4.918918919,48,6,0,0,25
710305,1,38,Pakistan,199,1,4.815789474,49,1,0,0,19
710305,1,39,Pakistan,204,1,4.820512821,54,5,0,0,19
710305,1,40,Pakistan,205,2,4.725,1,1,1,0,16
710305,1,41,Pakistan,212,2,4.780487805,8,7,0,0,20
710305,1,42,Pakistan,222,2,4.904761905,18,10,0,0,24
710305,1,43,Pakistan,234,2,5.06614786,29,14,0,0,37
710305,1,44,Pakistan,247,2,5.224334601,41,12,0,0,44
710305,1,45,Pakistan,258,3,5.333333333,9,10,1,0,53
710305,1,46,Pakistan,272,3,5.432727273,18,18,0,0,64
710305,1,47,Pakistan,293,3,5.744680851,39,17,0,0,71
710305,1,48,Pakistan,299,3,5.75,45,6,0,0,63
710305,1,49,Pakistan,311,3,5.87755102,57,12,0,0,63
710305,1,50,Pakistan,326,3,6.06,72,15,0,0,68
710309,1,1,Sri Lanka,6,0,6.0,6,6,0,0,6
710309,1,2,Sri Lanka,11,0,5.5,11,5,0,0,11
710309,1,3,Sri Lanka,13,0,4.333333333,13,2,0,0,13
710309,1,4,Sri Lanka,15,0,3.75,15,2,0,0,15
710309,1,5,Sri Lanka,16,0,3.2,16,1,0,0,16
710309,1,6,Sri Lanka,22,0,3.6,21,7,0,0,17
710309,1,7,Sri Lanka,28,0,3.857142857,27,5,0,0,17
710309,1,8,Sri Lanka,29,0,3.5,28,1,0,0,16
710309,1,9,Sri Lanka,31,0,3.333333333,30,2,0,0,16
710309,1,10,Sri Lanka,39,0,3.8,38,8,0,0,23
710309,1,11,Sri Lanka,43,0,3.818181818,42,4,0,0,20
710309,1,12,Sri Lanka,45,0,3.666666667,44,2,0,0,17
710309,1,13,Sri Lanka,48,0,3.615384615,47,3,0,0,19
710309,1,14,Sri Lanka,53,0,3.714285714,52,5,0,0,22
710309,1,15,Sri Lanka,62,0,4.066666667,61,9,0,0,23
710309,1,16,Sri Lanka,68,0,4.1875,67,6,0,0,25
710309,1,17,Sri Lanka,71,0,4.117647059,70,3,0,0,26
710309,1,18,Sri Lanka,74,0,4.055555556,73,3,0,0,26
710309,1,19,Sri Lanka,76,2,3.947368421,0,2,2,0,23
710309,1,20,Sri Lanka,79,2,3.9,3,3,0,0,17
710309,1,21,Sri Lanka,84,2,3.952380952,8,5,0,0,16
710309,1,22,Sri Lanka,87,3,3.909090909,0,3,1,1,16
710309,1,23,Sri Lanka,93,3,4.0,6,6,0,1,19
710309,1,24,Sri Lanka,95,3,3.916666667,8,2,0,1,19
710309,1,25,Sri Lanka,97,3,3.84,10,2,0,1,18
710309,1,26,Sri Lanka,98,3,3.730769231,11,1,0,1,14
710309,1,27,Sri Lanka,100,3,3.666666667,13,2,0,1,13
710309,1,28,Sri Lanka,102,3,3.607142857,15,2,0,1,9
710309,1,29,Sri Lanka,106,3,3.620689655,19,4,0,1,11
710309,1,30,Sri Lanka,108,4,3.566666667,2,2,1,1,11
710309,1,31,Sri Lanka,111,4,3.548387097,5,3,0,1,13
710309,1,32,Sri Lanka,114,4,3.53125,8,3,0,1,14
710309,1,33,Sri Lanka,115,4,3.454545455,9,1,0,1,13
710309,1,34,Sri Lanka,121,5,3.529411765,2,6,1,1,15
710309,1,35,Sri Lanka,126,5,3.571428571,7,5,0,1,18
710309,1,36,Sri Lanka,128,5,3.527777778,9,2,0,1,17
710309,1,37,Sri Lanka,132,5,3.529411765,12,4,0,1,18
710309,1,38,Sri Lanka,134,5,3.473684211,14,2,0,1,19
710309,1,39,Sri Lanka,137,5,3.461538462,17,3,0,1,16
710309,1,40,Sri Lanka,144,5,3.55,24,7,0,1,18
710309,1,41,Sri Lanka,153,5,3.682926829,33,9,0,1,25
710309,1,42,Sri Lanka,159,5,3.738095238,39,6,0,0,27
710309,1,43,Sri Lanka,168,5,3.860465116,48,9,0,0,34
710309,1,44,Sri Lanka,172,5,3.83269962,50,5,0,0,36
710309,1,45,Sri Lanka,177,6,3.844444444,3,4,1,0,33
710309,1,46,Sri Lanka,181,6,3.847826087,7,4,0,0,28
710309,1,47,Sri Lanka,183,7,3.808510638,0,2,1,0,24
710309,1,48,Sri Lanka,192,7,3.818181818,3,9,0,0,24
710309,1,49,Sri Lanka,199,7,3.857142857,10,7,0,0,26
710309,1,50,Sri Lanka,204,9,3.88,1,5,2,1,27
730287,1,1,West Indies,5,0,5.0,5,5,0,0,5
730287,1,2,West Indies,7,0,3.5,7,2,0,0,7
730287,1,3,West Indies,9,0,3.0,9,2,0,0,9
730287,1,4,West Indies,11,0,2.75,11,2,0,0,11
730287,1,5,West Indies,16,0,3.103448276,15,5,0,0,16
730287,1,6,West Indies,21,0,3.257142857,19,6,0,0,17
730287,1,7,West Indies,28,0,3.658536585,25,6,0,0,21
730287,1,8,West Indies,28,0,3.125,25,0,0,0,19
730287,1,9,West Indies,30,0,3.0,27,2,0,0,19
730287,1,10,West Indies,34,0,3.050847458,30,5,0,0,19
730287,1,11,West Indies,39,0,3.090909091,34,4,0,0,17
730287,1,12,West Indies,41,0,3.0,36,2,0,0,13
730287,1,13,West Indies,43,1,2.923076923,2,2,1,0,15
730287,1,14,West Indies,48,1,3.071428571,7,5,0,0,18
730287,1,15,West Indies,56,1,3.4,15,8,0,0,21
730287,1,16,West Indies,63,1,3.625,22,7,0,0,24
730287,1,17,West Indies,67,1,3.623762376,25,6,1,0,28
730287,1,18,West Indies,74,2,3.777777778,5,5,0,0,31
730287,1,19,West Indies,78,2,3.769911504,8,5,0,0,31
730287,1,20,West Indies,80,2,3.65,10,1,0,0,24
730287,1,21,West Indies,87,3,3.774193548,5,8,1,1,25
730287,1,22,West Indies,95,3,3.909090909,13,7,0,1,26
730287,1,23,West Indies,97,3,3.826086957,15,2,0,1,23
730287,1,24,West Indies,101,3,3.833333333,19,4,0,1,22
730287,1,25,West Indies,105,3,3.84,23,4,0,1,25
730287,1,26,West Indies,109,3,3.846153846,27,4,0,1,21
730287,1,27,West Indies,113,3,3.851851852,31,4,0,1,18
730287,1,28,West Indies,117,4,3.857142857,0,4,1,1,20
730287,1,29,West Indies,118,4,3.75862069,1,1,0,1,17
730287,1,30,West Indies,125,4,3.866666667,8,7,0,1,20
730287,1,31,West Indies,128,4,3.838709677,11,3,0,1,19
730287,1,32,West Indies,132,4,3.84375,15,4,0,1,19
730287,1,33,West Indies,140,4,3.96969697,23,8,0,1,23
730287,1,34,West Indies,142,5,3.911764706,1,2,1,1,24
730287,1,35,West Indies,146,5,3.914285714,5,4,0,1,21
730287,1,36,West Indies,146,5,3.805555556,5,0,0,1,18
730287,1,37,West Indies,150,5,3.810810811,9,4,0,1,18
730287,1,38,West Indies,153,5,3.789473684,12,3,0,1,13
730287,1,39,West Indies,155,5,3.743589744,14,2,0,1,13
730287,1,40,West Indies,156,5,3.675,15,1,0,1,10
730287,1,41,West Indies,163,5,3.756097561,22,7,0,1,17
730287,1,42,West Indies,166,5,3.738095238,25,3,0,1,16
730287,1,43,West Indies,175,5,3.860465116,34,9,0,1,22
730287,1,44,West Indies,176,5,3.795454545,35,1,0,0,21
730287,1,45,West Indies,184,5,3.888888889,43,8,0,0,28
730287,1,46,West Indies,189,5,3.913043478,48,5,0,0,26
730287,1,47,West Indies,194,6,3.936170213,0,5,1,0,28
730287,1,48,West Indies,201,6,4.0,7,7,0,0,26
730287,1,49,West Indies,215,7,4.204081633,14,14,1,0,39
730287,1,50,West Indies,217,9,4.16,0,2,2,1,33
730289,2,1,West Indies,1,0,1.0,1,1,0,0,1
730289,2,2,West Indies,2,0,1.0,2,1,0,0,2
730289,2,3,West Indies,3,0,1.0,3,1,0,0,3
730289,2,4,West Indies,6,0,1.304347826,5,3,0,0,6
730289,2,5,West Indies,12,1,2.2,0,6,1,0,12
730289,2,6,West Indies,24,1,3.833333333,12,12,0,0,23
730289,2,7,West Indies,27,1,3.714285714,15,3,0,0,25
730289,2,8,West Indies,32,2,3.875,5,5,1,0,29
730289,2,9,West Indies,37,2,4.0,10,5,0,0,31
730289,2,10,West Indies,42,3,4.1,0,5,1,1,30
730289,2,11,West Indies,43,3,3.818181818,1,1,0,1,19
730289,2,12,West Indies,44,3,3.549295775,1,1,0,1,17
730289,2,13,West Indies,48,3,3.538461538,5,4,0,1,16
730289,2,14,West Indies,51,3,3.5,8,3,0,1,14
730289,2,15,West Indies,56,3,3.6,13,5,0,1,14
730289,2,16,West Indies,57,5,3.4375,0,1,2,1,14
730289,2,17,West Indies,57,6,3.235294118,0,0,1,1,13
730289,2,18,West Indies,60,7,3.222222222,0,3,1,1,12
730289,2,19,West Indies,65,7,3.315789474,5,5,0,1,14
730289,2,20,West Indies,66,7,3.2,6,1,0,1,10
730289,2,21,West Indies,66,8,3.047619048,0,0,1,1,9
730289,2,22,West Indies,67,8,2.93129771,0,1,0,1,10
730289,2,23,West Indies,67,8,2.782608696,0,0,0,1,7
730289,2,24,West Indies,69,8,2.727272727,1,3,0,1,5
730289,2,25,West Indies,70,10,2.635135135,0,0,2,1,4
730291,2,1,West Indies,2,1,2.0,1,2,1,0,2
730291,2,2,West Indies,2,2,1.0,0,0,1,0,2
730291,2,3,West Indies,4,2,1.333333333,2,2,0,0,4
730291,2,4,West Indies,5,2,1.25,3,1,0,0,5
730291,2,5,West Indies,15,2,3.0,13,10,0,0,15
730291,2,6,West Indies,15,2,2.5,13,0,0,0,13
730291,2,7,West Indies,21,2,3.0,19,6,0,0,19
730291,2,8,West Indies,29,2,3.625,27,8,0,0,25
730291,2,9,West Indies,37,2,4.111111111,35,8,0,0,32
730291,2,10,West Indies,41,2,4.1,39,4,0,0,26
730291,2,11,West Indies,51,2,4.636363636,49,10,0,0,36
730291,2,12,West Indies,55,2,4.563380282,52,4,0,0,34
730291,2,13,West Indies,64,2,4.753246753,59,9,0,0,35
730291,2,14,West Indies,67,2,4.571428571,62,3,0,0,30
730291,2,15,West Indies,74,2,4.733333333,69,7,0,0,33
730291,2,16,West Indies,77,2,4.625,72,3,0,0,26
730291,2,17,West Indies,82,2,4.647058824,77,5,0,0,27
730291,2,18,West Indies,84,2,4.5,79,2,0,0,20
730291,2,19,West Indies,88,2,4.473684211,83,4,0,0,21
730291,2,20,West Indies,91,2,4.4,86,3,0,0,17
730291,2,21,West Indies,97,2,4.476190476,92,6,0,0,20
730291,2,22,West Indies,101,3,4.454545455,0,4,1,0,19
730291,2,23,West Indies,107,3,4.52173913,6,6,0,0,23
730291,2,24,West Indies,108,3,4.375,7,1,0,0,20
730291,2,25,West Indies,108,4,4.2,0,0,1,0,17
730291,2,26,West Indies,109,4,4.076923077,1,1,0,0,12
730291,2,27,West Indies,116,4,4.173913043,7,7,0,0,15
730291,2,28,West Indies,122,4,4.214285714,13,6,0,0,15
730291,2,29,West Indies,125,4,4.161849711,15,3,0,0,17
730291,2,30,West Indies,128,4,4.1,18,3,0,0,20
730291,2,31,West Indies,130,4,4.032258065,20,2,0,0,21
730291,2,32,West Indies,133,4,3.978947368,21,4,0,0,18
730291,2,33,West Indies,148,4,4.272727273,36,14,0,0,26
730291,2,34,West Indies,149,4,4.167487685,36,2,0,0,25
730291,2,35,West Indies,153,4,4.133971292,39,4,0,0,26
730291,2,36,West Indies,158,4,4.138888889,44,4,0,0,28
730291,2,37,West Indies,163,5,4.162162162,0,5,1,0,29
730291,2,38,West Indies,167,5,4.157894737,4,4,0,0,19
730291,2,39,West Indies,169,5,4.086206897,4,2,0,0,19
730291,2,40,West Indies,175,5,4.1,10,6,0,0,21
730291,2,41,West Indies,178,6,4.073170732,0,3,1,0,20
730291,2,42,West Indies,181,6,4.047619048,3,3,0,0,18
730291,2,43,West Indies,191,6,4.186046512,13,10,0,0,24
730291,2,44,West Indies,200,6,4.295454545,22,9,0,0,31
730291,2,45,West Indies,207,6,4.355555556,29,7,0,0,32
730291,2,46,West Indies,215,6,4.434782609,37,8,0,0,37
730291,2,47,West Indies,219,7,4.425531915,4,4,1,0,38
730291,2,48,West Indies,228,7,4.520833333,13,9,0,0,37
730291,2,49,West Indies,230,8,4.469387755,0,2,1,0,30
730291,2,50,West Indies,246,8,4.615384615,11,17,0,0,40
744679,1,1,India,0,0,0.0,0,0,0,0,0
744679,1,2,India,1,0,0.0,0,2,0,0,2
744679,1,3,India,3,0,0.666666667,2,1,0,0,3
744679,1,4,India,5,0,0.782608696,3,2,1,0,5
744679,1,5,India,13,1,2.2,8,8,0,0,13
744679,1,6,India,14,1,1.885714286,8,2,0,0,15
744679,1,7,India,18,1,2.142857143,12,3,0,0,16
744679,1,8,India,23,1,2.5,17,5,0,0,20
744679,1,9,India,32,1,3.222222222,26,9,0,0,27
744679,1,10,India,34,1,3.1,28,2,0,0,21
744679,1,11,India,36,2,3.0,1,2,1,0,21
744679,1,12,India,37,2,2.833333333,2,1,0,0,19
744679,1,13,India,40,2,2.846153846,5,3,0,0,17
744679,1,14,India,47,2,3.142857143,12,7,0,0,15
744679,1,15,India,50,2,3.133333333,15,3,0,0,16
744679,1,16,India,57,2,3.375,22,7,0,0,21
744679,1,17,India,63,2,3.529411765,28,6,0,0,26
744679,1,18,India,67,2,3.555555556,32,4,0,0,27
744679,1,19,India,74,2,3.736842105,39,7,0,0,27
744679,1,20,India,76,2,3.65,41,2,0,0,26
744679,1,21,India,83,2,3.792,47,8,0,0,27
744679,1,22,India,87,2,3.772727273,51,3,0,0,24
744679,1,23,India,89,3,3.695652174,2,2,1,0,22
744679,1,24,India,99,3,3.958333333,12,10,0,0,25
744679,1,25,India,108,3,4.16,21,9,0,0,32
744679,1,26,India,113,3,4.192307692,26,5,0,0,29
744679,1,27,India,118,3,4.222222222,31,5,0,0,31
744679,1,28,India,119,3,4.107142857,32,1,0,0,30
744679,1,29,India,125,3,4.172413793,38,6,0,0,26
744679,1,30,India,134,3,4.333333333,47,9,0,0,26
744679,1,31,India,139,4,4.35483871,5,5,1,0,26
744679,1,32,India,145,4,4.40625,11,6,0,0,27
744679,1,33,India,150,4,4.424242424,16,5,0,0,31
744679,1,34,India,153,4,4.382352941,19,3,0,0,28
744679,1,35,India,159,4,4.428571429,25,6,0,0,25
744679,1,36,India,165,4,4.472222222,31,6,0,0,26
744679,1,37,India,172,4,4.533936652,37,7,0,0,27
744679,1,38,India,177,4,4.526315789,42,5,0,0,27
744679,1,39,India,183,4,4.557939914,47,6,0,0,30
744679,1,40,India,192,4,4.65,56,9,0,0,33
744679,1,41,India,199,4,4.707317073,63,7,0,0,34
744679,1,42,India,204,5,4.714285714,5,5,1,0,32
744679,1,43,India,209,5,4.720930233,10,5,0,0,32
744679,1,44,India,219,5,4.840909091,20,10,0,0,36
744679,1,45,India,229,6,4.955555556,0,10,1,0,37
744679,1,46,India,235,7,4.974545455,0,6,1,1,36
744679,1,47,India,243,8,5.017793594,7,9,1,1,40
744679,1,48,India,258,8,5.208333333,22,14,0,1,49
744679,1,49,India,267,9,5.285714286,0,9,1,1,48
744679,1,50,India,272,9,5.28,5,5,0,1,43
744681,2,1,India,5,1,5.0,1,5,1,0,5
744681,2,2,India,13,1,6.5,9,8,0,0,13
744681,2,3,India,13,2,4.333333333,0,0,1,0,13
744681,2,4,India,18,2,4.434782609,4,6,0,0,19
744681,2,5,India,19,2,3.4,4,0,0,0,19
744681,2,6,India,26,2,3.882352941,9,7,0,0,21
744681,2,7,India,28,2,3.428571429,11,2,0,0,15
744681,2,8,India,33,2,3.625,16,5,0,0,20
744681,2,9,India,39,2,3.888888889,22,6,0,0,20
744681,2,10,India,39,2,3.5,22,0,0,0,20
744681,2,11,India,44,2,3.636363636,27,5,0,0,18
744681,2,12,India,44,3,3.333333333,0,0,1,1,16
744681,2,13,India,50,3,3.506493506,5,6,0,1,17
744681,2,14,India,52,5,3.357142857,2,2,2,1,13
744681,2,15,India,54,7,3.266666667,2,2,2,1,15
744681,2,16,India,56,8,3.1875,0,2,1,1,12
744681,2,17,India,58,8,3.089108911,1,2,0,1,14
744681,2,18,India,58,10,2.943396226,0,0,2,1,8
760787,1,1,Zimbabwe,1,0,1.0,1,1,0,0,1
760787,1,2,Zimbabwe,5,0,2.5,5,4,0,0,5
760787,1,3,Zimbabwe,6,0,2.0,6,1,0,0,6
760787,1,4,Zimbabwe,8,0,2.0,8,2,0,0,8
760787,1,5,Zimbabwe,8,1,1.6,0,0,1,0,8
760787,1,6,Zimbabwe,8,1,1.333333333,0,0,0,0,7
760787,1,7,Zimbabwe,12,1,1.714285714,4,4,0,0,7
760787,1,8,Zimbabwe,19,1,2.375,11,7,0,0,13
760787,1,9,Zimbabwe,23,1,2.555555556,15,4,0,0,15
760787,1,10,Zimbabwe,27,2,2.7,1,4,1,0,19
760787,1,11,Zimbabwe,29,2,2.584615385,2,3,0,0,22
760787,1,12,Zimbabwe,32,3,2.535211268,1,3,1,1,21
760787,1,13,Zimbabwe,36,3,2.571428571,4,4,0,1,18
760787,1,14,Zimbabwe,40,3,2.642857143,8,3,0,1,17
760787,1,15,Zimbabwe,44,3,2.733333333,12,4,0,1,17
760787,1,16,Zimbabwe,54,3,3.157894737,21,11,0,1,25
760787,1,17,Zimbabwe,59,3,3.235294118,26,4,0,1,26
760787,1,18,Zimbabwe,64,3,3.333333333,31,5,0,0,27
760787,1,19,Zimbabwe,69,3,3.421052632,36,5,0,0,29
760787,1,20,Zimbabwe,70,4,3.3,0,1,1,0,26
760787,1,21,Zimbabwe,72,4,3.238095238,2,2,0,0,17
760787,1,22,Zimbabwe,74,4,3.181818182,4,2,0,0,15
760787,1,23,Zimbabwe,80,4,3.264705882,8,6,0,0,16
760787,1,24,Zimbabwe,84,4,3.230769231,11,8,0,0,19
760787,1,25,Zimbabwe,96,4,3.56,23,8,0,0,26
760787,1,26,Zimbabwe,105,4,3.75483871,31,10,0,0,34
760787,1,27,Zimbabwe,109,4,3.740740741,35,3,0,0,35
760787,1,28,Zimbabwe,113,4,3.75,39,4,0,0,33
760787,1,29,Zimbabwe,115,4,3.689655172,41,2,0,0,27
760787,1,30,Zimbabwe,124,4,3.854748603,49,10,0,0,29
760787,1,31,Zimbabwe,129,4,3.870967742,54,4,0,0,23
760787,1,32,Zimbabwe,135,4,3.9375,60,6,0,0,26
760787,1,33,Zimbabwe,138,4,3.909090909,63,3,0,0,25
760787,1,34,Zimbabwe,151,4,4.176470588,76,13,0,0,36
760787,1,35,Zimbabwe,155,4,4.171428571,80,4,0,0,30
760787,1,36,Zimbabwe,162,4,4.25,87,7,0,0,33
760787,1,37,Zimbabwe,176,4,4.50678733,100,15,0,0,42
760787,1,38,Zimbabwe,183,4,4.546255507,106,6,0,0,45
760787,1,39,Zimbabwe,194,4,4.686695279,116,12,0,0,44
760787,1,40,Zimbabwe,203,4,4.775,125,8,0,0,48
760787,1,41,Zimbabwe,207,4,4.751020408,128,4,0,0,45
760787,1,42,Zimbabwe,213,4,4.761904762,134,6,0,0,36
760787,1,43,Zimbabwe,217,4,4.744186047,138,4,0,0,34
760787,1,44,Zimbabwe,220,5,4.704545455,2,3,1,0,25
760787,1,45,Zimbabwe,227,5,4.746268657,7,9,0,0,26
760787,1,46,Zimbabwe,238,5,4.843636364,17,10,0,0,32
760787,1,47,Zimbabwe,242,5,4.808510638,21,3,0,0,29
760787,1,48,Zimbabwe,251,6,4.895833333,5,9,1,0,34
760787,1,49,Zimbabwe,263,6,4.996587031,14,12,0,0,43
760787,1,50,Zimbabwe,281,7,5.24,17,18,1,0,52
760789,1,1,Zimbabwe,4,0,4.0,4,4,0,0,4
760789,1,2,Zimbabwe,10,0,5.0,10,6,0,0,10
760789,1,3,Zimbabwe,10,0,3.333333333,10,0,0,0,10
760789,1,4,Zimbabwe,14,0,3.5,14,4,0,0,14
760789,1,5,Zimbabwe,18,0,3.6,18,4,0,0,18
760789,1,6,Zimbabwe,22,0,3.666666667,22,4,0,0,18
760789,1,7,Zimbabwe,29,0,4.142857143,29,7,0,0,19
760789,1,8,Zimbabwe,34,0,4.25,34,5,0,0,24
760789,1,9,Zimbabwe,37,0,4.111111111,37,3,0,0,23
760789,1,10,Zimbabwe,42,0,4.2,42,5,0,0,24
760789,1,11,Zimbabwe,44,0,4.0,44,2,0,0,22
760789,1,12,Zimbabwe,46,0,3.833333333,46,2,0,0,17
760789,1,13,Zimbabwe,48,0,3.692307692,48,2,0,0,14
760789,1,14,Zimbabwe,53,0,3.785714286,53,5,0,0,16
760789,1,15,Zimbabwe,56,0,3.733333333,56,3,0,0,14
760789,1,16,Zimbabwe,58,0,3.625,58,2,0,0,14
760789,1,17,Zimbabwe,62,0,3.623762376,61,5,0,0,17
760789,1,18,Zimbabwe,69,0,3.777777778,68,6,0,0,21
760789,1,19,Zimbabwe,73,0,3.789473684,72,4,0,0,20
760789,1,20,Zimbabwe,77,0,3.8,76,4,0,0,21
760789,1,21,Zimbabwe,83,0,3.904761905,82,6,0,0,25
760789,1,22,Zimbabwe,87,0,3.909090909,86,4,0,0,24
760789,1,23,Zimbabwe,95,0,4.086956522,94,8,0,0,26
760789,1,24,Zimbabwe,97,0,3.986013986,95,2,0,0,24
760789,1,25,Zimbabwe,99,0,3.88,97,2,0,0,22
760789,1,26,Zimbabwe,103,0,3.884615385,101,4,0,0,20
760789,1,27,Zimbabwe,107,0,3.888888889,105,4,0,0,20
760789,1,28,Zimbabwe,116,0,4.071428571,114,9,0,0,21
760789,1,29,Zimbabwe,120,0,4.068965517,118,4,0,0,23
760789,1,30,Zimbabwe,133,0,4.357541899,130,14,0,0,35
760789,1,31,Zimbabwe,143,0,4.516129032,140,9,0,0,40
760789,1,32,Zimbabwe,150,0,4.554973822,145,11,0,0,47
760789,1,33,Zimbabwe,158,1,4.636363636,0,4,1,0,42
760789,1,34,Zimbabwe,162,2,4.610837438,3,5,1,0,43
760789,1,35,Zimbabwe,165,2,4.542857143,6,2,0,0,31
760789,1,36,Zimbabwe,172,2,4.611111111,13,7,0,0,29
760789,1,37,Zimbabwe,174,4,4.540540541,1,2,2,1,20
760789,1,38,Zimbabwe,177,4,4.49339207,3,3,0,1,19
760789,1,39,Zimbabwe,179,4,4.41025641,5,2,0,1,16
760789,1,40,Zimbabwe,180,4,4.325,6,1,0,1,15
760789,1,41,Zimbabwe,186,4,4.365853659,12,6,0,1,14
760789,1,42,Zimbabwe,195,4,4.470119522,20,9,0,1,21
760789,1,43,Zimbabwe,204,4,4.558139535,29,9,0,1,27
760789,1,44,Zimbabwe,206,6,4.5,2,2,2,1,27
760789,1,45,Zimbabwe,211,6,4.511111111,7,5,0,1,31
760789,1,46,Zimbabwe,222,6,4.652173913,18,11,0,1,36
760789,1,47,Zimbabwe,226,7,4.638297872,1,4,1,1,31
760789,1,48,Zimbabwe,230,7,4.620209059,4,5,0,1,27
760789,1,49,Zimbabwe,244,7,4.791808874,17,14,0,1,39
760789,1,50,Zimbabwe,251,7,4.82,24,6,0,1,40
760791,1,1,Zimbabwe,6,0,6.0,6,6,0,0,6
760791,1,2,Zimbabwe,7,0,3.5,7,1,0,0,7
760791,1,3,Zimbabwe,12,0,4.0,12,5,0,0,12
760791,1,4,Zimbabwe,17,0,4.25,17,5,0,0,17
760791,1,5,Zimbabwe,19,0,3.8,19,2,0,0,19
760791,1,6,Zimbabwe,24,0,4.0,24,5,0,0,18
760791,1,7,Zimbabwe,27,0,3.857142857,27,3,0,0,20
760791,1,8,Zimbabwe,32,0,4.0,32,5,0,0,20
760791,1,9,Zimbabwe,35,0,3.888888889,35,3,0,0,18
760791,1,10,Zimbabwe,40,0,3.966101695,39,5,0,0,21
760791,1,11,Zimbabwe,46,0,3.9375,42,8,0,0,24
760791,1,12,Zimbabwe,49,0,3.75,45,1,0,0,22
760791,1,13,Zimbabwe,51,0,3.584415584,46,2,0,0,19
760791,1,14,Zimbabwe,59,0,3.857142857,54,8,0,0,24
760791,1,15,Zimbabwe,68,0,4.2,63,9,0,0,28
760791,1,16,Zimbabwe,75,0,4.375,70,7,0,0,27
760791,1,17,Zimbabwe,84,0,4.647058824,79,9,0,0,35
760791,1,18,Zimbabwe,86,0,4.5,81,2,0,0,35
760791,1,19,Zimbabwe,92,0,4.578947368,87,6,0,0,33
760791,1,20,Zimbabwe,94,0,4.45,89,2,0,0,26
760791,1,21,Zimbabwe,101,0,4.571428571,96,7,0,0,26
760791,1,22,Zimbabwe,105,0,4.545454545,100,4,0,0,21
760791,1,23,Zimbabwe,109,0,4.52173913,104,4,0,0,23
760791,1,24,Zimbabwe,113,0,4.5,108,4,0,0,21
760791,1,25,Zimbabwe,116,0,4.44,111,3,0,0,22
760791,1,26,Zimbabwe,121,1,4.461538462,0,5,1,0,20
760791,1,27,Zimbabwe,125,1,4.444444444,4,4,0,0,20
760791,1,28,Zimbabwe,128,1,4.392857143,7,3,0,0,19
760791,1,29,Zimbabwe,131,1,4.344827586,10,3,0,0,18
760791,1,30,Zimbabwe,137,1,4.4,16,6,0,0,21
760791,1,31,Zimbabwe,142,1,4.419354839,21,5,0,0,21
760791,1,32,Zimbabwe,146,1,4.40625,25,4,0,0,21
760791,1,33,Zimbabwe,154,1,4.515151515,33,8,0,0,26
760791,1,34,Zimbabwe,161,2,4.588235294,1,7,1,0,30
760791,1,35,Zimbabwe,167,2,4.628571429,7,6,0,0,30
760791,1,36,Zimbabwe,168,3,4.527777778,1,1,1,0,26
760791,1,37,Zimbabwe,174,3,4.567567568,7,6,0,0,28
760791,1,38,Zimbabwe,178,3,4.552631579,11,4,0,0,24
760791,1,39,Zimbabwe,186,3,4.641025641,19,8,0,0,25
760791,1,40,Zimbabwe,194,3,4.725,27,8,0,0,27
760791,1,41,Zimbabwe,205,3,4.87804878,38,11,0,0,37
760791,1,42,Zimbabwe,219,3,5.064,49,16,0,0,47
760791,1,43,Zimbabwe,239,3,5.372093023,69,18,0,0,61
760791,1,44,Zimbabwe,244,5,5.363636364,0,5,2,0,58
760791,1,45,Zimbabwe,253,5,5.444444444,9,9,0,0,59
760791,1,46,Zimbabwe,260,5,5.454545455,14,8,0,0,56
760791,1,47,Zimbabwe,270,5,5.531914894,24,9,0,0,49
760791,1,48,Zimbabwe,281,5,5.645833333,35,11,0,0,42
760791,1,49,Zimbabwe,290,6,5.714285714,0,9,1,0,46
760791,1,50,Zimbabwe,297,6,5.74,7,7,0,0,44
760795,2,1,Zimbabwe,2,0,1.2,1,2,0,0,2
760795,2,2,Zimbabwe,9,0,3.6,6,7,0,0,9
760795,2,3,Zimbabwe,14,0,3.529411765,10,5,0,0,14
760795,2,4,Zimbabwe,18,0,3.5,14,4,0,0,18
760795,2,5,Zimbabwe,27,1,4.6,9,9,1,0,27
760795,2,6,Zimbabwe,28,2,4.0,0,1,1,0,26
760795,2,7,Zimbabwe,33,2,4.142857143,5,5,0,0,24
760795,2,8,Zimbabwe,39,2,4.375,11,6,0,0,25
760795,2,9,Zimbabwe,44,2,4.444444444,16,5,0,0,26
760795,2,10,Zimbabwe,47,3,4.3,0,3,1,1,20
760795,2,11,Zimbabwe,52,3,4.363636364,5,5,0,1,24
760795,2,12,Zimbabwe,57,3,4.371428571,8,5,0,1,24
760795,2,13,Zimbabwe,58,4,4.0,0,1,1,1,19
760795,2,14,Zimbabwe,69,4,4.481927711,10,11,0,1,25
760795,2,15,Zimbabwe,73,4,4.4,14,4,0,1,26
760795,2,16,Zimbabwe,81,4,4.625,22,8,0,1,29
760795,2,17,Zimbabwe,88,4,4.74,27,7,0,0,31
760795,2,18,Zimbabwe,93,4,4.666666667,32,5,0,0,35
760795,2,19,Zimbabwe,94,5,4.460176991,0,1,1,0,25
760795,2,20,Zimbabwe,95,5,4.25,1,1,0,0,22
760795,2,21,Zimbabwe,97,5,4.142857143,3,2,0,0,16
760795,2,22,Zimbabwe,104,5,4.272727273,10,7,0,0,16
760795,2,23,Zimbabwe,112,5,4.434782609,18,8,0,0,19
760795,2,24,Zimbabwe,120,5,4.583333333,26,8,0,0,26
760795,2,25,Zimbabwe,130,5,4.857142857,35,10,0,0,35
817211,2,1,South Africa,2,0,2.0,2,2,0,0,2
817211,2,2,South Africa,5,0,2.181818182,4,3,0,0,5
817211,2,3,South Africa,9,0,2.666666667,8,4,0,0,9
817211,2,4,South Africa,18,0,4.090909091,15,9,0,0,18
817211,2,5,South Africa,26,0,4.6,23,8,0,0,26
817211,2,6,South Africa,33,0,5.0,30,7,0,0,31
817211,2,7,South Africa,41,0,5.428571429,38,8,0,0,36
817211,2,8,South Africa,55,0,6.5,52,14,0,0,46
817211,2,9,South Africa,60,0,6.333333333,57,5,0,0,42
817211,2,10,South Africa,62,0,5.898305085,58,3,0,0,37
817211,2,11,South Africa,65,0,5.538461538,60,5,0,0,35
817211,2,12,South Africa,74,0,5.75,69,6,0,0,33
817211,2,13,South Africa,76,0,5.454545455,70,4,0,0,23
817211,2,14,South Africa,81,0,5.357142857,75,3,0,0,21
817211,2,15,South Africa,96,0,6.0,90,15,0,0,33
817211,2,16,South Africa,104,0,6.126315789,97,8,0,0,36
817211,2,17,South Africa,110,0,6.058823529,103,6,0,0,36
817211,2,18,South Africa,119,0,6.222222222,112,9,0,0,41
817211,2,19,South Africa,126,0,6.263157895,119,7,0,0,45
817211,2,20,South Africa,131,0,6.2,124,5,0,0,35
817211,2,21,South Africa,134,0,6.047619048,127,3,0,0,30
817211,2,22,South Africa,139,0,6.0,132,5,0,0,29
817211,2,23,South Africa,150,0,6.217391304,143,11,0,0,31
817211,2,24,South Africa,154,0,6.125,147,4,0,0,28
817211,2,25,South Africa,154,1,5.88,0,0,1,0,23
817211,2,26,South Africa,161,1,5.922580645,6,12,0,0,32
817211,2,27,South Africa,170,1,6.152866242,14,4,0,0,31
858487,2,1,Pakistan,1,0,0.0,0,5,0,0,5
858487,2,2,Pakistan,10,0,4.5,9,5,0,0,10
858487,2,3,Pakistan,22,1,7.0,0,12,1,0,22
858487,2,4,Pakistan,30,1,7.25,8,8,0,0,30
858487,2,5,Pakistan,38,1,7.4,16,8,0,0,38
858487,2,6,Pakistan,51,1,8.333333333,29,13,0,0,46
858487,2,7,Pakistan,54,1,7.609756098,31,3,0,0,44
858487,2,8,Pakistan,56,1,6.75,33,2,0,0,34
858487,2,9,Pakistan,70,1,7.555555556,47,14,0,0,40
858487,2,10,Pakistan,83,1,8.1,60,13,0,0,45
858487,2,11,Pakistan,87,1,7.727272727,64,4,0,0,36
858487,2,12,Pakistan,90,1,7.371428571,65,5,0,0,38
858487,2,13,Pakistan,95,1,7.012987013,69,3,0,0,39
858487,2,14,Pakistan,100,1,6.785714286,74,5,0,0,30
858487,2,15,Pakistan,100,2,6.333333333,0,0,1,0,17
858487,2,16,Pakistan,102,2,6.063157895,1,2,0,0,15
858487,2,17,Pakistan,107,2,5.941176471,6,5,0,0,15
858487,2,18,Pakistan,112,2,5.887850467,10,6,0,0,18
858487,2,19,Pakistan,122,2,6.052631579,20,9,0,0,22
858487,2,20,Pakistan,127,2,6.0,25,5,0,0,27
858487,2,21,Pakistan,131,2,5.904761905,29,4,0,0,29
858487,2,22,Pakistan,145,2,6.27480916,42,14,0,0,38
858487,2,23,Pakistan,147,2,6.043478261,44,2,0,0,34
858487,2,24,Pakistan,149,2,5.875,46,2,0,0,27
858487,2,25,Pakistan,162,2,6.0,54,14,0,0,36
858487,2,26,Pakistan,165,2,5.84516129,56,3,0,0,35
858487,2,27,Pakistan,170,2,5.777777778,61,4,0,0,25
858487,2,28,Pakistan,175,2,5.75,66,5,0,0,28
858487,2,29,Pakistan,181,2,5.75862069,72,6,0,0,32
858487,2,30,Pakistan,183,2,5.633333333,74,2,0,0,20
858487,2,31,Pakistan,186,2,5.548387097,77,3,0,0,20
858487,2,32,Pakistan,192,2,5.5625,83,6,0,0,22
858487,2,33,Pakistan,197,2,5.545454545,88,5,0,0,22
858487,2,34,Pakistan,200,2,5.467980296,90,3,0,0,19
858487,2,35,Pakistan,210,2,5.571428571,100,10,0,0,27
858487,2,36,Pakistan,218,2,5.638888889,108,8,0,0,32
858487,2,37,Pakistan,224,3,5.648648649,6,6,1,0,32
858487,2,38,Pakistan,238,3,5.86784141,19,15,0,0,42
858487,2,39,Pakistan,240,3,5.868995633,21,1,0,0,40
870731,1,1,India,5,0,5.0,5,5,0,0,5
870731,1,2,India,8,0,4.0,8,3,0,0,8
870731,1,3,India,14,0,4.588235294,13,6,0,0,14
870731,1,4,India,21,0,5.0,20,7,0,0,21
870731,1,5,India,26,0,4.965517241,24,6,0,0,27
870731,1,6,India,45,0,7.166666667,43,18,0,0,40
870731,1,7,India,55,0,7.571428571,53,10,0,0,47
870731,1,8,India,65,0,7.914893617,62,11,0,0,52
870731,1,9,India,76,0,8.111111111,73,10,0,0,55
870731,1,10,India,79,0,7.6,76,3,0,0,52
870731,1,11,India,81,0,7.090909091,78,2,0,0,36
870731,1,12,India,93,0,7.5,90,12,0,0,38
870731,1,13,India,97,0,7.230769231,94,4,0,0,31
870731,1,14,India,105,1,7.285714286,3,8,1,0,29
870731,1,15,India,108,1,7.0,6,3,0,0,29
870731,1,16,India,119,1,7.010526316,12,12,0,0,39
870731,1,17,India,121,1,6.647058824,14,1,0,0,28
870731,1,18,India,126,2,6.555555556,3,5,1,0,29
870731,1,19,India,127,2,6.263157895,4,1,0,0,22
870731,1,20,India,129,3,6.05,0,2,1,1,21
870731,1,21,India,133,3,5.952380952,4,4,0,1,13
870731,1,22,India,135,3,5.772727273,6,2,0,1,14
870731,1,23,India,145,3,5.956521739,16,10,0,1,19
870731,1,24,India,147,4,5.791666667,1,2,1,1,20
870731,1,25,India,149,4,5.64,3,2,0,1,20
870731,1,26,India,151,4,5.5,5,2,0,1,18
870731,1,27,India,159,4,5.592592593,13,8,0,1,24
870731,1,28,India,162,4,5.5,16,3,0,1,17
870731,1,29,India,168,4,5.517241379,22,6,0,1,21
870731,1,30,India,175,4,5.566666667,29,7,0,1,26
870731,1,31,India,182,4,5.610810811,35,8,0,1,32
870731,1,32,India,189,4,5.625,42,6,0,0,30
870731,1,33,India,192,4,5.545454545,45,3,0,0,30
870731,1,34,India,197,4,5.467980296,47,6,0,0,30
870731,1,35,India,213,4,5.742857143,63,15,0,0,38
870731,1,36,India,215,4,5.638888889,65,2,0,0,32
870731,1,37,India,225,4,5.755656109,74,11,0,0,37
870731,1,38,India,230,5,5.710526316,1,4,1,0,38
870731,1,39,India,232,5,5.615384615,3,2,0,0,34
870731,1,40,India,245,5,5.8,16,13,0,0,32
870731,1,41,India,250,5,5.780487805,21,5,0,0,35
870731,1,42,India,257,5,5.80952381,28,7,0,0,31
870731,1,43,India,264,5,5.813229572,33,7,0,0,34
870731,1,44,India,267,6,5.727272727,0,3,1,0,35
870731,1,45,India,273,6,5.733333333,6,6,0,0,28
870731,1,46,India,282,7,5.804347826,0,9,1,0,32
870731,1,47,India,286,8,5.765957447,0,4,1,1,29
870731,1,48,India,294,8,5.8125,8,8,0,1,30
870731,1,49,India,299,9,5.795918367,1,5,1,1,32
870731,1,50,India,307,10,5.879194631,0,8,1,1,34
870733,2,1,India,4,0,2.4,2,6,0,0,6
870733,2,2,India,12,0,4.909090909,9,10,0,0,16
870733,2,3,India,24,0,7.0,21,8,0,0,24
870733,2,4,India,27,0,6.0,24,3,0,0,27
870733,2,5,India,33,0,6.0,30,6,0,0,33
870733,2,6,India,34,0,5.166666667,31,1,0,0,28
870733,2,7,India,35,1,4.571428571,1,1,1,0,19
870733,2,8,India,39,1,4.5,5,4,0,0,15
870733,2,9,India,41,1,4.222222222,7,2,0,0,14
870733,2,10,India,48,1,4.474576271,13,8,0,0,16
870733,2,11,India,50,1,4.181818182,15,1,0,0,16
870733,2,12,India,57,1,4.416666667,22,7,0,0,22
870733,2,13,India,60,1,4.307692308,25,3,0,0,21
870733,2,14,India,65,1,4.357142857,30,5,0,0,24
870733,2,15,India,71,1,4.466666667,36,6,0,0,22
870733,2,16,India,86,1,5.125,51,15,0,0,36
870733,2,17,India,86,2,4.823529412,0,0,1,0,29
870733,2,18,India,91,2,4.833333333,5,5,0,0,31
870733,2,19,India,98,2,4.947368421,12,7,0,0,33
870733,2,20,India,99,3,4.75,1,1,1,0,28
870733,2,21,India,106,3,4.857142857,8,7,0,0,20
870733,2,22,India,109,3,4.772727273,11,3,0,0,23
870733,2,23,India,112,3,4.695652174,14,3,0,0,21
870733,2,24,India,115,3,4.625,17,3,0,0,17
870733,2,25,India,117,3,4.510067114,18,2,0,0,18
870733,2,26,India,133,3,4.923076923,34,16,0,0,27
870733,2,27,India,141,3,5.037037037,42,8,0,0,32
870733,2,28,India,145,3,4.994011976,45,4,0,0,33
870733,2,29,India,151,3,5.0,51,6,0,0,36
870733,2,30,India,154,4,4.933333333,2,3,1,0,37
870733,2,31,India,162,4,5.027027027,9,9,0,0,30
870733,2,32,India,168,4,5.03125,15,5,0,0,27
870733,2,33,India,171,4,4.964467005,17,3,0,0,26
870733,2,34,India,174,4,4.882352941,20,3,0,0,23
870733,2,35,India,181,4,4.942857143,27,7,0,0,27
870733,2,36,India,182,4,4.833333333,28,1,0,0,19
870733,2,37,India,193,4,4.995475113,38,12,0,0,26
870733,2,38,India,200,4,5.026315789,45,6,0,0,29
870735,2,1,India,2,0,2.0,2,2,0,0,2
870735,2,2,India,8,0,3.818181818,7,6,1,0,8
870735,2,3,India,18,1,5.666666667,10,10,0,0,18
870735,2,4,India,20,1,4.695652174,11,3,0,0,21
870735,2,5,India,32,1,6.0,22,13,0,0,34
870735,2,6,India,42,1,6.166666667,30,8,0,0,40
870735,2,7,India,55,1,6.585365854,38,14,0,0,48
870735,2,8,India,59,1,6.125,42,3,0,0,41
870735,2,9,India,61,1,5.666666667,44,2,0,0,40
870735,2,10,India,65,2,5.5,3,4,1,0,31
870735,2,11,India,72,2,5.636363636,10,7,0,0,30
870735,2,12,India,76,2,5.5,14,4,0,0,20
870735,2,13,India,85,2,5.769230769,23,9,0,0,26
870735,2,14,India,92,2,5.857142857,30,7,0,0,31
870735,2,15,India,96,2,5.733333333,34,4,0,0,31
870735,2,16,India,103,2,5.8125,41,7,0,0,31
870735,2,17,India,108,2,5.764705882,46,5,0,0,32
870735,2,18,India,110,2,5.555555556,48,2,0,0,25
870735,2,19,India,112,3,5.368421053,0,2,1,0,20
870735,2,20,India,113,3,5.15,1,1,0,0,17
870735,2,21,India,115,3,5.0,3,2,0,0,12
870735,2,22,India,118,4,4.909090909,0,3,1,0,10
870735,2,23,India,121,4,4.826086957,3,3,0,0,11
870735,2,24,India,129,4,4.958333333,11,8,0,0,17
870735,2,25,India,136,4,5.04,18,7,0,0,23
870735,2,26,India,145,4,5.192307692,27,9,0,0,30
870735,2,27,India,154,5,5.333333333,6,9,1,1,36
870735,2,28,India,161,5,5.392857143,13,7,0,1,40
870735,2,29,India,169,5,5.482758621,21,8,0,1,40
870735,2,30,India,176,5,5.533333333,28,7,0,1,40
870735,2,31,India,179,5,5.451612903,31,3,0,0,34
870735,2,32,India,186,5,5.497382199,37,9,0,0,34
870735,2,33,India,197,6,5.636363636,0,9,1,0,36
870735,2,34,India,198,6,5.5,1,1,0,0,29
870735,2,35,India,202,6,5.454545455,4,4,0,0,26
870735,2,36,India,207,7,5.416666667,2,5,1,0,28
870735,2,37,India,210,7,5.351351351,5,3,0,0,22
870735,2,38,India,213,7,5.289473684,8,3,0,0,16
870735,2,39,India,216,7,5.230769231,11,3,0,0,18
870735,2,40,India,216,8,5.1,0,0,1,1,14
870735,2,41,India,220,8,5.069387755,3,5,0,1,14
870735,2,42,India,222,8,4.976190476,5,1,0,1,12
870735,2,43,India,222,8,4.860465116,5,0,0,1,9
870735,2,44,India,224,9,4.795454545,2,2,1,1,8
870735,2,45,India,229,9,4.795539033,6,6,0,1,14
870735,2,46,India,240,9,4.913043478,17,10,0,1,19
870735,2,47,India,240,10,4.808510638,0,0,1,1,18
931390,1,1,Zimbabwe,1,0,1.0,1,1,0,0,1
931390,1,2,Zimbabwe,2,1,1.0,0,1,1,0,2
931390,1,3,Zimbabwe,4,1,1.333333333,2,2,0,0,4
931390,1,4,Zimbabwe,15,1,3.75,13,11,0,0,15
931390,1,5,Zimbabwe,19,1,3.8,17,4,0,0,19
931390,1,6,Zimbabwe,25,1,4.166666667,23,6,0,0,24
931390,1,7,Zimbabwe,26,1,3.714285714,24,1,0,0,24
931390,1,8,Zimbabwe,30,1,3.70212766,27,4,0,0,26
931390,1,9,Zimbabwe,31,2,3.333333333,1,1,1,0,16
931390,1,10,Zimbabwe,39,2,3.8,9,8,0,0,20
931390,1,11,Zimbabwe,41,2,3.636363636,11,2,0,0,16
931390,1,12,Zimbabwe,46,2,3.75,16,5,0,0,20
931390,1,13,Zimbabwe,47,2,3.538461538,17,1,0,0,17
931390,1,14,Zimbabwe,52,2,3.642857143,22,5,0,0,21
931390,1,15,Zimbabwe,53,2,3.466666667,23,1,0,0,14
931390,1,16,Zimbabwe,59,2,3.625,29,6,0,0,18
931390,1,17,Zimbabwe,62,2,3.588235294,32,3,0,0,16
931390,1,18,Zimbabwe,70,2,3.566037736,34,10,0,0,25
931390,1,19,Zimbabwe,76,2,3.631578947,40,4,0,0,24
931390,1,20,Zimbabwe,84,2,3.85,48,8,0,0,31
931390,1,21,Zimbabwe,85,2,3.714285714,49,1,0,0,26
931390,1,22,Zimbabwe,94,2,3.954545455,58,9,0,0,32
931390,1,23,Zimbabwe,99,2,4.0,63,5,0,0,27
931390,1,24,Zimbabwe,102,3,3.958333333,2,3,1,0,26
931390,1,25,Zimbabwe,105,3,3.92,5,3,0,0,21
931390,1,26,Zimbabwe,112,3,4.038461538,12,7,0,0,27
931390,1,27,Zimbabwe,119,3,4.148148148,19,7,0,0,25
931390,1,28,Zimbabwe,123,4,4.142857143,0,4,1,0,24
931390,1,29,Zimbabwe,126,4,4.103448276,3,3,0,0,24
931390,1,30,Zimbabwe,131,4,4.133333333,8,5,0,0,26
931390,1,31,Zimbabwe,136,4,4.108695652,10,5,0,0,24
931390,1,32,Zimbabwe,140,4,4.0625,14,4,0,0,21
931390,1,33,Zimbabwe,141,4,3.96969697,15,1,0,0,18
931390,1,34,Zimbabwe,156,4,4.294117647,30,15,0,0,30
931390,1,35,Zimbabwe,160,4,4.285714286,34,4,0,0,29
931390,1,36,Zimbabwe,163,4,4.25,37,3,0,0,27
931390,1,37,Zimbabwe,170,4,4.324324324,44,7,0,0,30
931390,1,38,Zimbabwe,175,4,4.342105263,49,5,0,0,34
931390,1,39,Zimbabwe,181,4,4.384615385,55,6,0,0,25
931390,1,40,Zimbabwe,193,4,4.569037657,66,13,0,0,34
931390,1,41,Zimbabwe,200,4,4.609756098,73,6,0,0,37
931390,1,42,Zimbabwe,206,4,4.642857143,79,6,0,0,36
931390,1,43,Zimbabwe,211,4,4.651162791,84,5,0,0,36
931390,1,44,Zimbabwe,216,4,4.653992395,88,5,0,0,35
931390,1,45,Zimbabwe,230,4,4.844444444,102,14,0,0,36
931390,1,46,Zimbabwe,235,4,4.847826087,107,5,0,0,35
931390,1,47,Zimbabwe,242,5,4.889679715,0,7,1,0,36
931390,1,48,Zimbabwe,245,7,4.833333333,2,3,2,1,34
931390,1,49,Zimbabwe,254,7,4.918367347,11,9,0,1,38
931390,1,50,Zimbabwe,273,9,5.2,0,19,2,1,43
931392,1,1,Zimbabwe,1,0,1.0,1,1,0,0,1
931392,1,2,Zimbabwe,4,0,2.0,4,3,0,0,4
931392,1,3,Zimbabwe,6,0,2.0,6,2,0,0,6
931392,1,4,Zimbabwe,15,0,3.75,15,9,0,0,15
931392,1,5,Zimbabwe,21,0,4.2,21,6,0,0,21
931392,1,6,Zimbabwe,30,0,5.0,30,9,0,0,29
931392,1,7,Zimbabwe,32,1,4.571428571,0,2,1,0,28
931392,1,8,Zimbabwe,33,1,4.125,1,1,0,0,27
931392,1,9,Zimbabwe,39,1,4.333333333,7,6,0,0,24
931392,1,10,Zimbabwe,46,1,4.6,14,7,0,0,25
931392,1,11,Zimbabwe,47,2,4.246153846,0,1,1,0,17
931392,1,12,Zimbabwe,52,2,4.25,5,5,0,0,20
931392,1,13,Zimbabwe,59,2,4.461538462,12,7,0,0,26
931392,1,14,Zimbabwe,63,2,4.428571429,16,4,0,0,24
931392,1,15,Zimbabwe,64,2,4.179775281,16,1,0,0,18
931392,1,16,Zimbabwe,66,2,4.0,18,2,0,0,19
931392,1,17,Zimbabwe,78,2,4.470588235,30,12,0,0,26
931392,1,18,Zimbabwe,79,3,4.277777778,0,1,1,0,20
931392,1,19,Zimbabwe,83,3,4.247787611,3,4,0,0,20
931392,1,20,Zimbabwe,94,3,4.55,14,11,0,0,30
931392,1,21,Zimbabwe,97,3,4.476190476,17,3,0,0,31
931392,1,22,Zimbabwe,103,3,4.545454545,23,6,0,0,25
931392,1,23,Zimbabwe,109,3,4.608695652,29,6,0,0,30
931392,1,24,Zimbabwe,114,3,4.625,34,5,0,0,31
931392,1,25,Zimbabwe,116,3,4.510067114,35,4,0,0,24
931392,1,26,Zimbabwe,119,3,4.423076923,38,1,0,0,22
931392,1,27,Zimbabwe,125,3,4.481481481,44,6,0,0,22
931392,1,28,Zimbabwe,128,4,4.428571429,1,3,1,0,19
931392,1,29,Zimbabwe,133,4,4.448275862,6,5,0,0,19
931392,1,30,Zimbabwe,138,4,4.466666667,11,5,0,0,20
931392,1,31,Zimbabwe,144,4,4.516129032,17,6,0,0,25
931392,1,32,Zimbabwe,153,5,4.65625,2,9,1,0,28
931392,1,33,Zimbabwe,158,5,4.666666667,7,5,0,0,30
931392,1,34,Zimbabwe,162,5,4.647058824,11,4,0,0,29
931392,1,35,Zimbabwe,164,5,4.571428571,13,2,0,0,26
931392,1,36,Zimbabwe,167,5,4.527777778,16,3,0,0,23
931392,1,37,Zimbabwe,173,5,4.561085973,21,7,0,0,21
931392,1,38,Zimbabwe,180,5,4.599118943,27,6,0,0,22
931392,1,39,Zimbabwe,184,5,4.557939914,30,4,0,0,22
931392,1,40,Zimbabwe,188,5,4.525,34,4,0,0,24
931392,1,41,Zimbabwe,193,5,4.536585366,39,5,0,0,26
931392,1,42,Zimbabwe,199,6,4.571428571,6,6,1,0,25
931392,1,43,Zimbabwe,202,6,4.534883721,9,3,0,0,22
931392,1,44,Zimbabwe,205,6,4.5,12,3,0,0,21
931392,1,45,Zimbabwe,214,6,4.572490706,19,10,0,0,27
931392,1,46,Zimbabwe,227,6,4.739130435,32,12,0,0,34
931392,1,47,Zimbabwe,231,7,4.723404255,0,4,1,0,32
931392,1,48,Zimbabwe,234,8,4.6875,0,3,1,0,32
931392,1,49,Zimbabwe,236,9,4.632653061,0,2,1,1,31
931392,1,50,Zimbabwe,241,9,4.64,5,5,0,1,26
1019975,2,1,New Zealand,1,0,0.0,0,2,0,0,2
1019975,2,2,New Zealand,14,0,6.5,13,12,0,0,14
1019975,2,3,New Zealand,18,0,5.666666667,17,4,0,0,18
1019975,2,4,New Zealand,20,0,4.75,19,2,0,0,20
1019975,2,5,New Zealand,23,0,4.4,22,3,0,0,23
1019975,2,6,New Zealand,24,0,3.833333333,23,1,0,0,22
1019975,2,7,New Zealand,30,0,4.142857143,29,6,0,0,16
1019975,2,8,New Zealand,30,1,3.625,0,0,1,0,12
1019975,2,9,New Zealand,31,1,3.333333333,1,1,0,0,11
1019975,2,10,New Zealand,32,1,3.1,2,1,0,0,9
1019975,2,11,New Zealand,37,1,3.272727273,7,5,0,0,13
1019975,2,12,New Zealand,44,1,3.583333333,14,7,0,0,14
1019975,2,13,New Zealand,51,1,3.846153846,21,7,0,0,21
1019975,2,14,New Zealand,58,1,4.071428571,28,7,0,0,27
1019975,2,15,New Zealand,59,1,3.866666667,29,1,0,0,27
1019975,2,16,New Zealand,68,1,4.14893617,36,10,0,0,32
1019975,2,17,New Zealand,71,1,4.0,39,2,0,0,27
1019975,2,18,New Zealand,77,1,4.093457944,44,6,0,0,26
1019975,2,19,New Zealand,80,1,4.0,47,3,0,0,22
1019975,2,20,New Zealand,84,1,3.983193277,50,5,0,0,26
1019975,2,21,New Zealand,93,1,4.19047619,59,8,0,0,24
1019975,2,22,New Zealand,101,1,4.363636364,67,8,0,0,30
1019975,2,23,New Zealand,105,1,4.335766423,70,4,1,0,28
1019975,2,24,New Zealand,106,2,4.166666667,1,1,0,0,26
1019975,2,25,New Zealand,111,2,4.2,6,5,0,0,26
1019975,2,26,New Zealand,113,3,4.115384615,1,2,1,0,20
1019975,2,27,New Zealand,117,3,4.111111111,5,4,0,0,16
1019975,2,28,New Zealand,126,3,4.285714286,14,9,0,0,21
1019975,2,29,New Zealand,129,4,4.231213873,1,3,1,1,23
1019975,2,30,New Zealand,131,4,4.133333333,3,2,0,1,20
1019975,2,31,New Zealand,136,5,4.161290323,2,5,1,1,23
1019975,2,32,New Zealand,138,6,4.083769634,1,2,1,1,21
1019975,2,33,New Zealand,141,7,4.03030303,0,3,1,1,15
1019975,2,34,New Zealand,143,7,3.970588235,2,2,0,1,14
1019975,2,35,New Zealand,150,7,4.057142857,9,7,0,1,19
1019975,2,36,New Zealand,155,7,4.074418605,13,11,0,1,25
1019975,2,37,New Zealand,163,8,4.162162162,1,2,1,1,25
1019975,2,38,New Zealand,174,8,4.342105263,12,11,0,1,33
1019975,2,39,New Zealand,175,8,4.248927039,12,1,0,1,32
1019975,2,40,New Zealand,175,9,4.125,0,0,1,1,25
1019975,2,41,New Zealand,178,9,4.097560976,3,3,0,1,17
1019975,2,42,New Zealand,179,9,4.023809524,4,1,0,1,16
1019975,2,43,New Zealand,184,10,4.0546875,0,5,1,1,10
1019977,1,1,New Zealand,4,0,4.0,4,4,0,0,4
1019977,1,2,New Zealand,6,0,3.0,6,2,0,0,6
1019977,1,3,New Zealand,14,0,4.666666667,14,8,0,0,14
1019977,1,4,New Zealand,15,0,3.75,15,1,0,0,15
1019977,1,5,New Zealand,17,0,3.310344828,16,2,0,0,17
1019977,1,6,New Zealand,23,0,3.666666667,22,6,0,0,19
1019977,1,7,New Zealand,32,0,4.428571429,31,9,0,0,26
1019977,1,8,New Zealand,38,0,4.625,37,6,0,0,24
1019977,1,9,New Zealand,38,0,4.111111111,37,0,0,0,23
1019977,1,10,New Zealand,44,0,4.271186441,42,6,0,0,27
1019977,1,11,New Zealand,49,0,4.272727273,47,5,0,0,26
1019977,1,12,New Zealand,53,0,4.225352113,50,5,0,0,22
1019977,1,13,New Zealand,66,0,4.846153846,63,12,0,0,28
1019977,1,14,New Zealand,70,0,4.785714286,67,4,0,0,32
1019977,1,15,New Zealand,75,0,4.8,72,5,0,0,31
1019977,1,16,New Zealand,77,0,4.610526316,73,3,0,0,29
1019977,1,17,New Zealand,81,0,4.529411765,77,3,0,0,27
1019977,1,18,New Zealand,85,0,4.5,81,4,0,0,19
1019977,1,19,New Zealand,92,0,4.631578947,88,7,0,0,22
1019977,1,20,New Zealand,96,0,4.6,92,4,0,0,21
1019977,1,21,New Zealand,101,0,4.619047619,97,5,0,0,23
1019977,1,22,New Zealand,105,1,4.590909091,3,4,1,0,24
1019977,1,23,New Zealand,114,1,4.773722628,11,9,0,0,29
1019977,1,24,New Zealand,117,1,4.666666667,14,3,0,0,25
1019977,1,25,New Zealand,127,2,4.872483221,0,10,1,0,31
1019977,1,26,New Zealand,131,2,4.807692308,4,4,0,0,30
1019977,1,27,New Zealand,133,3,4.703703704,0,2,1,1,28
1019977,1,28,New Zealand,136,3,4.642857143,3,3,0,1,22
1019977,1,29,New Zealand,139,3,4.578034682,5,3,0,1,22
1019977,1,30,New Zealand,141,3,4.466666667,7,2,0,1,14
1019977,1,31,New Zealand,144,4,4.419354839,3,3,1,1,13
1019977,1,32,New Zealand,147,4,4.375,6,3,0,1,14
1019977,1,33,New Zealand,154,4,4.446700508,12,8,0,1,19
1019977,1,34,New Zealand,157,4,4.382352941,15,2,0,1,18
1019977,1,35,New Zealand,161,4,4.371428571,19,4,0,1,20
1019977,1,36,New Zealand,168,4,4.444444444,26,7,0,1,24
1019977,1,37,New Zealand,171,6,4.405405405,1,3,2,1,24
1019977,1,38,New Zealand,171,6,4.289473684,1,0,0,1,16
1019977,1,39,New Zealand,177,6,4.333333333,7,6,0,1,20
1019977,1,40,New Zealand,179,7,4.275,0,2,1,1,18
1019977,1,41,New Zealand,182,7,4.243902439,3,3,0,1,14
1019977,1,42,New Zealand,187,7,4.261904762,8,5,0,1,16
1019977,1,43,New Zealand,193,7,4.302325581,14,6,0,1,22
1019977,1,44,New Zealand,203,7,4.431818182,24,10,0,1,26
1019977,1,45,New Zealand,206,7,4.4,27,3,0,1,27
1019977,1,46,New Zealand,211,7,4.413043478,32,5,0,1,29
1019977,1,47,New Zealand,214,8,4.382978723,2,3,1,1,27
1019977,1,48,New Zealand,217,8,4.348432056,4,5,0,1,26
1019977,1,49,New Zealand,225,8,4.408163265,12,6,0,1,22
1019977,1,50,New Zealand,236,9,4.54,1,11,1,1,30
1022347,1,1,England,0,0,0.0,0,0,0,0,0
1022347,1,2,England,2,0,0.545454545,1,2,0,0,2
1022347,1,3,England,6,0,1.666666667,5,4,0,0,6
1022347,1,4,England,6,0,1.25,5,0,0,0,6
1022347,1,5,England,14,0,2.6,13,8,0,0,14
1022347,1,6,England,20,0,3.166666667,19,6,0,0,20
1022347,1,7,England,20,0,2.714285714,19,0,0,0,18
1022347,1,8,England,25,0,3.0,24,5,0,0,19
1022347,1,9,England,30,0,3.222222222,29,5,0,0,24
1022347,1,10,England,36,0,3.5,35,6,0,0,22
1022347,1,11,England,52,0,4.636363636,51,16,0,0,32
1022347,1,12,England,56,0,4.563380282,54,4,1,0,36
1022347,1,13,England,57,1,4.230769231,1,1,0,0,32
1022347,1,14,England,68,1,4.714285714,12,11,0,0,38
1022347,1,15,England,78,1,5.066666667,22,10,0,0,42
1022347,1,16,England,82,1,5.0,26,4,0,0,30
1022347,1,17,England,85,1,4.871287129,28,4,0,0,30
1022347,1,18,England,93,1,5.0,36,7,0,0,36
1022347,1,19,England,95,1,4.842105263,38,2,0,0,27
1022347,1,20,England,97,2,4.7,2,2,1,0,19
1022347,1,21,England,97,2,4.476190476,2,0,0,0,15
1022347,1,22,England,108,2,4.772727273,13,11,0,0,22
1022347,1,23,England,113,2,4.782608696,18,5,0,0,20
1022347,1,24,England,116,2,4.708333333,21,3,0,0,21
1022347,1,25,England,125,2,4.88,30,9,0,0,28
1022347,1,26,England,136,2,5.115384615,41,11,0,0,39
1022347,1,27,England,143,2,5.185185185,48,7,0,0,35
1022347,1,28,England,150,2,5.25,55,7,0,0,37
1022347,1,29,England,156,2,5.275862069,61,6,0,0,40
1022347,1,30,England,159,2,5.2,64,3,0,0,34
1022347,1,31,England,163,2,5.161290323,68,4,0,0,27
1022347,1,32,England,169,2,5.1875,74,6,0,0,26
1022347,1,33,England,172,2,5.116751269,76,5,0,0,24
1022347,1,34,England,179,2,5.117647059,82,5,0,0,23
1022347,1,35,England,184,2,5.114285714,87,5,0,0,25
1022347,1,36,England,191,2,5.166666667,94,7,0,0,28
1022347,1,37,England,199,2,5.243243243,102,8,0,0,30
1022347,1,38,England,209,2,5.368421053,112,10,0,0,35
1022347,1,39,England,214,2,5.358974359,117,5,0,0,35
1022347,1,40,England,223,2,5.445378151,124,9,0,0,39
1022347,1,41,England,231,2,5.463414634,132,8,0,0,40
1022347,1,42,England,241,2,5.571428571,142,10,0,0,42
1022347,1,43,England,247,2,5.581395349,148,6,0,0,38
1022347,1,44,England,259,2,5.727272727,160,12,0,0,45
1022347,1,45,England,262,4,5.666666667,1,3,2,0,39
1022347,1,46,England,272,4,5.760869565,11,10,0,0,41
1022347,1,47,England,278,5,5.765957447,1,6,1,1,37
1022347,1,48,England,287,5,5.833333333,10,9,0,1,40
1022347,1,49,England,300,5,5.979591837,23,13,0,1,41
1022347,1,50,England,305,6,5.96,5,5,1,1,43
1022363,2,1,New Zealand,8,1,8.0,8,8,1,0,8
1022363,2,2,New Zealand,9,1,4.5,9,1,0,0,9
1022363,2,3,New Zealand,11,2,3.529411765,0,2,1,0,11
1022363,2,4,New Zealand,12,2,2.75,1,1,0,0,12
1022363,2,5,New Zealand,12,3,2.2,0,0,1,1,12
1022363,2,6,New Zealand,13,3,1.885714286,0,2,0,1,6
1022363,2,7,New Zealand,15,3,1.857142857,2,1,0,1,6
1022363,2,8,New Zealand,17,3,1.787234043,3,3,0,1,7
1022363,2,9,New Zealand,20,3,1.888888889,6,2,0,1,8
1022363,2,10,New Zealand,24,3,2.1,10,4,0,1,12
1022363,2,11,New Zealand,28,3,2.215384615,13,4,0,1,14
1022363,2,12,New Zealand,35,4,2.583333333,2,7,1,1,20
1022363,2,13,New Zealand,44,4,3.076923077,11,9,0,1,26
1022363,2,14,New Zealand,47,4,3.071428571,14,3,0,1,27
1022363,2,15,New Zealand,53,4,3.266666667,20,6,0,1,29
1022363,2,16,New Zealand,59,4,3.4375,26,6,0,0,31
1022363,2,17,New Zealand,63,4,3.470588235,30,4,0,0,28
1022363,2,18,New Zealand,69,4,3.611111111,36,6,0,0,25
1022363,2,19,New Zealand,81,4,4.03539823,47,13,0,0,35
1022363,2,20,New Zealand,85,4,4.0,51,3,0,0,32
1022363,2,21,New Zealand,90,4,4.047619048,56,5,0,0,31
1022363,2,22,New Zealand,94,4,4.045454545,60,4,0,0,31
1022363,2,23,New Zealand,103,4,4.260869565,69,9,0,0,34
1022363,2,24,New Zealand,104,4,4.125,70,1,0,0,22
1022363,2,25,New Zealand,109,4,4.16,75,5,0,0,24
1022363,2,26,New Zealand,111,4,4.076923077,77,2,0,0,21
1022363,2,27,New Zealand,120,4,4.259259259,86,9,0,0,26
1022363,2,28,New Zealand,129,4,4.275449102,90,10,0,0,27
1022363,2,29,New Zealand,132,4,4.196531792,92,3,0,0,29
1022363,2,30,New Zealand,139,4,4.266666667,99,6,0,0,30
1022363,2,31,New Zealand,145,4,4.322580645,105,6,0,0,34
1022363,2,32,New Zealand,158,4,4.59375,118,13,0,0,38
1022363,2,33,New Zealand,160,4,4.515151515,120,2,0,0,30
1022363,2,34,New Zealand,163,4,4.470588235,123,3,0,0,30
1022363,2,35,New Zealand,168,4,4.4784689,127,6,0,0,30
1022363,2,36,New Zealand,173,4,4.472222222,132,4,0,0,28
1022363,2,37,New Zealand,182,4,4.588235294,140,10,0,0,25
1022363,2,38,New Zealand,187,4,4.578947368,145,4,0,0,27
1022363,2,39,New Zealand,190,4,4.532188841,147,3,0,0,27
1022363,2,40,New Zealand,196,4,4.55,153,6,0,0,27
1022363,2,41,New Zealand,205,4,4.658536585,162,9,0,0,32
1022363,2,42,New Zealand,214,4,4.756972112,170,10,0,0,32
1022363,2,43,New Zealand,220,4,4.7578125,174,10,0,0,38
1022363,2,44,New Zealand,232,4,4.886363636,186,7,0,0,42
1022363,2,45,New Zealand,239,4,4.92936803,192,8,0,0,44
1022363,2,46,New Zealand,249,4,5.02173913,202,9,0,0,44
1022363,2,47,New Zealand,264,5,5.234042553,7,15,1,0,49
1022363,2,48,New Zealand,268,5,5.281690141,11,4,0,0,43
1029819,2,1,England,11,0,11.0,11,11,0,0,11
1029819,2,2,England,12,0,6.0,12,1,0,0,12
1029819,2,3,England,13,0,4.333333333,13,1,0,0,13
1029819,2,4,England,19,0,4.75,19,6,0,0,19
1029819,2,5,England,19,0,3.8,19,0,0,0,19
1029819,2,6,England,25,0,4.166666667,25,6,0,0,14
1029819,2,7,England,27,0,3.804878049,26,3,0,0,16
1029819,2,8,England,42,0,5.125,41,14,0,0,29
1029819,2,9,England,45,0,4.888888889,44,3,0,0,26
1029819,2,10,England,50,1,4.9,4,5,1,0,31
1029819,2,11,England,57,1,5.090909091,11,7,0,0,32
1029819,2,12,England,61,1,5.0,15,4,0,0,33
1029819,2,13,England,71,1,5.384615385,25,10,0,0,29
1029819,2,14,England,82,2,5.785714286,0,11,1,0,37
1029819,2,15,England,87,2,5.733333333,5,5,0,0,37
1029819,2,16,England,89,2,5.5,7,2,0,0,32
1029819,2,17,England,91,2,5.294117647,9,2,0,0,30
1029819,2,18,England,99,2,5.439252336,16,9,0,0,29
1029819,2,19,England,106,2,5.469026549,22,10,0,0,28
1029819,2,20,England,114,2,5.55,30,4,0,0,27
1029819,2,21,England,123,2,5.714285714,39,9,0,0,34
1029819,2,22,England,132,2,5.863636364,48,9,0,0,41
1029819,2,23,England,134,3,5.693430657,1,3,1,0,35
1029819,2,24,England,139,3,5.625,6,4,0,0,29
1029819,2,25,England,144,3,5.6,11,5,0,0,30
1029819,2,26,England,153,3,5.730769231,20,9,0,0,30
1029819,2,27,England,160,4,5.777777778,7,7,1,0,28
1029819,2,28,England,163,4,5.678571429,10,3,0,0,28
1029819,2,29,England,170,4,5.724137931,17,7,0,0,31
1029819,2,30,England,174,4,5.666666667,21,4,0,0,30
1029819,2,31,England,184,4,5.805405405,30,14,0,0,35
1029819,2,32,England,192,4,5.84375,38,4,0,0,32
1029819,2,33,England,197,4,5.818181818,43,5,0,0,34
1029819,2,34,England,202,4,5.794117647,48,5,0,0,32
1029819,2,35,England,207,4,5.770334928,52,5,0,0,33
1029819,2,36,England,214,4,5.777777778,59,7,0,0,26
1029819,2,37,England,226,4,5.945945946,71,12,0,0,34
1029819,2,38,England,239,4,6.131578947,84,13,0,0,42
1029819,2,39,England,253,4,6.333333333,98,14,0,0,51
1029819,2,40,England,256,4,6.251046025,100,3,0,0,49
1029819,2,41,England,265,4,6.292682927,109,9,0,0,51
1029819,2,42,England,271,6,6.285714286,0,6,2,0,45
1029819,2,43,England,274,7,6.209302326,0,3,1,1,35
1029819,2,44,England,278,7,6.160305344,2,5,0,1,26
1029819,2,45,England,280,8,6.022304833,3,1,1,1,24
1029819,2,46,England,283,9,5.934782609,3,3,1,1,18
1029819,2,47,England,285,9,5.85106383,5,2,0,1,14
1029819,2,48,England,288,10,5.790940767,0,3,1,1,14
1029823,1,1,England,7,0,7.0,7,7,0,0,7
1029823,1,2,England,8,0,4.0,8,1,0,0,8
1029823,1,3,England,11,0,3.529411765,10,3,0,0,11
1029823,1,4,England,16,0,3.75,15,5,0,0,16
1029823,1,5,England,23,0,4.4,22,7,0,0,23
1029823,1,6,England,26,0,4.166666667,25,3,0,0,19
1029823,1,7,England,30,0,4.142857143,29,4,0,0,22
1029823,1,8,England,37,0,4.5,36,7,0,0,26
1029823,1,9,England,40,0,4.333333333,39,3,0,0,24
1029823,1,10,England,42,0,4.1,41,2,0,0,19
1029823,1,11,England,50,0,4.454545455,49,8,0,0,24
1029823,1,12,England,55,0,4.5,54,5,0,0,25
1029823,1,13,England,57,0,4.307692308,56,2,0,0,20
1029823,1,14,England,60,0,4.214285714,59,3,0,0,20
1029823,1,15,England,65,0,4.266666667,64,5,0,0,23
1029823,1,16,England,68,0,4.1875,67,3,0,0,18
1029823,1,17,England,71,0,4.099009901,69,7,0,0,20
1029823,1,18,England,77,0,4.166666667,75,2,0,0,20
1029823,1,19,England,80,0,4.088495575,77,3,1,0,20
1029823,1,20,England,86,1,4.15,6,6,0,0,21
1029823,1,21,England,91,1,4.19047619,11,5,0,0,23
1029823,1,22,England,101,1,4.442748092,20,14,0,0,30
1029823,1,23,England,106,2,4.434782609,0,1,1,0,29
1029823,1,24,England,116,2,4.666666667,10,10,0,0,36
1029823,1,25,England,122,3,4.72,0,6,1,0,36
1029823,1,26,England,126,3,4.692307692,4,4,0,0,35
1029823,1,27,England,134,3,4.814814815,12,8,0,0,29
1029823,1,28,England,140,3,4.843373494,16,7,0,0,35
1029823,1,29,England,145,3,4.786127168,20,5,0,0,30
1029823,1,30,England,158,3,5.033333333,33,12,0,0,36
1029823,1,31,England,165,3,5.096774194,40,7,0,0,39
1029823,1,32,England,174,3,5.21875,49,9,0,0,40
1029823,1,33,England,176,4,5.121212121,0,2,1,0,35
1029823,1,34,England,179,4,5.058823529,3,3,0,0,33
1029823,1,35,England,183,4,5.023923445,6,5,0,0,26
1029823,1,36,England,187,5,4.96744186,2,5,1,0,24
1029823,1,37,England,190,5,4.891891892,5,1,0,0,16
1029823,1,38,England,192,5,4.815789474,7,2,0,0,16
1029823,1,39,England,196,6,4.794871795,4,4,1,1,17
1029823,1,40,England,198,6,4.725,6,2,0,1,14
1029823,1,41,England,202,6,4.707317073,10,4,0,1,13
1029823,1,42,England,212,6,4.833333333,20,10,0,1,22
1029823,1,43,England,214,6,4.76744186,22,2,0,1,22
1029823,1,44,England,220,6,4.795454545,28,6,0,1,24
1029823,1,45,England,226,6,4.813432836,32,7,0,1,29
1029823,1,46,England,236,6,4.891304348,42,9,0,1,34
1029823,1,47,England,247,6,5.021276596,53,11,0,1,35
1029823,1,48,England,253,6,5.041666667,59,6,0,0,39
1029823,1,49,England,267,6,5.224489796,73,14,0,0,47
1029823,1,50,England,277,6,5.32,83,10,0,0,50
1033361,1,1,Ireland,4,0,4.0,4,4,0,0,4
1033361,1,2,Ireland,8,1,4.0,0,4,1,0,8
1033361,1,3,Ireland,9,1,2.823529412,0,1,0,0,9
1033361,1,4,Ireland,10,2,2.25,1,1,1,0,10
1033361,1,5,Ireland,14,2,2.6,5,4,0,0,14
1033361,1,6,Ireland,20,2,3.085714286,10,6,0,0,16
1033361,1,7,Ireland,21,2,2.714285714,11,1,0,0,13
1033361,1,8,Ireland,26,2,2.936170213,15,6,0,0,18
1033361,1,9,Ireland,35,2,3.555555556,24,8,0,0,25
1033361,1,10,Ireland,43,2,4.0,32,8,0,0,29
1033361,1,11,Ireland,47,2,4.0,36,4,0,0,27
1033361,1,12,Ireland,52,3,4.0,2,5,1,1,31
1033361,1,13,Ireland,58,3,3.974025974,7,8,0,1,33
1033361,1,14,Ireland,62,3,3.928571429,11,2,0,1,27
1033361,1,15,Ireland,70,4,4.2,0,8,1,1,27
1033361,1,16,Ireland,77,4,4.357894737,6,8,0,1,31
1033361,1,17,Ireland,83,4,4.32,9,6,0,1,32
1033361,1,18,Ireland,88,4,4.277777778,14,4,0,1,28
1033361,1,19,Ireland,94,4,4.353982301,19,7,0,1,33
1033361,1,20,Ireland,98,4,4.285714286,22,4,0,1,29
1033361,1,21,Ireland,107,4,4.476190476,31,8,0,1,29
1033361,1,22,Ireland,114,4,4.580152672,37,7,0,1,30
1033361,1,23,Ireland,115,4,4.379562044,37,1,0,0,27
1033361,1,24,Ireland,120,4,4.375,42,5,0,0,25
1033361,1,25,Ireland,123,4,4.32,45,3,0,0,24
1033361,1,26,Ireland,135,4,4.615384615,57,12,0,0,28
1033361,1,27,Ireland,141,4,4.666666667,63,6,0,0,27
1033361,1,28,Ireland,149,4,4.785714286,71,8,0,0,34
1033361,1,29,Ireland,151,4,4.689655172,73,2,0,0,31
1033361,1,30,Ireland,152,4,4.566666667,74,1,0,0,29
1033361,1,31,Ireland,156,4,4.548387097,78,4,0,0,21
1033361,1,32,Ireland,157,4,4.556149733,79,1,0,0,16
1033365,1,1,New Zealand,4,0,4.0,4,4,0,0,4
1033365,1,2,New Zealand,8,0,3.818181818,7,4,0,0,8
1033365,1,3,New Zealand,12,0,3.666666667,11,4,0,0,12
1033365,1,4,New Zealand,12,0,2.75,11,0,0,0,12
1033365,1,5,New Zealand,23,0,4.4,22,11,0,0,23
1033365,1,6,New Zealand,24,0,3.833333333,23,1,0,0,20
1033365,1,7,New Zealand,33,0,4.571428571,32,9,0,0,25
1033365,1,8,New Zealand,35,0,4.25,34,2,0,0,23
1033365,1,9,New Zealand,38,0,4.111111111,37,3,0,0,26
1033365,1,10,New Zealand,46,0,4.5,45,8,0,0,23
1033365,1,11,New Zealand,52,0,4.636363636,51,6,0,0,28
1033365,1,12,New Zealand,56,0,4.583333333,55,4,0,0,23
1033365,1,13,New Zealand,61,0,4.615384615,60,5,0,0,26
1033365,1,14,New Zealand,68,0,4.785714286,67,7,0,0,30
1033365,1,15,New Zealand,69,0,4.533333333,68,1,0,0,23
1033365,1,16,New Zealand,75,1,4.595744681,3,9,1,0,26
1033365,1,17,New Zealand,80,2,4.529411765,1,2,1,0,24
1033365,1,18,New Zealand,82,2,4.388888889,3,2,0,0,21
1033365,1,19,New Zealand,84,2,4.263157895,5,2,0,0,16
1033365,1,20,New Zealand,92,2,4.43697479,12,12,0,0,27
1033365,1,21,New Zealand,101,2,4.619047619,21,5,0,0,23
1033365,1,22,New Zealand,106,2,4.636363636,26,5,0,0,26
1033365,1,23,New Zealand,110,2,4.608695652,30,4,0,0,28
1033365,1,24,New Zealand,116,2,4.666666667,36,6,0,0,32
1033365,1,25,New Zealand,118,3,4.56,1,2,1,0,22
1033365,1,26,New Zealand,121,3,4.5,4,3,0,0,20
1033365,1,27,New Zealand,122,3,4.37037037,5,1,0,0,16
1033365,1,28,New Zealand,132,3,4.571428571,15,10,0,0,22
1033365,1,29,New Zealand,132,4,4.413793103,0,0,1,0,16
1033365,1,30,New Zealand,136,4,4.4,4,4,0,0,18
1033365,1,31,New Zealand,138,4,4.322580645,6,2,0,0,17
1033365,1,32,New Zealand,141,4,4.28125,9,3,0,0,19
1033365,1,33,New Zealand,152,4,4.484848485,20,11,0,0,20
1033365,1,34,New Zealand,160,4,4.588235294,28,8,0,0,28
1033365,1,35,New Zealand,163,4,4.542857143,31,3,0,0,27
1033365,1,36,New Zealand,171,4,4.63255814,38,8,0,0,33
1033365,1,37,New Zealand,181,4,4.756756757,48,10,0,0,40
1033365,1,38,New Zealand,186,5,4.763157895,5,5,1,0,34
1033365,1,39,New Zealand,187,5,4.666666667,6,1,0,0,27
1033365,1,40,New Zealand,190,5,4.625,9,3,0,0,27
1033365,1,41,New Zealand,190,5,4.512195122,9,0,0,0,19
1033365,1,42,New Zealand,199,5,4.619047619,18,9,0,0,18
1033365,1,43,New Zealand,207,5,4.697674419,26,8,0,0,21
1033365,1,44,New Zealand,210,5,4.659090909,29,3,0,0,23
1033365,1,45,New Zealand,219,5,4.755555556,38,9,0,0,29
1033365,1,46,New Zealand,230,5,4.887272727,48,15,0,0,44
1033365,1,47,New Zealand,240,5,4.978723404,58,6,0,0,41
1033365,1,48,New Zealand,244,6,4.951048951,1,4,1,0,37
1033365,1,49,New Zealand,253,6,5.0,10,9,0,0,43
1033365,1,50,New Zealand,256,9,4.936454849,0,4,3,1,38
1033367,2,1,Ireland,5,0,4.8,4,6,0,0,6
1033367,2,2,Ireland,8,0,3.5,7,2,0,0,8
1033367,2,3,Ireland,12,0,3.529411765,10,5,0,0,13
1033367,2,4,Ireland,16,0,3.5,14,3,0,0,16
1033367,2,5,Ireland,25,0,4.6,23,9,0,0,25
1033367,2,6,Ireland,28,0,4.333333333,26,3,0,0,22
1033367,2,7,Ireland,33,0,4.428571429,31,5,0,0,25
1033367,2,8,Ireland,41,0,4.85106383,38,9,0,0,29
1033367,2,9,Ireland,58,0,6.115384615,53,16,0,0,42
1033367,2,10,Ireland,69,0,6.4,64,11,0,0,44
1033367,2,11,Ireland,76,0,6.454545455,71,7,0,0,48
1033367,2,12,Ireland,81,0,6.333333333,76,5,0,0,48
1033367,2,13,Ireland,88,0,6.384615385,83,7,0,0,46
1033367,2,14,Ireland,95,1,6.43373494,0,7,1,0,37
1033367,2,15,Ireland,99,1,6.2,4,4,0,0,30
1033367,2,16,Ireland,102,1,6.0,7,3,0,0,26
1033367,2,17,Ireland,104,1,5.764705882,9,2,0,0,23
1033367,2,18,Ireland,108,1,5.666666667,13,4,0,0,20
1033367,2,19,Ireland,114,1,5.684210526,19,6,0,0,19
1033367,2,20,Ireland,125,1,5.949579832,29,11,0,0,26
1033367,2,21,Ireland,133,1,6.0,37,8,0,0,31
1033367,2,22,Ireland,140,1,6.045454545,44,7,0,0,36
1033367,2,23,Ireland,147,1,6.086956522,51,7,0,0,39
1033367,2,24,Ireland,160,1,6.375,64,13,0,0,46
1033367,2,25,Ireland,171,2,6.56,0,11,1,0,46
1033367,2,26,Ireland,173,2,6.384615385,2,2,0,0,40
1033367,2,27,Ireland,181,2,6.444444444,10,8,0,0,41
1033367,2,28,Ireland,182,2,6.441717791,11,1,0,0,35
1075504,1,1,South Africa,1,0,0.0,0,1,0,0,1
1075504,1,2,South Africa,8,0,3.5,7,7,0,0,8
1075504,1,3,South Africa,11,0,3.333333333,10,3,0,0,11
1075504,1,4,South Africa,16,0,3.75,15,5,0,0,16
1075504,1,5,South Africa,16,0,3.0,15,0,0,0,16
1075504,1,6,South Africa,25,0,4.0,24,9,0,0,24
1075504,1,7,South Africa,27,0,3.6,24,2,0,0,19
1075504,1,8,South Africa,42,0,4.875,39,15,0,0,31
1075504,1,9,South Africa,43,1,4.41509434,0,1,1,0,27
1075504,1,10,South Africa,44,1,4.0,1,1,0,0,28
1075504,1,11,South Africa,48,1,4.0,5,4,0,0,23
1075504,1,12,South Africa,51,1,3.916666667,8,3,0,0,24
1075504,1,13,South Africa,61,1,4.384615385,18,10,0,0,19
1075504,1,14,South Africa,67,2,4.5,0,6,1,0,24
1075504,1,15,South Africa,69,2,4.333333333,2,2,0,0,25
1075504,1,16,South Africa,75,2,4.4375,8,6,0,0,27
1075504,1,17,South Africa,77,2,4.277227723,9,3,0,0,27
1075504,1,18,South Africa,84,2,4.388888889,16,6,0,0,23
1075504,1,19,South Africa,91,2,4.526315789,23,7,0,0,24
1075504,1,20,South Africa,95,2,4.5,27,4,0,0,26
1075504,1,21,South Africa,99,2,4.464,30,4,0,0,24
1075504,1,22,South Africa,101,2,4.318181818,32,2,0,0,23
1075504,1,23,South Africa,109,2,4.47826087,40,8,0,0,25
1075504,1,24,South Africa,112,2,4.416666667,43,3,0,0,21
1075504,1,25,South Africa,120,2,4.56,51,8,0,0,25
1075504,1,26,South Africa,126,3,4.615384615,0,6,1,0,27
1075504,1,27,South Africa,131,3,4.62962963,5,5,0,0,30
1075504,1,28,South Africa,134,3,4.571428571,8,3,0,0,25
1075504,1,29,South Africa,143,3,4.724137931,17,9,0,0,31
1075504,1,30,South Africa,150,3,4.8,24,7,0,0,30
1075504,1,31,South Africa,155,3,4.806451613,29,5,0,0,29
1075504,1,32,South Africa,162,3,4.875,36,7,0,0,31
1075504,1,33,South Africa,165,3,4.818181818,39,3,0,0,31
1075504,1,34,South Africa,172,3,4.882352941,46,7,0,0,29
1075504,1,35,South Africa,177,3,4.880382775,50,6,0,0,28
1075504,1,36,South Africa,183,3,4.888888889,56,5,0,0,28
1075504,1,37,South Africa,189,3,4.918918919,62,6,0,0,27
1075504,1,38,South Africa,194,3,4.916299559,66,6,0,0,30
1075504,1,39,South Africa,199,4,4.897435897,4,4,1,0,27
1075504,1,40,South Africa,202,4,4.85,7,3,0,0,24
1075504,1,41,South Africa,204,4,4.780487805,9,2,0,0,21
1075504,1,42,South Africa,210,4,4.80952381,15,6,0,0,21
1075504,1,43,South Africa,221,4,4.953488372,26,11,0,0,26
1075504,1,44,South Africa,233,4,5.113636364,38,12,0,0,34
1075504,1,45,South Africa,237,4,5.088888889,42,4,0,0,35
1075504,1,46,South Africa,241,5,5.065217391,4,4,1,0,37
1075504,1,47,South Africa,249,5,5.12455516,11,8,0,0,39
1075504,1,48,South Africa,257,6,5.166666667,4,8,1,0,36
1075504,1,49,South Africa,265,6,5.224489796,12,8,0,0,32
1075504,1,50,South Africa,278,6,5.377926421,24,13,1,0,41
1083446,1,1,Sri Lanka,2,0,2.0,2,2,0,0,2
1083446,1,2,Sri Lanka,11,0,5.5,11,9,0,0,11
1083446,1,3,Sri Lanka,17,0,5.666666667,17,6,0,0,17
1083446,1,4,Sri Lanka,25,0,6.25,25,8,0,0,25
1083446,1,5,Sri Lanka,29,1,5.8,0,4,1,0,29
1083446,1,6,Sri Lanka,32,1,5.333333333,3,3,0,0,30
1083446,1,7,Sri Lanka,37,1,5.285714286,8,5,0,0,26
1083446,1,8,Sri Lanka,50,1,6.25,21,13,0,0,33
1083446,1,9,Sri Lanka,55,1,6.111111111,26,5,0,0,30
1083446,1,10,Sri Lanka,64,1,6.4,35,9,0,0,35
1083446,1,11,Sri Lanka,65,1,5.909090909,36,1,0,0,33
1083446,1,12,Sri Lanka,69,1,5.746478873,39,4,0,0,32
1083446,1,13,Sri Lanka,79,1,6.0,49,10,0,0,29
1083446,1,14,Sri Lanka,86,1,6.071428571,56,7,0,0,31
1083446,1,15,Sri Lanka,89,1,5.866666667,59,3,0,0,25
1083446,1,16,Sri Lanka,92,1,5.6875,62,3,0,0,27
1083446,1,17,Sri Lanka,94,1,5.470588235,64,2,0,0,25
1083446,1,18,Sri Lanka,98,1,5.388888889,68,4,0,0,19
1083446,1,19,Sri Lanka,101,1,5.256637168,70,7,0,0,19
1083446,1,20,Sri Lanka,113,1,5.344537815,77,9,0,0,25
1083446,1,21,Sri Lanka,118,1,5.285714286,82,4,0,0,26
1083446,1,22,Sri Lanka,120,2,5.136363636,1,2,1,0,26
1083446,1,23,Sri Lanka,124,3,5.086956522,4,4,1,0,26
1083446,1,24,Sri Lanka,127,3,5.0,7,3,0,0,22
1083446,1,25,Sri Lanka,131,3,4.96,11,4,0,0,17
1083446,1,26,Sri Lanka,135,3,4.923076923,15,4,0,0,17
1083446,1,27,Sri Lanka,140,3,4.925925926,20,5,0,0,20
1083446,1,28,Sri Lanka,146,3,4.964285714,26,6,0,0,22
1083446,1,29,Sri Lanka,149,3,4.896551724,29,3,0,0,22
1083446,1,30,Sri Lanka,153,3,4.860335196,32,5,0,0,23
1083446,1,31,Sri Lanka,168,3,5.161290323,47,14,0,0,33
1083446,1,32,Sri Lanka,171,3,5.09375,50,3,0,0,31
1083446,1,33,Sri Lanka,176,3,5.081632653,53,11,0,0,36
1083446,1,34,Sri Lanka,189,3,5.264705882,66,7,0,0,40
1083446,1,35,Sri Lanka,191,3,5.171428571,68,2,0,0,37
1083446,1,36,Sri Lanka,196,3,5.166666667,73,5,0,0,28
1083446,1,37,Sri Lanka,204,3,5.243243243,81,8,0,0,33
1083446,1,38,Sri Lanka,208,3,5.210526316,85,4,0,0,26
1083446,1,39,Sri Lanka,210,3,5.128205128,87,2,0,0,21
1083446,1,40,Sri Lanka,215,3,5.125,92,5,0,0,24
1083446,1,41,Sri Lanka,221,3,5.146341463,98,6,0,0,25
1083446,1,42,Sri Lanka,229,3,5.214285714,106,8,0,0,25
1083446,1,43,Sri Lanka,234,3,5.209302326,111,5,0,0,26
1083446,1,44,Sri Lanka,241,3,5.25,118,7,0,0,31
1083446,1,45,Sri Lanka,256,3,5.466666667,133,15,0,0,41
1083446,1,46,Sri Lanka,268,4,5.608695652,4,12,1,0,47
1083446,1,47,Sri Lanka,277,4,5.680851064,13,9,0,0,48
1083446,1,48,Sri Lanka,290,5,5.832752613,0,14,1,0,57
1083446,1,49,Sri Lanka,308,5,6.06122449,18,17,0,0,67
1083446,1,50,Sri Lanka,321,5,6.201342282,29,16,0,0,68
1083448,2,1,Sri Lanka,4,1,4.0,0,4,1,0,4
1083448,2,2,Sri Lanka,9,1,4.5,5,5,0,0,9
1083448,2,3,Sri Lanka,10,2,3.333333333,0,1,1,0,10
1083448,2,4,Sri Lanka,14,3,3.5,3,4,1,1,14
1083448,2,5,Sri Lanka,15,3,3.0,4,1,0,1,15
1083448,2,6,Sri Lanka,17,3,2.833333333,6,2,0,1,13
1083448,2,7,Sri Lanka,24,3,3.428571429,13,7,0,1,15
1083448,2,8,Sri Lanka,30,3,3.75,19,6,0,1,20
1083448,2,9,Sri Lanka,40,3,4.444444444,29,10,0,1,26
1083448,2,10,Sri Lanka,55,3,5.491525424,43,20,0,1,45
1083448,2,11,Sri Lanka,67,3,5.545454545,50,7,0,1,50
1083448,2,12,Sri Lanka,71,3,5.416666667,54,4,0,1,47
1083448,2,13,Sri Lanka,79,3,5.615384615,62,8,0,0,49
1083448,2,14,Sri Lanka,79,3,5.214285714,62,0,0,0,39
1083448,2,15,Sri Lanka,88,3,5.466666667,71,9,0,0,28
1083448,2,16,Sri Lanka,90,4,5.25,2,2,1,0,23
1083448,2,17,Sri Lanka,92,4,5.058823529,4,2,0,0,21
1083448,2,18,Sri Lanka,98,4,5.111111111,10,6,0,0,19
1083448,2,19,Sri Lanka,103,4,5.105263158,15,5,0,0,24
1083448,2,20,Sri Lanka,104,4,4.9,16,1,0,0,16
1083448,2,21,Sri Lanka,107,4,4.80952381,19,3,0,0,17
1083448,2,22,Sri Lanka,111,4,4.772727273,23,4,0,0,19
1083448,2,23,Sri Lanka,118,5,4.817518248,5,7,1,0,20
1083448,2,24,Sri Lanka,120,6,4.666666667,2,2,1,1,17
1083448,2,25,Sri Lanka,123,6,4.6,5,3,0,1,19
1083448,2,26,Sri Lanka,127,7,4.558441558,0,5,1,1,21
1083448,2,27,Sri Lanka,131,7,4.481481481,4,3,0,1,20
1083448,2,28,Sri Lanka,133,7,4.383233533,5,2,0,1,15
1083448,2,29,Sri Lanka,136,7,4.300578035,7,3,0,1,16
1083448,2,30,Sri Lanka,139,7,4.233333333,10,3,0,1,16
1083448,2,31,Sri Lanka,139,7,4.096774194,10,0,0,1,11
1083448,2,32,Sri Lanka,149,7,4.28125,20,10,0,1,18
1083448,2,33,Sri Lanka,155,7,4.333333333,26,6,0,1,22
1083448,2,34,Sri Lanka,155,8,4.205882353,0,0,1,1,19
1083448,2,35,Sri Lanka,157,8,4.142857143,2,2,0,1,18
1083448,2,36,Sri Lanka,161,8,4.130232558,5,5,0,1,23
1083448,2,37,Sri Lanka,169,8,4.216216216,13,7,0,1,20
1083448,2,38,Sri Lanka,171,8,4.157894737,15,2,0,1,16
1083448,2,39,Sri Lanka,179,8,4.256410256,23,8,0,1,24
1083448,2,40,Sri Lanka,182,8,4.225,26,3,0,0,25
1083448,2,41,Sri Lanka,187,8,4.236734694,30,6,0,0,26
1083448,2,42,Sri Lanka,194,8,4.285714286,37,6,0,0,25
1083448,2,43,Sri Lanka,202,8,4.372093023,45,8,0,0,31
1083448,2,44,Sri Lanka,209,8,4.431818182,52,7,0,0,30
1083448,2,45,Sri Lanka,210,10,4.404494382,0,1,2,0,28
1130739,1,1,Sri Lanka,4,0,4.0,4,4,0,0,4
1130739,1,2,Sri Lanka,11,0,5.5,11,7,0,0,11
1130739,1,3,Sri Lanka,16,0,5.333333333,16,5,0,0,16
1130739,1,4,Sri Lanka,17,0,4.25,17,1,0,0,17
1130739,1,5,Sri Lanka,18,0,3.6,18,1,0,0,18
1130739,1,6,Sri Lanka,22,0,3.666666667,22,4,0,0,18
1130739,1,7,Sri Lanka,30,0,4.285714286,30,8,0,0,19
1130739,1,8,Sri Lanka,36,0,4.5,36,6,0,0,20
1130739,1,9,Sri Lanka,37,0,4.111111111,37,1,0,0,20
1130739,1,10,Sri Lanka,50,0,4.983050847,49,13,0,0,32
1130739,1,11,Sri Lanka,52,0,4.615384615,50,3,0,0,31
1130739,1,12,Sri Lanka,54,0,4.333333333,52,1,0,0,24
1130739,1,13,Sri Lanka,62,0,4.615384615,60,8,0,0,26
1130739,1,14,Sri Lanka,68,0,4.714285714,66,6,0,0,31
1130739,1,15,Sri Lanka,71,1,4.6,0,3,1,0,21
1130739,1,16,Sri Lanka,76,1,4.610526316,4,6,0,0,24
1130739,1,17,Sri Lanka,85,1,4.823529412,13,8,0,0,31
1130739,1,18,Sri Lanka,88,1,4.722222222,16,3,0,0,26
1130739,1,19,Sri Lanka,97,1,4.938053097,24,9,0,0,29
1130739,1,20,Sri Lanka,107,1,5.15,34,10,0,0,36
1130739,1,21,Sri Lanka,114,1,5.232,40,8,0,0,38
1130739,1,22,Sri Lanka,119,1,5.136363636,44,4,0,0,34
1130739,1,23,Sri Lanka,122,1,5.03649635,46,3,0,0,34
1130739,1,24,Sri Lanka,137,1,5.416666667,61,15,0,0,40
1130739,1,25,Sri Lanka,144,1,5.48,68,7,0,0,37
1130739,1,26,Sri Lanka,150,1,5.5,74,6,0,0,35
1130739,1,27,Sri Lanka,162,1,5.740740741,86,12,0,0,43
1130739,1,28,Sri Lanka,164,1,5.607142857,88,2,0,0,42
1130739,1,29,Sri Lanka,170,1,5.620689655,94,6,0,0,33
1130739,1,30,Sri Lanka,171,2,5.466666667,1,1,1,0,27
1130739,1,31,Sri Lanka,178,2,5.516129032,8,7,0,0,28
1130739,1,32,Sri Lanka,181,2,5.4375,11,3,0,0,19
1130739,1,33,Sri Lanka,192,2,5.606060606,22,11,0,0,28
1130739,1,34,Sri Lanka,194,2,5.5,24,2,0,0,24
1130739,1,35,Sri Lanka,202,2,5.571428571,32,8,0,0,31
1130739,1,36,Sri Lanka,214,2,5.75,44,12,0,0,36
1130739,1,37,Sri Lanka,224,2,5.864864865,54,10,0,0,43
1130739,1,38,Sri Lanka,227,3,5.789473684,0,3,1,0,35
1130739,1,39,Sri Lanka,237,3,5.897435897,10,10,0,0,43
1130739,1,40,Sri Lanka,243,3,5.9,16,6,0,0,41
1130739,1,41,Sri Lanka,246,3,5.829268293,19,3,0,0,32
1130739,1,42,Sri Lanka,249,3,5.761904762,22,3,0,0,25
1130739,1,43,Sri Lanka,253,3,5.720930233,26,4,0,0,26
1130739,1,44,Sri Lanka,265,3,5.863636364,38,12,0,0,28
1130739,1,45,Sri Lanka,277,3,6.0,50,12,0,0,34
1130739,1,46,Sri Lanka,280,4,5.934782609,3,3,1,0,34
1130739,1,47,Sri Lanka,286,5,5.936170213,2,6,1,0,37
1130739,1,48,Sri Lanka,297,6,6.041666667,0,11,1,1,44
1130739,1,49,Sri Lanka,301,7,6.0,3,4,1,1,36
1130739,1,50,Sri Lanka,320,7,6.26,22,19,0,1,43
1130742,1,1,Sri Lanka,4,0,4.0,4,4,0,0,4
1130742,1,2,Sri Lanka,5,0,2.5,5,1,0,0,5
1130742,1,3,Sri Lanka,13,1,4.333333333,8,8,1,0,13
1130742,1,4,Sri Lanka,15,1,3.652173913,9,2,0,0,15
1130742,1,5,Sri Lanka,21,3,3.103448276,0,6,2,1,21
1130742,1,6,Sri Lanka,23,3,2.833333333,2,2,0,1,19
1130742,1,7,Sri Lanka,23,3,2.428571429,2,0,0,1,18
1130742,1,8,Sri Lanka,24,3,2.170212766,2,2,0,1,12
1130742,1,9,Sri Lanka,26,3,2.111111111,4,1,0,1,11
1130742,1,10,Sri Lanka,32,3,2.5,10,6,0,1,11
1130742,1,11,Sri Lanka,34,4,2.454545455,0,2,1,1,11
1130742,1,12,Sri Lanka,41,4,2.788732394,6,8,0,1,19
1130742,1,13,Sri Lanka,43,4,2.692307692,8,1,0,1,18
1130742,1,14,Sri Lanka,48,4,2.857142857,13,5,0,1,22
1130742,1,15,Sri Lanka,53,4,3.0,18,5,0,1,21
1130742,1,16,Sri Lanka,57,4,3.0625,22,4,0,1,23
1130742,1,17,Sri Lanka,59,5,3.0,2,2,1,1,17
1130742,1,18,Sri Lanka,67,5,3.277777778,10,8,0,1,24
1130742,1,19,Sri Lanka,71,6,3.315789474,0,4,1,1,23
1130742,1,20,Sri Lanka,74,6,3.277310924,2,3,0,1,21
1130742,1,21,Sri Lanka,76,6,3.19047619,4,2,0,1,19
1130742,1,22,Sri Lanka,79,6,3.181818182,7,3,0,1,20
1130742,1,23,Sri Lanka,80,8,3.086956522,0,1,2,1,13
1130742,1,24,Sri Lanka,82,9,3.020979021,1,2,2,1,11
1130743,2,1,Sri Lanka,0,0,0.0,0,0,0,0,0
1130743,2,2,Sri Lanka,2,0,1.0,2,2,0,0,2
1130743,2,3,Sri Lanka,3,0,1.0,3,1,0,0,3
1130743,2,4,Sri Lanka,5,0,1.25,5,2,0,0,5
1130743,2,5,Sri Lanka,11,0,2.2,11,6,0,0,11
1130743,2,6,Sri Lanka,12,1,2.0,1,1,1,0,12
1130743,2,7,Sri Lanka,12,1,1.714285714,1,0,0,0,10
1130743,2,8,Sri Lanka,17,1,2.042553191,5,5,0,0,14
1130743,2,9,Sri Lanka,22,2,2.333333333,5,5,1,0,17
1130743,2,10,Sri Lanka,26,3,2.5,4,4,1,1,15
1130743,2,11,Sri Lanka,28,3,2.454545455,6,2,0,1,16
1130743,2,12,Sri Lanka,29,3,2.333333333,7,1,0,1,17
1130743,2,13,Sri Lanka,34,3,2.538461538,12,5,0,1,17
1130743,2,14,Sri Lanka,40,3,2.785714286,18,6,0,1,18
1130743,2,15,Sri Lanka,51,3,3.333333333,29,11,0,1,25
1130743,2,16,Sri Lanka,54,3,3.255319149,30,3,0,1,26
1130743,2,17,Sri Lanka,63,3,3.529411765,39,9,0,1,34
1130743,2,18,Sri Lanka,63,3,3.333333333,39,0,0,1,29
1130743,2,19,Sri Lanka,65,3,3.263157895,41,2,0,1,25
1130743,2,20,Sri Lanka,72,3,3.45,48,7,0,1,21
1130743,2,21,Sri Lanka,76,3,3.476190476,52,4,0,1,22
1130743,2,22,Sri Lanka,79,3,3.454545455,55,3,0,1,16
1130743,2,23,Sri Lanka,80,4,3.347826087,0,1,1,1,17
1130743,2,24,Sri Lanka,82,4,3.291666667,2,2,0,1,17
1130743,2,25,Sri Lanka,84,4,3.24,4,2,0,1,12
1130743,2,26,Sri Lanka,86,4,3.192307692,6,2,0,1,10
1130743,2,27,Sri Lanka,88,4,3.148148148,8,2,0,1,9
1130743,2,28,Sri Lanka,90,4,3.107142857,10,2,0,1,10
1130743,2,29,Sri Lanka,91,5,3.034482759,1,1,1,1,9
1130743,2,30,Sri Lanka,97,5,3.133333333,7,6,0,1,13
1130743,2,31,Sri Lanka,99,5,3.081081081,8,2,0,1,13
1130743,2,32,Sri Lanka,102,5,3.0625,11,3,0,1,14
1130743,2,33,Sri Lanka,109,5,3.16751269,17,7,0,1,19
1130743,2,34,Sri Lanka,109,5,3.058823529,17,0,0,1,18
1130743,2,35,Sri Lanka,119,5,3.257142857,27,10,0,1,22
1130743,2,36,Sri Lanka,124,5,3.293023256,31,6,0,1,26
1130743,2,37,Sri Lanka,129,6,3.324324324,2,4,1,0,27
1130743,2,38,Sri Lanka,134,6,3.368421053,7,5,0,0,25
1130743,2,39,Sri Lanka,136,6,3.333333333,9,2,0,0,27
1130743,2,40,Sri Lanka,141,8,3.375,0,5,2,1,22
1130743,2,41,Sri Lanka,142,8,3.317073171,1,1,0,1,17
1130743,2,42,Sri Lanka,142,9,3.303643725,0,0,1,1,13
1144487,1,1,South Africa,5,0,5.0,5,5,0,0,5
1144487,1,2,South Africa,6,0,2.727272727,5,2,0,0,7
1144487,1,3,South Africa,9,0,2.666666667,8,2,0,0,9
1144487,1,4,South Africa,14,0,3.25,13,5,0,0,14
1144487,1,5,South Africa,28,0,5.4,27,14,0,0,28
1144487,1,6,South Africa,37,0,5.314285714,31,9,0,0,32
1144487,1,7,South Africa,50,0,6.285714286,44,13,0,0,43
1144487,1,8,South Africa,58,0,6.5,52,8,0,0,49
1144487,1,9,South Africa,60,1,6.0,0,2,1,0,46
1144487,1,10,South Africa,65,1,5.9,5,5,0,0,37
1144487,1,11,South Africa,73,1,6.092307692,12,8,0,0,36
1144487,1,12,South Africa,79,2,6.0,4,6,1,0,29
1144487,1,13,South Africa,83,2,5.846153846,8,4,0,0,25
1144487,1,14,South Africa,85,2,5.571428571,10,2,0,0,25
1144487,1,15,South Africa,88,2,5.4,13,3,0,0,23
1144487,1,16,South Africa,100,2,5.8125,25,12,0,0,27
1144487,1,17,South Africa,107,2,5.882352941,32,7,0,0,28
1144487,1,18,South Africa,110,2,5.722222222,35,3,0,0,27
1144487,1,19,South Africa,117,2,5.789473684,42,7,0,0,32
1144487,1,20,South Africa,124,2,5.85,49,7,0,0,36
1144487,1,21,South Africa,128,2,5.761904762,53,4,0,0,28
1144487,1,22,South Africa,137,2,5.909090909,62,9,0,0,30
1144487,1,23,South Africa,145,2,6.0,70,8,0,0,35
1144487,1,24,South Africa,150,2,5.958333333,75,5,0,0,33
1144487,1,25,South Africa,160,2,6.12,85,10,0,0,36
1144487,1,26,South Africa,166,2,6.115384615,91,6,0,0,38
1144487,1,27,South Africa,170,2,6.037037037,95,4,0,0,33
1144487,1,28,South Africa,176,2,6.035928144,100,7,0,0,32
1144487,1,29,South Africa,182,2,6.0,106,5,0,0,32
1144487,1,30,South Africa,190,2,6.066666667,114,8,0,0,30
1144487,1,31,South Africa,194,2,6.0,118,4,0,0,28
1144487,1,32,South Africa,200,2,6.0,124,6,0,0,30
1144487,1,33,South Africa,207,2,6.03030303,131,7,0,0,30
1144487,1,34,South Africa,215,2,6.088235294,139,8,0,0,33
1144487,1,35,South Africa,217,2,5.971428571,141,2,0,0,27
1144487,1,36,South Africa,222,3,5.944444444,5,5,1,0,28
1144487,1,37,South Africa,223,3,5.809954751,5,1,0,0,23
1144487,1,38,South Africa,235,3,5.947368421,17,12,0,0,28
1144487,1,39,South Africa,240,3,5.923076923,22,5,0,0,25
1144487,1,40,South Africa,244,4,5.875,2,4,1,0,27
1144487,1,41,South Africa,245,4,5.756097561,3,1,0,0,23
1144487,1,42,South Africa,250,4,5.738095238,8,5,0,0,27
1144487,1,43,South Africa,257,5,5.76744186,7,7,1,1,22
1144487,1,44,South Africa,260,5,5.704545455,10,3,0,1,20
1144487,1,45,South Africa,271,5,5.822222222,21,11,0,1,27
1144487,1,46,South Africa,276,5,5.804347826,26,5,0,1,31
1144487,1,47,South Africa,291,5,6.0,41,15,0,1,41
1144487,1,48,South Africa,297,5,6.0,45,11,0,0,45
1144487,1,49,South Africa,316,5,6.225255973,63,14,1,0,56
1144487,1,50,South Africa,330,6,6.36,14,14,0,0,59
1144494,2,1,England,1,0,1.0,1,1,0,0,1
1144494,2,2,England,1,0,0.5,1,0,0,0,1
1144494,2,3,England,8,0,2.666666667,8,7,0,0,8
1144494,2,4,England,8,1,2.0,0,0,1,0,8
1144494,2,5,England,18,1,3.6,10,10,0,0,18
1144494,2,6,England,21,1,3.5,13,3,0,0,20
1144494,2,7,England,29,1,4.142857143,21,8,0,0,28
1144494,2,8,England,33,1,4.125,25,4,0,0,25
1144494,2,9,England,37,1,4.111111111,29,4,0,0,29
1144494,2,10,England,48,1,4.8,40,11,0,0,30
1144494,2,11,England,53,1,4.78125,43,7,0,0,34
1144494,2,12,England,63,2,5.083333333,0,8,1,0,34
1144494,2,13,England,68,2,5.076923077,5,5,0,0,35
1144494,2,14,England,74,2,5.142857143,11,6,0,0,37
1144494,2,15,England,77,2,5.0,14,3,0,0,29
1144494,2,16,England,83,2,5.0625,20,6,0,0,28
1144494,2,17,England,87,2,5.0,24,4,0,0,24
1144494,2,18,England,93,2,5.055555556,30,6,0,0,25
1144494,2,19,England,98,2,5.052631579,35,5,0,0,24
1144494,2,20,England,105,2,5.15,42,7,0,0,28
1144494,2,21,England,111,2,5.19047619,48,6,0,0,28
1144494,2,22,England,119,2,5.318181818,56,8,0,0,32
1144494,2,23,England,127,2,5.434782609,64,8,0,0,34
1144494,2,24,England,131,2,5.370629371,67,8,0,0,37
1144494,2,25,England,139,2,5.44,75,4,0,0,34
1144494,2,26,England,149,2,5.615384615,85,10,0,0,38
1144494,2,27,England,153,2,5.555555556,89,4,0,0,34
1144494,2,28,England,162,2,5.678571429,98,9,0,0,35
1144494,2,29,England,169,3,5.724137931,0,7,1,0,34
1144494,2,30,England,170,4,5.566666667,0,1,1,0,31
1144494,2,31,England,172,4,5.451612903,2,2,0,0,23
1144494,2,32,England,176,4,5.40625,6,4,0,0,23
1144494,2,33,England,182,4,5.424242424,12,6,0,0,20
1144494,2,34,England,184,4,5.323529412,14,2,0,0,15
1144494,2,35,England,186,4,5.228571429,16,2,0,0,16
1144494,2,36,England,189,4,5.162790698,18,9,0,0,23
1144494,2,37,England,203,4,5.266968326,27,8,0,0,27
1144494,2,38,England,203,4,5.105263158,27,0,0,0,21
1144494,2,39,England,217,4,5.333333333,41,14,0,0,33
1144494,2,40,England,224,5,5.375,5,7,1,0,38
1144494,2,41,England,235,5,5.512195122,16,11,0,0,40
1144494,2,42,England,242,5,5.545816733,22,7,0,0,39
1144494,2,43,England,254,5,5.674418605,34,12,0,0,51
1144494,2,44,England,257,6,5.613636364,3,3,1,0,40
1144494,2,45,England,261,7,5.577777778,0,4,1,0,37
1144494,2,46,England,264,8,5.52173913,0,3,1,1,29
1144494,2,47,England,276,8,5.659574468,12,12,0,1,34
1144494,2,48,England,279,8,5.604166667,15,3,0,1,25
1144494,2,49,England,280,10,5.529010239,0,1,2,1,23
1144505,2,1,West Indies,5,0,4.8,4,5,0,0,5
1144505,2,2,West Indies,11,0,5.0,10,6,0,0,11
1144505,2,3,West Indies,15,0,4.666666667,14,4,0,0,15
1144505,2,4,West Indies,16,0,3.75,15,1,0,0,16
1144505,2,5,West Indies,34,0,5.793103448,28,18,0,0,34
1144505,2,6,West Indies,38,0,5.314285714,31,4,0,0,33
1144505,2,7,West Indies,40,0,4.714285714,33,2,0,0,29
1144505,2,8,West Indies,46,0,4.875,39,6,0,0,31
1144505,2,9,West Indies,56,1,5.444444444,4,10,1,0,40
1144505,2,10,West Indies,70,1,6.3,18,14,0,0,36
1144505,2,11,West Indies,81,1,6.727272727,29,11,0,0,43
1144505,2,12,West Indies,88,1,6.76056338,35,8,0,0,49
1144505,2,13,West Indies,96,1,6.779220779,42,7,0,0,50
1144505,2,14,West Indies,103,1,6.714285714,49,7,0,0,47
1144505,2,15,West Indies,108,1,6.6,54,5,0,0,38
1144505,2,16,West Indies,112,1,6.4375,58,4,0,0,31
1144505,2,17,West Indies,119,1,6.475247525,64,7,0,0,30
1144505,2,18,West Indies,121,2,6.166666667,0,2,1,0,25
1144505,2,19,West Indies,133,2,6.477876106,11,12,1,0,30
1144505,2,20,West Indies,138,3,6.35,5,5,0,0,30
1144505,2,21,West Indies,141,3,6.19047619,8,3,0,0,29
1144505,2,22,West Indies,146,3,6.136363636,13,5,0,0,27
1144505,2,23,West Indies,153,3,6.173913043,20,7,0,0,32
1144505,2,24,West Indies,157,3,6.083333333,24,4,0,0,24
1144505,2,25,West Indies,166,3,6.040268456,28,9,0,0,28
1144505,2,26,West Indies,170,3,5.922580645,31,6,0,0,31
1144505,2,27,West Indies,179,3,6.0,40,7,0,0,33
1144505,2,28,West Indies,192,3,6.25,53,13,0,0,39
1144505,2,29,West Indies,200,3,6.310344828,61,8,0,0,43
1144505,2,30,West Indies,209,3,6.268156425,65,10,0,0,44
1144505,2,31,West Indies,215,3,6.225806452,71,5,0,0,43
1144505,2,32,West Indies,228,3,6.4375,84,13,0,0,49
1144505,2,33,West Indies,238,3,6.545454545,94,10,0,0,46
1144505,2,34,West Indies,248,3,6.647058824,104,10,0,0,48
1144505,2,35,West Indies,253,3,6.6,109,5,0,0,43
1144505,2,36,West Indies,259,3,6.586046512,114,11,0,0,49
1144505,2,37,West Indies,270,3,6.65158371,123,6,0,0,42
1144505,2,38,West Indies,294,3,7.078947368,147,24,0,0,56
1144505,2,39,West Indies,299,3,7.025641026,152,5,0,0,51
1144505,2,40,West Indies,305,3,7.0,158,6,0,0,52
1144505,2,41,West Indies,316,3,7.097560976,169,11,0,0,52
1144505,2,42,West Indies,322,3,7.156626506,175,6,0,0,52
1144522,2,1,India,1,0,1.0,1,1,0,0,1
1144522,2,2,India,9,0,4.5,9,8,0,0,9
1144522,2,3,India,16,0,5.333333333,16,7,0,0,16
1144522,2,4,India,16,0,4.0,16,0,0,0,16
1144522,2,5,India,18,0,3.6,18,2,0,0,18
1144522,2,6,India,24,0,4.0,24,6,0,0,23
1144522,2,7,India,28,0,4.0,28,4,0,0,19
1144522,2,8,India,34,0,4.25,34,6,0,0,18
1144522,2,9,India,38,0,4.222222222,38,4,0,0,22
1144522,2,10,India,40,1,4.0,1,2,1,0,22
1144522,2,11,India,47,1,4.246153846,7,7,0,0,23
1144522,2,12,India,53,1,4.333333333,13,6,0,0,25
1144522,2,13,India,59,1,4.461538462,19,6,0,0,25
1144522,2,14,India,69,1,4.857142857,29,10,0,0,31
1144522,2,15,India,73,1,4.8,33,4,0,0,33
1144522,2,16,India,74,2,4.547368421,0,2,1,0,28
1144522,2,17,India,79,2,4.529411765,5,4,0,0,26
1144522,2,18,India,88,2,4.777777778,14,9,0,0,29
1144522,2,19,India,98,2,5.052631579,24,10,0,0,29
1144522,2,20,India,104,2,5.1,30,6,0,0,31
1144522,2,21,India,107,2,5.0,33,3,0,0,32
1144522,2,22,India,116,2,5.181818182,42,9,0,0,37
1144522,2,23,India,121,3,5.173913043,0,5,1,0,33
1144522,2,24,India,125,3,5.125,4,4,0,0,27
1144522,2,25,India,127,3,5.0,6,2,0,0,23
1144522,2,26,India,133,3,5.038461538,12,6,0,0,26
1144522,2,27,India,139,3,5.074074074,18,6,0,0,23
1144522,2,28,India,147,3,5.178571429,26,8,0,0,26
1144522,2,29,India,156,3,5.310344828,35,9,0,0,31
1144522,2,30,India,163,4,5.366666667,1,7,1,0,36
1144522,2,31,India,169,4,5.387096774,7,6,0,0,36
1144522,2,32,India,172,4,5.3125,10,3,0,0,33
1144522,2,33,India,177,5,5.303030303,4,5,1,0,30
1144522,2,34,India,179,6,5.205882353,0,2,1,1,23
1144522,2,35,India,182,6,5.142857143,3,3,0,1,19
1144522,2,36,India,190,6,5.218604651,10,8,0,1,21
1144522,2,37,India,191,6,5.081081081,11,1,0,1,19
1144522,2,38,India,208,6,5.394736842,28,17,0,1,31
1144522,2,39,India,215,6,5.433476395,34,11,0,1,40
1144522,2,40,India,225,6,5.525,44,6,0,1,43
1144522,2,41,India,228,6,5.46122449,46,4,0,1,39
1144522,2,42,India,240,6,5.595238095,58,11,0,0,49
1144522,2,43,India,244,6,5.5546875,60,5,0,0,37
1144522,2,44,India,249,7,5.498098859,3,6,1,0,32
1144522,2,45,India,263,8,5.665427509,5,13,1,0,39
1144522,2,46,India,272,8,5.717391304,14,8,0,0,43
1144522,2,47,India,279,8,5.743772242,20,7,0,0,39
1144522,2,48,India,286,10,5.75,0,7,2,1,41
1144525,2,1,Pakistan,0,0,0.0,0,0,0,0,0
1144525,2,2,Pakistan,8,0,4.0,8,8,0,0,8
1144525,2,3,Pakistan,13,0,4.333333333,13,5,0,0,13
1144525,2,4,Pakistan,15,0,3.75,15,2,0,0,15
1144525,2,5,Pakistan,22,0,4.4,22,7,0,0,22
1144525,2,6,Pakistan,27,1,4.5,1,5,1,0,27
1144525,2,7,Pakistan,32,1,4.571428571,6,5,0,0,24
1144525,2,8,Pakistan,38,1,4.75,12,6,0,0,25
1144525,2,9,Pakistan,40,1,4.444444444,14,2,0,0,25
1144525,2,10,Pakistan,47,1,4.7,21,7,0,0,25
1144525,2,11,Pakistan,49,2,4.454545455,1,2,1,0,22
1144525,2,12,Pakistan,57,2,4.75,9,8,0,0,25
1144525,2,13,Pakistan,59,2,4.538461538,11,2,0,0,21
1144525,2,14,Pakistan,67,2,4.785714286,19,8,0,0,27
1144525,2,15,Pakistan,73,2,4.853932584,24,6,0,0,26
1144525,2,16,Pakistan,75,2,4.625,26,2,0,0,26
1144525,2,17,Pakistan,77,2,4.470588235,28,2,0,0,20
1144525,2,18,Pakistan,79,3,4.333333333,1,2,1,0,20
1144525,2,19,Pakistan,83,3,4.315789474,5,4,0,0,16
1144525,2,20,Pakistan,85,3,4.18487395,6,3,0,0,13
1144525,2,21,Pakistan,92,3,4.285714286,13,6,0,0,17
1144525,2,22,Pakistan,98,3,4.363636364,19,6,0,0,21
1144525,2,23,Pakistan,105,3,4.47826087,26,7,0,0,26
1144525,2,24,Pakistan,111,3,4.541666667,32,6,0,0,28
1144525,2,25,Pakistan,115,3,4.52,36,4,0,0,29
1144525,2,26,Pakistan,122,3,4.615384615,43,7,0,0,30
1144525,2,27,Pakistan,125,3,4.555555556,46,3,0,0,27
1144525,2,28,Pakistan,136,3,4.785714286,57,11,0,0,31
1144525,2,29,Pakistan,139,4,4.724137931,3,3,1,0,28
1144525,2,30,Pakistan,144,4,4.733333333,8,5,0,0,29
1144525,2,31,Pakistan,150,4,4.767567568,13,7,0,0,29
1144525,2,32,Pakistan,154,4,4.71875,17,3,0,0,29
1144525,2,33,Pakistan,161,5,4.781725888,6,7,1,0,25
1144525,2,34,Pakistan,164,5,4.705882353,9,3,0,0,25
1144525,2,35,Pakistan,168,5,4.685714286,13,4,0,0,24
1144525,2,36,Pakistan,171,5,4.63255814,15,4,0,0,21
1144525,2,37,Pakistan,178,5,4.675675676,22,6,0,0,24
1144525,2,38,Pakistan,183,5,4.684210526,27,5,0,0,22
1144525,2,39,Pakistan,191,5,4.769230769,35,8,0,0,27
1144525,2,40,Pakistan,197,6,4.8,0,6,1,0,29
1144525,2,41,Pakistan,199,8,4.731707317,1,2,2,1,27
1144525,2,42,Pakistan,206,8,4.785714286,8,7,0,1,28
1144525,2,43,Pakistan,214,8,4.860465116,16,8,0,1,31
1144525,2,44,Pakistan,220,9,4.886363636,1,6,1,1,29
1144525,2,45,Pakistan,221,10,4.867924528,0,1,1,1,24
1146720,1,1,West Indies,1,0,0.0,0,1,0,0,1
1146720,1,2,West Indies,2,1,0.5,1,1,1,0,2
1146720,1,3,West Indies,5,1,1.333333333,4,3,0,0,5
1146720,1,4,West Indies,8,1,1.75,7,3,0,0,8
1146720,1,5,West Indies,10,1,1.8,9,2,0,0,10
1146720,1,6,West Indies,12,1,1.714285714,10,2,0,0,11
1146720,1,7,West Indies,15,1,1.756097561,12,3,0,0,13
1146720,1,8,West Indies,16,1,1.625,13,1,0,0,11
1146720,1,9,West Indies,29,1,2.888888889,26,13,0,0,21
1146720,1,10,West Indies,31,1,2.8,28,2,0,0,21
1146720,1,11,West Indies,33,1,2.727272727,30,2,0,0,21
1146720,1,12,West Indies,40,1,3.083333333,37,7,0,0,25
1146720,1,13,West Indies,42,1,3.0,39,2,0,0,26
1146720,1,14,West Indies,44,1,2.928571429,41,2,0,0,15
1146720,1,15,West Indies,51,1,3.2,48,7,0,0,20
1146720,1,16,West Indies,53,1,3.125,50,2,0,0,20
1146720,1,17,West Indies,59,1,3.294117647,56,6,0,0,19
1146720,1,18,West Indies,62,1,3.277777778,59,3,0,0,20
1146720,1,19,West Indies,72,1,3.631578947,69,10,0,0,28
1146720,1,20,West Indies,77,1,3.7,74,5,0,0,26
1146720,1,21,West Indies,82,1,3.761904762,79,5,0,0,29
1146720,1,22,West Indies,84,1,3.681818182,81,2,0,0,25
1146720,1,23,West Indies,88,1,3.695652174,85,4,0,0,26
1146720,1,24,West Indies,96,1,3.875,93,8,0,0,24
1146720,1,25,West Indies,98,1,3.8,95,2,0,0,21
1146720,1,26,West Indies,103,1,3.846153846,100,5,0,0,21
1146720,1,27,West Indies,110,1,3.962962963,107,7,0,0,26
1146720,1,28,West Indies,120,1,4.178571429,117,10,0,0,32
1146720,1,29,West Indies,123,1,4.137931034,120,3,0,0,27
1146720,1,30,West Indies,130,1,4.233333333,127,7,0,0,32
1146720,1,31,West Indies,136,1,4.290322581,133,6,0,0,33
1146720,1,32,West Indies,141,1,4.3125,138,5,0,0,31
1146720,1,33,West Indies,142,1,4.212121212,139,1,0,0,22
1146720,1,34,West Indies,148,1,4.264705882,145,6,0,0,25
1146720,1,35,West Indies,160,1,4.485714286,157,12,0,0,30
1146720,1,36,West Indies,163,1,4.444444444,160,3,0,0,27
1146720,1,37,West Indies,169,1,4.472727273,164,8,0,0,30
1146720,1,38,West Indies,176,1,4.5,171,5,0,0,34
1146720,1,39,West Indies,181,1,4.512820513,176,5,0,0,33
1146720,1,40,West Indies,187,1,4.55,182,6,0,0,27
1146720,1,41,West Indies,191,1,4.536585366,186,4,0,0,28
1146720,1,42,West Indies,194,1,4.5,189,3,0,0,23
1146720,1,43,West Indies,201,1,4.552529183,195,9,0,0,27
1146720,1,44,West Indies,207,1,4.545454545,200,4,0,0,26
1146720,1,45,West Indies,211,2,4.533333333,3,4,1,0,24
1146720,1,46,West Indies,220,2,4.630434783,12,9,0,0,29
1146720,1,47,West Indies,225,3,4.633451957,3,6,1,0,32
1146720,1,48,West Indies,236,3,4.75,14,10,0,0,33
1146720,1,49,West Indies,258,3,5.102040816,36,22,0,0,51
1146720,1,50,West Indies,279,4,5.42,4,21,1,0,68
1146722,1,1,West Indies,3,0,1.5,1,6,0,0,6
1146722,1,2,West Indies,10,0,4.0,8,4,0,0,10
1146722,1,3,West Indies,15,0,4.333333333,13,5,0,0,15
1146722,1,4,West Indies,17,0,3.652173913,14,2,0,0,17
1146722,1,5,West Indies,25,0,4.4,22,8,0,0,25
1146722,1,6,West Indies,27,0,4.0,24,2,0,0,21
1146722,1,7,West Indies,28,0,3.571428571,25,1,0,0,18
1146722,1,8,West Indies,32,0,3.625,29,4,0,0,17
1146722,1,9,West Indies,34,0,3.444444444,31,2,0,0,17
1146722,1,10,West Indies,37,1,3.4,2,3,1,0,12
1146722,1,11,West Indies,38,1,3.181818182,3,1,0,0,11
1146722,1,12,West Indies,46,1,3.549295775,10,9,0,0,19
1146722,1,13,West Indies,53,1,3.769230769,17,6,0,0,21
1146722,1,14,West Indies,61,1,4.071428571,25,8,0,0,27
1146722,1,15,West Indies,61,1,3.8,25,0,0,0,24
1146722,1,16,West Indies,65,1,3.8125,29,4,0,0,27
1146722,1,17,West Indies,70,1,3.882352941,34,5,0,0,23
1146722,1,18,West Indies,80,1,4.222222222,44,10,0,0,27
1146722,1,19,West Indies,88,1,4.407079646,51,8,0,0,27
1146722,1,20,West Indies,90,1,4.25,53,2,0,0,29
1146722,1,21,West Indies,92,1,4.142857143,55,2,0,0,27
1146722,1,22,West Indies,99,1,4.272727273,62,7,0,0,29
1146722,1,23,West Indies,106,1,4.391304348,69,7,0,0,26
1146722,1,24,West Indies,109,1,4.333333333,72,3,0,0,21
1146722,1,25,West Indies,115,1,4.378378378,76,7,0,0,26
1146722,1,26,West Indies,116,2,4.192307692,0,0,1,0,24
1146722,1,27,West Indies,119,2,4.136645963,2,3,0,0,20
1146722,1,28,West Indies,127,2,4.239520958,9,9,0,0,22
1146722,1,29,West Indies,138,2,4.448275862,20,10,0,0,29
1146722,1,30,West Indies,141,2,4.4,23,3,0,0,25
1146722,1,31,West Indies,152,2,4.612903226,34,11,0,0,36
1146722,1,32,West Indies,159,3,4.6875,7,7,1,0,40
1146722,1,33,West Indies,161,3,4.606060606,9,2,0,0,33
1146722,1,34,West Indies,165,3,4.581280788,12,8,0,0,31
1146722,1,35,West Indies,172,3,4.628571429,19,3,0,0,31
1146722,1,36,West Indies,176,3,4.611111111,23,4,0,0,24
1146722,1,37,West Indies,186,3,4.751131222,32,10,0,0,27
1146722,1,38,West Indies,196,3,4.868421053,42,10,0,0,35
1146722,1,39,West Indies,201,4,4.871794872,1,5,1,0,32
1146722,1,40,West Indies,205,4,4.85,5,4,0,0,33
1146722,1,41,West Indies,207,4,4.780487805,7,2,0,0,31
1146722,1,42,West Indies,223,4,5.047619048,23,16,0,0,37
1146722,1,43,West Indies,231,4,5.11627907,31,8,0,0,35
1146722,1,44,West Indies,240,4,5.204545455,40,9,0,0,39
1146722,1,45,West Indies,251,4,5.333333333,51,11,0,0,46
1146722,1,46,West Indies,253,5,5.260869565,0,2,1,0,46
1146722,1,47,West Indies,259,5,5.276595745,6,6,0,0,36
1146722,1,48,West Indies,269,5,5.3728223,15,11,0,0,39
1146722,1,49,West Indies,289,6,5.653061224,10,19,1,0,49
1146722,1,50,West Indies,301,6,5.78,22,12,0,0,50
1153243,1,1,Sri Lanka,1,2,1.0,0,1,2,0,1
1153243,1,2,Sri Lanka,3,2,1.5,2,2,0,0,3
1153243,1,3,Sri Lanka,3,2,1.0,2,0,0,0,3
1153243,1,4,Sri Lanka,6,2,1.5,5,3,0,0,6
1153243,1,5,Sri Lanka,7,2,1.24137931,5,4,0,0,10
1153243,1,6,Sri Lanka,12,2,1.5,8,2,0,0,11
1153243,1,7,Sri Lanka,15,2,1.714285714,11,3,0,0,12
1153243,1,8,Sri Lanka,20,2,2.125,16,5,0,0,17
1153243,1,9,Sri Lanka,22,2,2.111111111,18,2,0,0,16
1153243,1,10,Sri Lanka,24,2,2.1,20,2,0,0,14
1153243,1,11,Sri Lanka,36,2,3.0,32,12,0,0,24
1153243,1,12,Sri Lanka,40,2,3.083333333,36,4,0,0,25
1153243,1,13,Sri Lanka,49,2,3.538461538,45,9,0,0,29
1153243,1,14,Sri Lanka,51,2,3.397590361,46,4,0,0,31
1153243,1,15,Sri Lanka,67,2,4.2,62,14,0,0,43
1153243,1,16,Sri Lanka,70,2,4.125,65,3,0,0,34
1153243,1,17,Sri Lanka,79,2,4.411764706,74,9,0,0,39
1153243,1,18,Sri Lanka,84,2,4.444444444,79,5,0,0,35
1153243,1,19,Sri Lanka,94,2,4.736842105,89,10,0,0,41
1153243,1,20,Sri Lanka,102,2,4.9,97,8,0,0,35
1153243,1,21,Sri Lanka,107,2,4.904761905,102,5,0,0,37
1153243,1,22,Sri Lanka,113,2,4.954545455,108,6,0,0,34
1153243,1,23,Sri Lanka,119,2,5.0,114,6,0,0,35
1153243,1,24,Sri Lanka,127,2,5.125,122,8,0,0,33
1153243,1,25,Sri Lanka,134,2,5.2,129,7,0,0,32
1153243,1,26,Sri Lanka,136,3,5.076923077,2,2,1,0,29
1153243,1,27,Sri Lanka,140,4,5.037037037,4,4,1,0,27
1153243,1,28,Sri Lanka,142,5,4.928571429,0,2,1,1,23
1153243,1,29,Sri Lanka,146,5,4.896551724,4,4,0,1,19
1153243,1,30,Sri Lanka,149,5,4.826815642,6,5,0,1,17
1153243,1,31,Sri Lanka,158,5,4.903225806,14,7,0,1,22
1153243,1,32,Sri Lanka,162,5,4.875,18,4,0,1,22
1153243,1,33,Sri Lanka,169,5,4.939393939,25,7,0,1,27
1153243,1,34,Sri Lanka,175,6,4.935960591,0,6,1,1,29
1153243,1,35,Sri Lanka,178,6,4.857142857,3,3,0,1,27
1153243,1,36,Sri Lanka,183,6,4.861111111,8,5,0,1,25
1153243,1,37,Sri Lanka,184,6,4.756756757,9,1,0,1,22
1153243,1,38,Sri Lanka,190,6,4.789473684,15,6,0,1,21
1153243,1,39,Sri Lanka,195,6,4.789699571,19,5,1,1,20
1153243,1,40,Sri Lanka,198,7,4.725,3,3,0,1,20
1153243,1,41,Sri Lanka,202,7,4.707317073,7,4,0,1,19
1153243,1,42,Sri Lanka,202,7,4.595238095,7,0,0,1,18
1153243,1,43,Sri Lanka,203,8,4.511627907,0,1,1,1,13
1153243,1,44,Sri Lanka,210,8,4.568181818,7,7,0,1,15
1153243,1,45,Sri Lanka,219,8,4.666666667,16,9,0,1,21
1153243,1,46,Sri Lanka,222,8,4.630434783,19,3,0,1,20
1153243,1,47,Sri Lanka,229,9,4.680851064,0,7,1,1,27
1153243,1,48,Sri Lanka,244,9,4.895833333,15,15,0,1,41
1153243,1,49,Sri Lanka,249,9,4.897959184,20,5,0,1,39
1153243,1,50,Sri Lanka,261,10,5.090909091,0,12,1,1,42
1153249,1,1,India,3,0,2.4,2,4,0,0,4
1153249,1,2,India,5,0,2.0,4,1,0,0,5
1153249,1,3,India,7,0,2.0,6,2,0,0,7
1153249,1,4,India,14,0,3.25,13,7,0,0,14
1153249,1,5,India,16,1,3.0,1,2,1,0,16
1153249,1,6,India,21,2,3.333333333,5,5,1,0,17
1153249,1,7,India,21,2,2.857142857,5,0,0,0,16
1153249,1,8,India,26,2,3.125,10,5,0,0,19
1153249,1,9,India,31,2,3.333333333,15,5,0,0,17
1153249,1,10,India,43,3,4.06779661,1,13,1,1,28
1153249,1,11,India,47,3,4.0,5,3,0,1,26
1153249,1,12,India,49,3,3.833333333,7,2,0,1,28
1153249,1,13,India,52,3,3.769230769,10,3,0,1,26
1153249,1,14,India,56,3,3.785714286,14,4,0,1,25
1153249,1,15,India,59,3,3.733333333,17,3,0,1,15
1153249,1,16,India,60,4,3.5625,0,1,1,1,13
1153249,1,17,India,63,4,3.529411765,3,3,0,1,14
1153249,1,18,India,65,5,3.444444444,0,2,1,1,13
1153249,1,19,India,66,5,3.315789474,1,1,0,1,10
1153249,1,20,India,67,5,3.2,2,1,0,1,8
1153249,1,21,India,72,5,3.285714286,7,5,0,1,12
1153249,1,22,India,74,5,3.227272727,9,2,0,1,11
1153249,1,23,India,75,5,3.130434783,10,1,0,1,10
1153249,1,24,India,77,5,3.083333333,12,2,0,1,11
1153249,1,25,India,78,5,3.0,13,1,0,1,11
1153249,1,26,India,80,5,2.961538462,15,2,0,1,8
1153249,1,27,India,83,5,2.962962963,18,3,0,1,9
1153249,1,28,India,84,5,2.892857143,19,1,0,1,9
1153249,1,29,India,87,5,2.896551724,22,3,0,1,10
1153249,1,30,India,90,5,2.9,25,3,0,1,12
1153249,1,31,India,99,5,3.096774194,34,9,0,1,19
1153249,1,32,India,100,5,3.03125,35,1,0,1,17
1153249,1,33,India,101,6,2.96969697,0,1,1,1,17
1153249,1,34,India,102,7,2.911764706,1,1,1,1,15
1153249,1,35,India,105,7,2.914285714,4,3,0,1,15
1153249,1,36,India,115,7,3.111111111,14,10,0,1,16
1153249,1,37,India,119,7,3.135135135,18,4,0,1,19
1153249,1,38,India,120,7,3.078947368,19,1,0,1,19
1153249,1,39,India,121,7,3.025641026,20,1,0,1,19
1153249,1,40,India,128,7,3.125,27,7,0,1,23
1153249,1,41,India,132,7,3.146341463,31,4,0,1,17
1153249,1,42,India,133,7,3.095238095,32,1,0,1,14
1153249,1,43,India,144,7,3.279069767,43,11,0,1,24
1153249,1,44,India,148,7,3.295454545,47,4,0,1,27
1153249,1,45,India,152,7,3.311111111,51,4,0,1,24
1153249,1,46,India,155,7,3.304347826,54,3,0,1,23
1153249,1,47,India,167,8,3.489361702,0,12,1,1,34
1153249,1,48,India,170,9,3.479166667,1,3,1,1,26
1153249,1,49,India,173,9,3.469387755,4,3,0,1,25
1153249,1,50,India,173,10,3.457627119,0,0,1,1,21
1153255,1,1,India,3,0,3.0,3,3,0,0,3
1153255,1,2,India,8,0,4.0,8,5,0,0,8
1153255,1,3,India,13,0,4.333333333,13,5,0,0,13
1153255,1,4,India,21,0,5.217391304,20,12,0,0,25
1153255,1,5,India,33,0,6.4,32,8,0,0,33
1153255,1,6,India,36,0,5.833333333,35,3,0,0,33
1153255,1,7,India,42,0,5.857142857,41,6,0,0,34
1153255,1,8,India,58,0,7.125,57,16,0,0,45
1153255,1,9,India,64,0,7.0,63,6,0,0,39
1153255,1,10,India,65,0,6.4,64,1,0,0,32
1153255,1,11,India,66,0,5.909090909,65,1,0,0,30
1153255,1,12,India,74,0,6.083333333,73,8,0,0,32
1153255,1,13,India,78,0,5.923076923,77,4,0,0,20
1153255,1,14,India,79,0,5.571428571,78,1,0,0,15
1153255,1,15,India,86,0,5.666666667,85,7,0,0,21
1153255,1,16,India,93,0,5.75,92,7,0,0,27
1153255,1,17,India,97,0,5.647058824,96,4,0,0,23
1153255,1,18,India,102,0,5.611111111,101,5,0,0,24
1153255,1,19,India,108,0,5.631578947,107,6,0,0,29
1153255,1,20,India,116,0,5.75,115,8,0,0,30
1153255,1,21,India,120,1,5.666666667,0,4,1,0,27
1153255,1,22,India,124,1,5.58778626,3,4,0,0,27
1153255,1,23,India,128,1,5.47826087,7,4,0,0,26
1153255,1,24,India,128,2,5.25,0,0,1,0,20
1153255,1,25,India,133,2,5.24,5,5,0,0,17
1153255,1,26,India,135,2,5.115384615,7,2,0,0,15
1153255,1,27,India,138,3,5.037037037,1,3,1,1,14
1153255,1,28,India,139,4,4.892857143,0,1,1,1,11
1153255,1,29,India,145,4,4.931034483,6,6,0,1,17
1153255,1,30,India,147,4,4.833333333,8,2,0,1,14
1153255,1,31,India,149,4,4.741935484,10,2,0,1,14
1153255,1,32,India,150,4,4.625,11,1,0,1,12
1153255,1,33,India,152,5,4.545454545,1,2,1,1,13
1153255,1,34,India,156,5,4.522167488,4,5,0,1,12
1153255,1,35,India,160,5,4.485714286,8,3,0,1,13
1153255,1,36,India,163,5,4.444444444,11,3,0,1,14
1153255,1,37,India,165,5,4.378378378,13,2,0,1,15
1153255,1,38,India,166,5,4.289473684,14,1,0,1,14
1153255,1,39,India,168,5,4.230769231,16,2,0,1,11
1153255,1,40,India,178,5,4.375,26,10,0,1,18
1153255,1,41,India,188,6,4.512195122,0,10,1,1,25
1153255,1,42,India,190,6,4.452380952,2,2,0,0,25
1153255,1,43,India,196,7,4.488372093,0,6,1,0,30
1153255,1,44,India,199,7,4.454545455,3,3,0,0,31
1153255,1,45,India,202,7,4.422222222,6,3,0,0,24
1153255,1,46,India,210,7,4.5,14,8,0,0,22
1153255,1,47,India,213,8,4.462633452,0,3,1,1,23
1153255,1,48,India,221,8,4.515679443,7,8,0,1,25
1153255,1,49,India,222,10,4.474226804,0,1,2,1,23
1153314,2,1,West Indies,1,0,1.0,1,1,0,0,1
1153314,2,2,West Indies,1,0,0.5,1,0,0,0,1
1153314,2,3,West Indies,9,0,3.0,9,8,0,0,9
1153314,2,4,West Indies,12,0,3.0,12,3,0,0,12
1153314,2,5,West Indies,17,0,3.214285714,15,7,0,0,19
1153314,2,6,West Indies,21,0,3.0,18,2,0,0,20
1153314,2,7,West Indies,24,0,2.926829268,20,5,0,0,25
1153314,2,8,West Indies,37,1,4.125,0,11,1,0,28
1153314,2,9,West Indies,43,2,4.301886792,0,6,1,0,31
1153314,2,10,West Indies,45,2,3.966101695,1,4,0,0,28
1153314,2,11,West Indies,49,2,3.876923077,4,3,0,0,29
1153314,2,12,West Indies,53,2,3.802816901,7,3,0,0,27
1153314,2,13,West Indies,57,2,3.769230769,11,4,0,0,20
1153314,2,14,West Indies,63,2,3.928571429,17,6,0,0,20
1153314,2,15,West Indies,68,2,3.97752809,21,5,0,0,21
1153314,2,16,West Indies,74,2,4.0625,27,6,0,0,24
1153314,2,17,West Indies,79,2,4.099009901,31,9,0,0,30
1153314,2,18,West Indies,87,2,4.277777778,39,4,0,0,30
1153314,2,19,West Indies,93,3,4.368421053,4,6,1,0,30
1153314,2,20,West Indies,96,3,4.3,7,3,0,0,28
1153314,2,21,West Indies,105,3,4.523809524,16,9,0,0,31
1153314,2,22,West Indies,112,3,4.636363636,23,7,0,0,29
1153314,2,23,West Indies,117,3,4.652173913,28,5,0,0,30
1153314,2,24,West Indies,122,3,4.657342657,32,9,0,0,33
1153314,2,25,West Indies,134,3,4.905405405,42,13,0,0,43
1153314,2,26,West Indies,146,3,5.115384615,54,7,0,0,41
1153314,2,27,West Indies,153,4,5.185185185,7,7,1,0,41
1153314,2,28,West Indies,157,4,5.142857143,11,4,0,0,40
1153314,2,29,West Indies,173,4,5.514450867,26,16,0,0,47
1153314,2,30,West Indies,176,5,5.396648045,1,3,1,0,37
1153314,2,31,West Indies,179,5,5.290322581,4,3,0,0,33
1153314,2,32,West Indies,187,5,5.375,12,8,0,0,34
1153314,2,33,West Indies,190,5,5.303030303,15,3,0,0,33
1153314,2,34,West Indies,192,5,5.205882353,17,2,0,0,19
1153314,2,35,West Indies,194,5,5.114285714,19,2,0,0,18
1153314,2,36,West Indies,196,5,5.146919431,21,2,0,0,17
1153315,1,1,West Indies,3,0,2.4,2,4,0,0,4
1153315,1,2,West Indies,12,0,4.909090909,9,8,0,0,12
1153315,1,3,West Indies,14,0,3.666666667,11,2,0,0,14
1153315,1,4,West Indies,18,1,3.75,4,4,1,0,18
1153315,1,5,West Indies,25,1,4.137931034,9,11,0,0,29
1153315,1,6,West Indies,34,1,4.833333333,18,5,0,0,30
1153315,1,7,West Indies,35,1,4.285714286,19,1,0,0,23
1153315,1,8,West Indies,40,1,4.375,24,5,0,0,26
1153315,1,9,West Indies,43,1,4.188679245,26,3,0,0,25
1153315,1,10,West Indies,47,1,3.931034483,27,4,0,0,18
1153315,1,11,West Indies,57,1,4.338461538,36,14,0,0,27
1153315,1,12,West Indies,66,1,4.666666667,45,5,0,0,31
1153315,1,13,West Indies,71,1,4.692307692,50,5,0,0,31
1153315,1,14,West Indies,84,1,5.285714286,63,13,0,0,41
1153315,1,15,West Indies,88,1,5.2,67,4,0,0,41
1153315,1,16,West Indies,91,1,5.0625,70,3,0,0,30
1153315,1,17,West Indies,95,1,5.0,74,4,0,0,29
1153315,1,18,West Indies,98,1,4.878504673,76,4,0,0,28
1153315,1,19,West Indies,101,1,4.736842105,79,2,0,0,17
1153315,1,20,West Indies,103,1,4.6,81,2,0,0,15
1153315,1,21,West Indies,112,1,4.80952381,90,9,0,0,21
1153315,1,22,West Indies,116,1,4.772727273,94,4,0,0,21
1153315,1,23,West Indies,124,1,4.913043478,102,8,0,0,25
1153315,1,24,West Indies,127,2,4.833333333,2,3,1,0,26
1153315,1,25,West Indies,128,2,4.68,3,1,0,0,25
1153315,1,26,West Indies,131,2,4.615384615,6,3,0,0,19
1153315,1,27,West Indies,132,3,4.472049689,0,3,1,0,18
1153315,1,28,West Indies,136,3,4.392857143,3,2,0,0,12
1153315,1,29,West Indies,139,3,4.335260116,5,5,0,0,14
1153315,1,30,West Indies,144,3,4.333333333,10,3,0,0,16
1153315,1,31,West Indies,151,3,4.419354839,17,7,0,0,20
1153315,1,32,West Indies,151,3,4.28125,17,0,0,0,17
1153315,1,33,West Indies,153,3,4.212121212,19,2,0,0,17
1153315,1,34,West Indies,157,3,4.205882353,23,4,0,0,16
1153315,1,35,West Indies,160,3,4.171428571,26,3,0,0,16
1153315,1,36,West Indies,164,3,4.158139535,29,4,0,0,13
1153315,1,37,West Indies,170,3,4.189189189,35,6,0,0,19
1153315,1,38,West Indies,176,3,4.236842105,41,6,0,0,23
1153315,1,39,West Indies,181,3,4.256410256,46,5,0,0,24
1153315,1,40,West Indies,191,3,4.4,56,10,0,0,31
1153315,1,41,West Indies,199,4,4.487804878,6,8,1,0,35
1153315,1,42,West Indies,204,4,4.5,11,5,0,0,34
1153315,1,43,West Indies,208,5,4.488372093,0,4,1,0,32
1153315,1,44,West Indies,213,5,4.5,5,5,0,0,32
1153315,1,45,West Indies,229,5,4.750929368,20,16,0,0,38
1153315,1,46,West Indies,234,6,4.739130435,0,5,1,0,35
1153315,1,47,West Indies,239,7,4.744680851,0,5,1,1,35
1153315,1,48,West Indies,250,7,4.875,11,11,0,1,42
1153315,1,49,West Indies,251,7,4.795918367,12,1,0,1,38
1153315,1,50,West Indies,255,7,4.78,16,4,0,1,26
1153316,2,1,West Indies,9,0,9.0,9,9,0,0,9
1153316,2,2,West Indies,13,0,6.5,13,4,0,0,13
1153316,2,3,West Indies,15,0,5.0,15,2,0,0,15
1153316,2,4,West Indies,16,0,4.0,16,1,0,0,16
1153316,2,5,West Indies,21,0,4.2,21,5,0,0,21
1153316,2,6,West Indies,22,0,3.666666667,22,1,0,0,13
1153316,2,7,West Indies,27,0,3.857142857,27,5,0,0,14
1153316,2,8,West Indies,38,0,4.75,38,11,0,0,23
1153316,2,9,West Indies,43,0,4.777777778,43,5,0,0,27
1153316,2,10,West Indies,45,0,4.5,45,2,0,0,24
1153316,2,11,West Indies,48,1,4.363636364,3,3,1,0,26
1153316,2,12,West Indies,49,1,4.083333333,4,1,0,0,22
1153316,2,13,West Indies,55,1,4.230769231,10,6,0,0,17
1153316,2,14,West Indies,62,1,4.428571429,17,7,0,0,19
1153316,2,15,West Indies,68,1,4.533333333,23,6,0,0,23
1153316,2,16,West Indies,73,1,4.5625,28,5,0,0,25
1153316,2,17,West Indies,78,1,4.574257426,32,11,0,0,35
1153316,2,18,West Indies,91,1,5.0,45,7,0,0,36
1153316,2,19,West Indies,93,1,4.842105263,47,2,0,0,31
1153316,2,20,West Indies,96,1,4.68907563,48,3,0,0,28
1153316,2,21,West Indies,105,1,4.857142857,57,9,0,0,32
1153316,2,22,West Indies,107,1,4.727272727,59,2,0,0,23
1153316,2,23,West Indies,110,1,4.652173913,62,3,0,0,19
1153316,2,24,West Indies,116,1,4.708333333,68,6,0,0,23
1153316,2,25,West Indies,120,1,4.68,72,4,0,0,24
1153316,2,26,West Indies,122,1,4.576923077,74,2,0,0,17
1153316,2,27,West Indies,124,1,4.481481481,76,2,0,0,17
1153316,2,28,West Indies,127,1,4.428571429,79,3,0,0,17
1153316,2,29,West Indies,129,1,4.344827586,81,2,0,0,13
1153316,2,30,West Indies,135,1,4.4,87,6,0,0,15
1153316,2,31,West Indies,149,1,4.709677419,101,14,0,0,27
1153316,2,32,West Indies,154,1,4.71875,106,5,0,0,30
1153316,2,33,West Indies,160,1,4.757575758,112,6,0,0,33
1153316,2,34,West Indies,174,1,5.029411765,126,14,0,0,45
1153316,2,35,West Indies,176,1,4.942857143,128,2,0,0,41
1153316,2,36,West Indies,178,2,4.861111111,2,2,1,0,29
1153316,2,37,West Indies,183,2,4.864864865,7,5,0,0,29
1153316,2,38,West Indies,194,2,5.026315789,18,11,0,0,34
1153316,2,39,West Indies,202,2,5.168831169,26,8,0,0,28
1153635,1,1,Zimbabwe,1,0,1.0,1,1,0,0,1
1153635,1,2,Zimbabwe,7,0,3.272727273,6,7,0,0,8
1153635,1,3,Zimbabwe,9,0,2.666666667,8,1,0,0,9
1153635,1,4,Zimbabwe,9,0,2.0,8,0,0,0,9
1153635,1,5,Zimbabwe,16,0,3.0,15,7,0,0,16
1153635,1,6,Zimbabwe,17,2,2.666666667,0,1,2,0,16
1153635,1,7,Zimbabwe,21,2,2.857142857,4,4,0,0,13
1153635,1,8,Zimbabwe,26,2,3.0,7,5,0,0,17
1153635,1,9,Zimbabwe,32,2,3.222222222,13,6,0,0,23
1153635,1,10,Zimbabwe,39,2,3.6,20,7,0,0,23
1153635,1,11,Zimbabwe,42,2,3.507692308,22,9,0,0,31
1153635,1,12,Zimbabwe,52,2,4.0,32,4,0,0,31
1153635,1,13,Zimbabwe,58,2,4.051948052,36,6,0,0,32
1153635,1,14,Zimbabwe,65,2,4.214285714,43,7,0,0,33
1153635,1,15,Zimbabwe,66,3,4.0,0,1,1,0,27
1153635,1,16,Zimbabwe,67,3,3.8125,1,1,0,0,19
1153635,1,17,Zimbabwe,73,3,3.941176471,7,6,0,0,21
1153635,1,18,Zimbabwe,76,3,3.888888889,10,3,0,0,18
1153635,1,19,Zimbabwe,84,3,4.105263158,18,8,0,0,19
1153635,1,20,Zimbabwe,88,3,4.1,22,4,0,0,22
1153635,1,21,Zimbabwe,92,3,4.095238095,26,4,0,0,25
1153635,1,22,Zimbabwe,99,3,4.227272727,33,7,0,0,26
1153635,1,23,Zimbabwe,112,3,4.608695652,46,13,0,0,36
1153635,1,24,Zimbabwe,118,3,4.666666667,52,6,0,0,34
1153635,1,25,Zimbabwe,119,3,4.510067114,52,1,0,0,31
1153635,1,26,Zimbabwe,132,3,4.807692308,65,13,0,0,40
1153635,1,27,Zimbabwe,135,3,4.732919255,67,4,0,0,37
1153635,1,28,Zimbabwe,137,5,4.607142857,0,1,2,0,25
1153635,1,29,Zimbabwe,139,5,4.517241379,2,2,0,0,21
1153635,1,30,Zimbabwe,139,6,4.366666667,0,0,1,1,20
1153635,1,31,Zimbabwe,141,6,4.281081081,1,2,0,1,9
1153635,1,32,Zimbabwe,145,6,4.25,5,4,0,1,9
1153635,1,33,Zimbabwe,147,6,4.181818182,7,2,0,1,10
1153635,1,34,Zimbabwe,150,6,4.147058824,10,3,0,1,11
1153635,1,35,Zimbabwe,157,6,4.228571429,17,7,0,1,18
1153635,1,36,Zimbabwe,164,6,4.305555556,24,7,0,1,23
1153635,1,37,Zimbabwe,168,6,4.262443439,26,5,0,1,24
1153635,1,38,Zimbabwe,172,6,4.236842105,30,3,0,1,25
1153635,1,39,Zimbabwe,177,6,4.256410256,35,5,0,1,27
1153635,1,40,Zimbabwe,186,6,4.375,44,9,0,1,29
1153635,1,41,Zimbabwe,190,6,4.365853659,48,4,0,1,26
1153635,1,42,Zimbabwe,196,6,4.398406375,53,6,0,0,27
1153635,1,43,Zimbabwe,199,6,4.342412451,55,7,0,0,31
1153635,1,44,Zimbabwe,206,6,4.380228137,61,7,0,0,33
1153635,1,45,Zimbabwe,215,6,4.466666667,70,5,0,0,29
1153635,1,46,Zimbabwe,233,6,4.760869565,88,18,0,0,43
1153635,1,47,Zimbabwe,251,6,5.042553191,106,18,0,0,55
1153635,1,48,Zimbabwe,263,6,5.1875,118,12,0,0,60
1153635,1,49,Zimbabwe,267,7,5.163265306,1,4,1,0,57
1153635,1,50,Zimbabwe,270,8,5.117056856,2,4,1,0,56
1153636,2,1,Zimbabwe,2,0,2.0,2,2,0,0,2
1153636,2,2,Zimbabwe,11,0,5.5,11,9,0,0,11
1153636,2,3,Zimbabwe,12,0,4.0,12,1,0,0,12
1153636,2,4,Zimbabwe,18,0,4.434782609,17,7,0,0,19
1153636,2,5,Zimbabwe,29,0,5.6,28,10,0,0,29
1153636,2,6,Zimbabwe,36,0,5.833333333,35,7,0,0,34
1153636,2,7,Zimbabwe,37,0,5.142857143,36,1,0,0,26
1153636,2,8,Zimbabwe,44,0,5.375,43,7,0,0,32
1153636,2,9,Zimbabwe,48,0,5.222222222,47,4,0,0,29
1153636,2,10,Zimbabwe,50,0,4.9,49,2,0,0,21
1153636,2,11,Zimbabwe,55,0,4.909090909,54,5,0,0,19
1153636,2,12,Zimbabwe,61,0,5.0,60,6,0,0,24
1153636,2,13,Zimbabwe,75,0,5.61038961,72,15,0,0,32
1153636,2,14,Zimbabwe,87,0,6.0,84,11,0,0,39
1153636,2,15,Zimbabwe,95,0,6.134831461,91,9,0,0,46
1153636,2,16,Zimbabwe,104,0,6.25,100,8,0,0,49
1153636,2,17,Zimbabwe,112,0,6.352941176,108,8,0,0,51
1153636,2,18,Zimbabwe,115,0,6.166666667,111,3,0,0,39
1153636,2,19,Zimbabwe,118,0,6.0,114,3,0,0,31
1153636,2,20,Zimbabwe,123,0,5.95,119,5,0,0,27
1153636,2,21,Zimbabwe,131,0,6.047619048,127,8,0,0,27
1153636,2,22,Zimbabwe,132,0,5.818181818,128,1,0,0,20
1153636,2,23,Zimbabwe,138,0,5.823529412,132,7,0,0,24
1153636,2,24,Zimbabwe,148,1,5.916666667,0,9,1,0,30
1153636,2,25,Zimbabwe,152,1,5.84,4,4,0,0,29
1153636,2,26,Zimbabwe,152,2,5.615384615,0,0,1,0,21
1153636,2,27,Zimbabwe,156,2,5.552795031,3,4,0,0,24
1153636,2,28,Zimbabwe,159,2,5.428571429,6,3,0,0,20
1153636,2,29,Zimbabwe,163,2,5.379310345,10,4,0,0,15
1153636,2,30,Zimbabwe,167,2,5.333333333,14,4,0,0,15
1153636,2,31,Zimbabwe,171,2,5.290322581,18,4,0,0,19
1153636,2,32,Zimbabwe,181,2,5.4375,28,10,0,0,25
1153636,2,33,Zimbabwe,188,2,5.484848485,35,7,0,0,29
1153636,2,34,Zimbabwe,194,2,5.497536946,40,7,0,0,32
1153636,2,35,Zimbabwe,202,2,5.542857143,48,7,0,0,35
1153636,2,36,Zimbabwe,207,2,5.525581395,52,5,0,0,36
1153636,2,37,Zimbabwe,210,2,5.432432432,55,3,0,0,29
1153636,2,38,Zimbabwe,213,3,5.365638767,2,5,1,0,27
1153636,2,39,Zimbabwe,217,3,5.30472103,5,2,0,0,22
1153636,2,40,Zimbabwe,220,3,5.225,8,3,0,0,18
1153636,2,41,Zimbabwe,227,3,5.268292683,15,7,0,0,20
1153636,2,42,Zimbabwe,231,3,5.211155378,17,5,0,0,22
1153636,2,43,Zimbabwe,239,3,5.255813953,25,7,0,0,24
1153636,2,44,Zimbabwe,244,3,5.25,30,5,0,0,27
1153636,2,45,Zimbabwe,250,3,5.366037736,36,6,0,0,30
1153637,2,1,Zimbabwe,1,1,1.0,1,1,1,0,1
1153637,2,2,Zimbabwe,6,1,3.0,6,5,0,0,6
1153637,2,3,Zimbabwe,15,1,5.0,15,9,0,0,15
1153637,2,4,Zimbabwe,22,1,5.5,22,7,0,0,22
1153637,2,5,Zimbabwe,24,1,4.8,24,2,0,0,24
1153637,2,6,Zimbabwe,30,1,4.941176471,28,14,0,0,37
1153637,2,7,Zimbabwe,52,1,7.142857143,50,14,0,0,46
1153637,2,8,Zimbabwe,61,1,7.375,59,9,0,0,46
1153637,2,9,Zimbabwe,71,1,7.666666667,69,10,0,0,49
1153637,2,10,Zimbabwe,80,1,7.728813559,76,9,0,0,56
1153637,2,11,Zimbabwe,83,1,7.181818182,79,3,0,0,45
1153637,2,12,Zimbabwe,87,1,6.916666667,83,4,0,0,35
1153637,2,13,Zimbabwe,92,1,6.769230769,88,5,0,0,31
1153637,2,14,Zimbabwe,96,1,6.571428571,92,4,0,0,25
1153637,2,15,Zimbabwe,97,1,6.2,93,1,0,0,17
1153637,2,16,Zimbabwe,107,1,6.4375,103,10,0,0,24
1153637,2,17,Zimbabwe,111,1,6.294117647,107,4,0,0,24
1153637,2,18,Zimbabwe,116,1,6.112149533,109,6,0,0,25
1153637,2,19,Zimbabwe,120,1,5.946428571,111,4,0,0,25
1153637,2,20,Zimbabwe,130,1,6.05,121,9,0,0,33
1153637,2,21,Zimbabwe,135,1,6.0,125,6,0,0,29
1153637,2,22,Zimbabwe,144,1,6.091603053,133,8,0,0,33
1153637,2,23,Zimbabwe,152,1,5.95620438,136,9,0,0,36
1153637,2,24,Zimbabwe,164,1,6.166666667,148,11,0,0,43
1153637,2,25,Zimbabwe,173,1,6.28,157,9,0,0,43
1153637,2,26,Zimbabwe,187,1,6.576923077,171,14,0,0,51
1153637,2,27,Zimbabwe,198,1,6.740740741,182,11,0,0,54
1153637,2,28,Zimbabwe,203,1,6.678571429,187,5,0,0,50
1153637,2,29,Zimbabwe,217,1,6.931034483,201,14,0,0,53
1153637,2,30,Zimbabwe,220,2,6.8,0,3,1,0,47
1153637,2,31,Zimbabwe,225,2,6.741935484,5,5,0,0,38
1153637,2,32,Zimbabwe,233,2,6.663157895,7,10,0,0,37
1153637,2,33,Zimbabwe,236,2,6.487309645,9,2,0,0,34
1153637,2,34,Zimbabwe,239,2,6.352941176,12,2,0,0,22
1153637,2,35,Zimbabwe,246,2,6.371428571,19,7,0,0,26
1153637,2,36,Zimbabwe,257,2,6.474418605,28,11,0,0,32
1153637,2,37,Zimbabwe,260,2,6.351351351,31,3,0,0,25
1153637,2,38,Zimbabwe,265,2,6.315789474,36,5,0,0,28
1153637,2,39,Zimbabwe,272,2,6.334763948,42,8,0,0,34
1153637,2,40,Zimbabwe,274,3,6.2,0,1,1,0,28
1153637,2,41,Zimbabwe,276,3,6.097560976,2,2,0,0,19
1153637,2,42,Zimbabwe,282,3,6.095238095,8,6,0,0,22
1153637,2,43,Zimbabwe,288,3,6.213438735,14,6,0,0,23
1153844,1,1,New Zealand,5,0,5.0,5,5,0,0,5
1153844,1,2,New Zealand,9,1,4.5,4,4,1,0,9
1153844,1,3,New Zealand,14,1,4.666666667,9,5,0,0,14
1153844,1,4,New Zealand,19,1,4.75,14,5,0,0,19
1153844,1,5,New Zealand,19,2,3.8,0,0,1,0,19
1153844,1,6,New Zealand,29,2,4.833333333,10,10,0,0,24
1153844,1,7,New Zealand,41,2,5.857142857,22,12,0,0,32
1153844,1,8,New Zealand,42,3,5.25,0,1,1,1,28
1153844,1,9,New Zealand,45,4,5.0,3,3,1,1,26
1153844,1,10,New Zealand,50,4,5.0,8,5,0,1,31
1153844,1,11,New Zealand,51,4,4.636363636,9,1,0,1,22
1153844,1,12,New Zealand,53,4,4.416666667,11,2,0,1,12
1153844,1,13,New Zealand,54,4,4.153846154,12,1,0,1,12
1153844,1,14,New Zealand,58,4,4.142857143,16,4,0,1,13
1153844,1,15,New Zealand,59,4,3.933333333,17,1,0,1,9
1153844,1,16,New Zealand,61,4,3.789473684,18,2,0,1,10
1153844,1,17,New Zealand,70,4,4.058823529,27,9,0,1,17
1153844,1,18,New Zealand,71,5,3.869158879,0,2,1,1,18
1153844,1,19,New Zealand,73,5,3.736842105,2,1,0,1,15
1153844,1,20,New Zealand,81,5,3.95,10,8,0,1,22
1153844,1,21,New Zealand,88,5,4.095238095,17,7,0,1,27
1153844,1,22,New Zealand,90,5,3.984732824,18,3,0,1,21
1153844,1,23,New Zealand,98,6,4.116788321,25,11,1,1,30
1153844,1,24,New Zealand,105,6,4.195804196,31,8,0,0,37
1153844,1,25,New Zealand,114,6,4.16,35,4,0,0,33
1153844,1,26,New Zealand,116,6,4.076923077,37,2,0,0,28
1153844,1,27,New Zealand,123,6,4.185185185,44,7,0,0,32
1153844,1,28,New Zealand,128,6,4.203592814,48,6,0,0,27
1153844,1,29,New Zealand,131,7,4.137931034,0,2,1,0,21
1153844,1,30,New Zealand,135,7,4.112359551,2,4,0,0,21
1153844,1,31,New Zealand,143,7,4.193548387,10,8,0,0,27
1153844,1,32,New Zealand,146,7,4.15625,13,3,0,0,23
1153844,1,33,New Zealand,150,7,4.151515152,17,4,0,0,21
1153844,1,34,New Zealand,154,7,4.137931034,20,6,0,0,25
1153844,1,35,New Zealand,161,7,4.2,27,5,0,0,26
1153844,1,36,New Zealand,167,7,4.25,33,6,0,0,24
1153844,1,37,New Zealand,171,7,4.235294118,36,4,0,0,25
1153844,1,38,New Zealand,173,7,4.157894737,38,2,0,0,23
1153844,1,39,New Zealand,175,7,4.102564103,40,2,0,0,19
1153844,1,40,New Zealand,181,7,4.15,46,6,0,0,20
1153844,1,41,New Zealand,185,7,4.146341463,50,4,0,0,18
1153844,1,42,New Zealand,192,7,4.214285714,57,7,0,0,21
1153844,1,43,New Zealand,195,7,4.186046512,60,3,0,0,22
1153844,1,44,New Zealand,209,7,4.409090909,74,14,0,0,34
1153844,1,45,New Zealand,215,8,4.444444444,0,6,1,0,34
1153844,1,46,New Zealand,223,8,4.52173913,8,8,0,0,38
1153844,1,47,New Zealand,229,8,4.553191489,14,6,0,0,37
1153844,1,48,New Zealand,229,9,4.458333333,0,0,1,0,34
1153844,1,49,New Zealand,232,9,4.417808219,1,3,1,1,23
1153845,1,1,New Zealand,1,0,1.0,1,1,0,0,1
1153845,1,2,New Zealand,1,0,0.5,1,0,0,0,1
1153845,1,3,New Zealand,3,0,0.705882353,2,4,0,0,5
1153845,1,4,New Zealand,10,1,2.25,5,5,1,0,10
1153845,1,5,New Zealand,12,1,2.2,7,2,0,0,12
1153845,1,6,New Zealand,16,1,2.5,11,4,0,0,15
1153845,1,7,New Zealand,16,2,2.142857143,0,0,1,0,15
1153845,1,8,New Zealand,22,2,2.625,6,6,0,0,17
1153845,1,9,New Zealand,23,2,2.444444444,7,1,0,0,13
1153845,1,10,New Zealand,32,2,3.1,16,9,0,0,20
1153845,1,11,New Zealand,39,2,3.454545455,23,7,0,0,23
1153845,1,12,New Zealand,45,2,3.666666667,29,6,0,0,29
1153845,1,13,New Zealand,54,3,3.692307692,4,9,1,0,32
1153845,1,14,New Zealand,64,3,3.831325301,9,10,0,0,41
1153845,1,15,New Zealand,69,3,3.842696629,13,5,0,0,37
1153845,1,16,New Zealand,71,3,3.6875,15,2,0,0,32
1153845,1,17,New Zealand,73,3,3.564356436,16,6,0,0,32
1153845,1,18,New Zealand,81,4,3.777777778,0,4,1,0,27
1153845,1,19,New Zealand,86,4,3.82300885,4,5,0,0,22
1153845,1,20,New Zealand,92,4,3.9,10,6,0,0,23
1153845,1,21,New Zealand,94,5,3.80952381,1,2,1,0,23
1153845,1,22,New Zealand,99,5,3.847328244,5,5,0,0,22
1153845,1,23,New Zealand,103,5,3.826086957,9,4,0,0,22
1153845,1,24,New Zealand,107,5,3.833333333,13,4,0,0,21
1153845,1,25,New Zealand,115,5,4.0,21,8,0,0,23
1153845,1,26,New Zealand,118,5,3.948387097,23,3,0,0,24
1153845,1,27,New Zealand,125,5,4.037037037,30,7,0,0,26
1153845,1,28,New Zealand,127,5,3.964285714,32,2,0,0,24
1153845,1,29,New Zealand,129,5,3.896551724,34,2,0,0,22
1153845,1,30,New Zealand,136,5,4.0,41,7,0,0,21
1153845,1,31,New Zealand,140,5,4.0,45,4,0,0,22
1153845,1,32,New Zealand,148,5,4.125,53,8,0,0,23
1153845,1,33,New Zealand,160,5,4.363636364,65,12,0,0,33
1153845,1,34,New Zealand,168,5,4.470588235,73,8,0,0,39
1153845,1,35,New Zealand,175,6,4.542857143,7,7,1,0,39
1153845,1,36,New Zealand,176,6,4.444444444,8,1,0,0,36
1153845,1,37,New Zealand,179,6,4.405405405,11,3,0,0,31
1153845,1,38,New Zealand,180,6,4.315789474,12,1,0,0,20
1153845,1,39,New Zealand,183,6,4.282051282,15,3,0,0,15
1153845,1,40,New Zealand,190,6,4.35,22,7,0,0,15
1153845,1,41,New Zealand,192,7,4.292682927,2,2,1,0,16
1153845,1,42,New Zealand,198,7,4.326693227,7,6,0,0,19
1153845,1,43,New Zealand,204,7,4.348837209,13,6,0,0,24
1153845,1,44,New Zealand,206,8,4.295454545,0,2,1,1,23
1153845,1,45,New Zealand,208,8,4.244444444,2,2,0,1,18
1153845,1,46,New Zealand,211,9,4.217391304,0,3,1,1,19
1153845,1,47,New Zealand,216,9,4.234042553,5,5,0,1,18
1153845,1,48,New Zealand,217,9,4.166666667,6,1,0,1,13
1153845,1,49,New Zealand,224,9,4.224489796,13,7,0,1,18
1153845,1,50,New Zealand,226,10,4.208053691,0,2,1,1,18
1153846,2,1,New Zealand,1,2,0.0,0,1,2,0,1
1153846,2,2,New Zealand,2,2,0.5,1,1,0,0,2
1153846,2,3,New Zealand,2,3,0.333333333,0,0,1,1,2
1153846,2,4,New Zealand,2,3,0.25,0,0,0,1,2
1153846,2,5,New Zealand,8,3,0.214285714,0,6,0,1,8
1153846,2,6,New Zealand,20,3,2.166666667,12,12,0,1,19
1153846,2,7,New Zealand,28,3,2.926829268,19,8,0,1,26
1153846,2,8,New Zealand,30,3,2.75,21,2,0,1,28
1153846,2,9,New Zealand,32,3,2.603773585,22,6,0,1,34
1153846,2,10,New Zealand,40,4,3.1,0,4,1,1,32
1153846,2,11,New Zealand,51,4,3.818181818,11,11,0,1,31
1153846,2,12,New Zealand,55,4,3.833333333,15,4,0,1,27
1153846,2,13,New Zealand,58,4,3.769230769,18,3,0,1,28
1153846,2,14,New Zealand,60,4,3.642857143,20,2,0,1,24
1153846,2,15,New Zealand,61,5,3.466666667,0,1,1,0,21
1153846,2,16,New Zealand,66,5,3.536842105,4,5,0,0,15
1153846,2,17,New Zealand,72,5,3.647058824,10,6,0,0,17
1153846,2,18,New Zealand,75,5,3.588785047,12,3,0,0,17
1153846,2,19,New Zealand,77,5,3.451327434,13,6,0,0,21
1153846,2,20,New Zealand,91,5,3.95,27,10,0,0,30
1153846,2,21,New Zealand,94,5,3.888,29,3,0,0,28
1153846,2,22,New Zealand,94,5,3.681818182,29,0,0,0,22
1153846,2,23,New Zealand,101,5,3.826086957,36,7,0,0,26
1153846,2,24,New Zealand,106,5,3.875,41,5,0,0,25
1153846,2,25,New Zealand,113,5,4.0,48,7,0,0,22
1153846,2,26,New Zealand,113,5,3.846153846,48,0,0,0,19
1153846,2,27,New Zealand,119,5,3.925925926,54,6,0,0,25
1153846,2,28,New Zealand,122,5,3.892857143,57,3,0,0,21
1153846,2,29,New Zealand,126,5,3.896551724,61,4,0,0,20
1153846,2,30,New Zealand,133,5,4.0,68,7,0,0,20
1153846,2,31,New Zealand,136,5,3.967741935,71,3,0,0,23
1153846,2,32,New Zealand,142,5,4.03125,77,6,0,0,23
1153846,2,33,New Zealand,149,5,4.121212121,84,7,0,0,27
1153846,2,34,New Zealand,162,5,4.382352941,97,13,0,0,36
1153846,2,35,New Zealand,166,6,4.355769231,2,5,1,0,34
1153846,2,36,New Zealand,174,7,4.416666667,4,7,1,0,38
1153846,2,37,New Zealand,179,7,4.432432432,9,5,0,0,37
1153846,2,38,New Zealand,193,7,4.678414097,22,14,0,0,44
1153846,2,39,New Zealand,194,7,4.564102564,23,1,0,0,32
1153846,2,40,New Zealand,198,7,4.55,27,4,0,0,31
1153846,2,41,New Zealand,208,7,4.67755102,36,11,0,0,35
1153846,2,42,New Zealand,212,7,4.642857143,40,3,0,0,33
1153846,2,43,New Zealand,213,7,4.558139535,41,1,0,0,20
1153846,2,44,New Zealand,218,7,4.568181818,46,5,0,0,24
1153846,2,45,New Zealand,226,7,4.644444444,54,8,0,0,28
1153846,2,46,New Zealand,237,7,4.778181818,64,11,1,0,28
1153846,2,47,New Zealand,241,8,4.744680851,4,4,0,0,29
1153846,2,48,New Zealand,242,10,4.732394366,0,1,2,1,29
1168512,2,1,West Indies,5,0,4.8,4,5,0,0,5
1168512,2,2,West Indies,12,0,5.5,11,7,0,0,12
1168512,2,3,West Indies,18,0,5.666666667,17,6,0,0,18
1168512,2,4,West Indies,20,0,4.75,19,2,0,0,20
1168512,2,5,West Indies,35,0,6.827586207,33,15,0,0,35
1168512,2,6,West Indies,41,0,6.5,39,6,0,0,36
1168512,2,7,West Indies,42,0,5.714285714,40,1,0,0,30
1168512,2,8,West Indies,46,0,5.5,44,4,0,0,28
1168512,2,9,West Indies,54,1,5.777777778,0,8,1,0,34
1168512,2,10,West Indies,58,1,5.6,4,4,0,0,23
1168512,2,11,West Indies,63,1,5.545454545,9,5,0,0,22
1168512,2,12,West Indies,66,1,5.333333333,12,3,0,0,24
1168512,2,13,West Indies,70,1,5.230769231,16,4,0,0,24
1168512,2,14,West Indies,79,1,5.5,25,9,0,0,25
1168512,2,15,West Indies,80,1,5.2,26,1,0,0,22
1168512,2,16,West Indies,82,1,5.0,28,2,0,0,19
1168512,2,17,West Indies,89,1,5.117647059,35,7,0,0,23
1168512,2,18,West Indies,90,1,4.888888889,36,1,0,0,20
1168512,2,19,West Indies,95,1,4.894736842,41,5,0,0,16
1168512,2,20,West Indies,101,1,4.95,47,6,0,0,21
1168512,2,21,West Indies,108,3,5.047619048,1,7,2,0,26
1168512,2,22,West Indies,111,3,4.954545455,4,3,0,0,22
1168512,2,23,West Indies,117,3,5.0,10,6,0,0,27
1168512,2,24,West Indies,119,3,4.875,12,2,0,0,24
1168512,2,25,West Indies,128,3,5.04,21,9,0,0,27
1168512,2,26,West Indies,129,3,4.884615385,22,1,0,0,21
1168512,2,27,West Indies,137,3,5.0,30,8,0,0,26
1168512,2,28,West Indies,145,3,5.107142857,38,8,0,0,28
1168512,2,29,West Indies,151,3,5.137931034,44,6,0,0,32
1168512,2,30,West Indies,153,3,5.033333333,46,2,0,0,25
1168512,2,31,West Indies,153,3,4.870967742,46,0,0,0,24
1168512,2,32,West Indies,162,3,5.0,55,9,0,0,25
1168512,2,33,West Indies,172,3,5.151515152,65,10,0,0,27
1168512,2,34,West Indies,176,3,5.113300493,68,5,0,0,26
1168512,2,35,West Indies,179,3,5.028571429,71,2,0,0,26
1168512,2,36,West Indies,188,3,5.138888889,80,9,0,0,35
1168512,2,37,West Indies,191,4,5.081081081,1,3,1,0,29
1168512,2,38,West Indies,196,4,5.074889868,5,6,0,0,25
1168512,2,39,West Indies,204,4,5.128205128,13,7,0,0,27
1168512,2,40,West Indies,207,4,5.075,16,3,0,0,28
1168512,2,41,West Indies,215,4,5.146341463,24,8,0,0,27
1168512,2,42,West Indies,218,4,5.095238095,27,3,0,0,27
1168512,2,43,West Indies,221,4,5.046511628,30,3,0,0,24
1168512,2,44,West Indies,224,4,5.0,33,3,0,0,20
1168512,2,45,West Indies,237,4,5.177777778,46,13,0,0,30
1168512,2,46,West Indies,240,4,5.130434783,49,3,0,0,25
1168512,2,47,West Indies,243,5,5.081850534,2,4,1,0,26
1168512,2,48,West Indies,248,5,5.112676056,6,4,0,0,27
1168513,2,1,Ireland,2,0,2.0,2,2,0,0,2
1168513,2,2,Ireland,7,0,3.272727273,6,7,0,0,9
1168513,2,3,Ireland,14,0,4.333333333,13,5,0,0,14
1168513,2,4,Ireland,19,0,4.5,18,5,0,0,19
1168513,2,5,Ireland,24,0,4.6,23,5,0,0,24
1168513,2,6,Ireland,32,0,5.166666667,31,8,0,0,30
1168513,2,7,Ireland,34,0,4.714285714,33,2,0,0,25
1168513,2,8,Ireland,42,0,5.125,41,8,0,0,28
1168513,2,9,Ireland,53,0,5.777777778,52,11,0,0,34
1168513,2,10,Ireland,58,0,5.7,57,5,0,0,34
1168513,2,11,Ireland,66,0,5.909090909,65,8,0,0,34
1168513,2,12,Ireland,75,0,6.169014085,73,10,0,0,42
1168513,2,13,Ireland,85,0,6.384615385,83,9,0,0,43
1168513,2,14,Ireland,93,0,6.5,91,8,0,0,40
1168513,2,15,Ireland,103,0,6.733333333,101,10,0,0,45
1168513,2,16,Ireland,112,0,6.875,110,9,0,0,46
1168513,2,17,Ireland,118,1,6.831683168,1,10,1,0,46
1168513,2,18,Ireland,124,1,6.722222222,7,2,0,0,39
1168513,2,19,Ireland,129,1,6.637168142,11,5,0,0,36
1168513,2,20,Ireland,139,1,6.75,21,10,0,0,36
1168513,2,21,Ireland,148,1,6.864,29,11,0,0,38
1168513,2,22,Ireland,159,1,7.0,40,9,0,0,37
1168513,2,23,Ireland,165,2,6.956521739,5,6,1,0,41
1168513,2,24,Ireland,170,2,6.875,10,5,0,0,41
1168513,2,25,Ireland,176,2,6.84,16,6,0,0,37
1168513,2,26,Ireland,177,2,6.615384615,17,1,0,0,27
1168513,2,27,Ireland,185,2,6.666666667,25,8,0,0,26
1168513,2,28,Ireland,196,2,6.821428571,36,11,0,0,31
1168513,2,29,Ireland,198,2,6.655172414,38,2,0,0,28
1168513,2,30,Ireland,206,2,6.7,46,8,0,0,30
1168513,2,31,Ireland,212,2,6.681081081,51,7,0,0,36
1168513,2,32,Ireland,219,2,6.65625,58,6,0,0,34
1168513,2,33,Ireland,225,3,6.639593909,1,6,1,0,29
1168513,2,34,Ireland,231,3,6.588235294,7,6,0,0,33
1168513,2,35,Ireland,240,3,6.657142857,16,9,0,0,34
1168513,2,36,Ireland,247,4,6.666666667,0,7,1,0,34
1168513,2,37,Ireland,250,4,6.567567568,3,3,0,0,31
1168513,2,38,Ireland,253,4,6.477876106,4,5,0,0,30
1168513,2,39,Ireland,267,4,6.592274678,16,16,0,0,40
1168513,2,40,Ireland,276,4,6.625,25,5,0,0,36
1168513,2,41,Ireland,278,5,6.512195122,0,2,1,0,31
1168513,2,42,Ireland,288,5,6.595238095,10,10,0,0,38
1168513,2,43,Ireland,294,5,6.581395349,16,6,0,0,39
1168514,2,1,West Indies,10,0,10.8,9,10,0,0,10
1168514,2,2,West Indies,16,0,7.636363636,14,6,0,0,16
1168514,2,3,West Indies,33,0,10.33333333,31,17,0,0,33
1168514,2,4,West Indies,46,0,11.0,44,13,0,0,46
1168514,2,5,West Indies,51,0,9.8,49,5,0,0,51
1168514,2,6,West Indies,60,2,9.666666667,0,9,2,0,50
1168514,2,7,West Indies,70,2,9.714285714,10,10,0,0,54
1168514,2,8,West Indies,78,2,9.5,18,8,0,0,45
1168514,2,9,West Indies,91,2,9.888888889,31,13,0,0,45
1168514,2,10,West Indies,94,2,9.2,34,3,0,0,43
1168514,2,11,West Indies,102,2,9.090909091,42,8,0,0,42
1168514,2,12,West Indies,110,3,9.085714286,1,10,1,0,42
1168514,2,13,West Indies,127,3,9.506493506,17,17,0,0,51
1168514,2,14,West Indies,134,4,9.214285714,0,5,1,0,43
1168514,2,15,West Indies,142,4,9.133333333,8,8,0,0,48
1168514,2,16,West Indies,145,5,8.75,2,3,1,1,43
1168514,2,17,West Indies,152,5,8.647058824,9,7,0,1,40
1168514,2,18,West Indies,155,5,8.333333333,12,3,0,1,26
1168514,2,19,West Indies,165,5,8.421052632,22,10,0,1,31
1168514,2,20,West Indies,171,5,8.3,28,6,0,0,29
1168514,2,21,West Indies,183,5,8.476190476,40,12,0,0,38
1168514,2,22,West Indies,208,5,9.227272727,65,25,0,0,56
1168514,2,23,West Indies,213,5,9.109489051,70,5,0,0,58
1193504,2,1,Sri Lanka,1,1,0.0,0,1,1,0,1
1193504,2,2,Sri Lanka,2,1,0.5,1,1,0,0,2
1193504,2,3,Sri Lanka,3,1,0.666666667,2,1,0,0,3
1193504,2,4,Sri Lanka,14,1,3.25,13,11,0,0,14
1193504,2,5,Sri Lanka,21,1,3.931034483,19,7,0,0,21
1193504,2,6,Sri Lanka,25,1,3.833333333,23,4,0,0,24
1193504,2,7,Sri Lanka,29,1,3.804878049,26,5,0,0,28
1193504,2,8,Sri Lanka,30,2,3.375,0,0,1,0,27
1193504,2,9,Sri Lanka,30,3,3.0,0,0,1,1,16
1193504,2,10,Sri Lanka,36,3,3.3,6,6,0,1,15
1193504,2,11,Sri Lanka,37,3,3.090909091,7,1,0,1,12
1193504,2,12,Sri Lanka,39,4,3.0,0,2,1,1,9
1193504,2,13,Sri Lanka,41,4,2.923076923,2,2,0,1,11
1193504,2,14,Sri Lanka,55,4,3.073170732,6,14,0,1,25
1193504,2,15,Sri Lanka,65,4,3.438202247,15,14,0,1,33
1193504,2,16,Sri Lanka,75,4,3.8125,25,6,0,1,38
1193504,2,17,Sri Lanka,81,4,3.941176471,31,6,0,1,42
1193504,2,18,Sri Lanka,89,4,4.166666667,39,8,0,1,48
1193504,2,19,Sri Lanka,94,4,4.194690265,43,6,0,1,40
1193504,2,20,Sri Lanka,101,4,4.3,50,6,0,0,32
1193504,2,21,Sri Lanka,107,4,4.380952381,56,6,0,0,32
1193504,2,22,Sri Lanka,112,4,4.409090909,61,5,0,0,31
1193504,2,23,Sri Lanka,122,4,4.652173913,71,10,0,0,33
1193504,2,24,Sri Lanka,130,4,4.791666667,79,8,0,0,35
1193504,2,25,Sri Lanka,134,4,4.76,83,4,0,0,33
1193504,2,26,Sri Lanka,140,4,4.807692308,89,6,0,0,33
1193504,2,27,Sri Lanka,144,4,4.777777778,93,4,0,0,32
1193504,2,28,Sri Lanka,149,4,4.785714286,98,5,0,0,27
1193504,2,29,Sri Lanka,153,5,4.75862069,3,4,1,0,23
1193504,2,30,Sri Lanka,156,5,4.69273743,5,8,0,0,27
1193504,2,31,Sri Lanka,166,5,4.806451613,14,5,0,0,26
1193504,2,32,Sri Lanka,174,5,4.869109948,20,9,0,0,31
1193504,2,33,Sri Lanka,179,5,4.842639594,24,4,0,0,30
1193504,2,34,Sri Lanka,183,6,4.78817734,27,5,1,0,31
1193504,2,35,Sri Lanka,187,7,4.742857143,0,3,1,1,26
1193504,2,36,Sri Lanka,190,7,4.688372093,2,4,0,1,25
1193504,2,37,Sri Lanka,194,7,4.648648649,6,3,0,1,19
1193504,2,38,Sri Lanka,198,7,4.619469027,8,5,0,1,20
1193504,2,39,Sri Lanka,203,9,4.58974359,3,4,2,1,19
1193504,2,40,Sri Lanka,204,9,4.5,4,1,0,1,17
1193504,2,41,Sri Lanka,218,9,4.731707317,18,14,0,1,27
1193504,2,42,Sri Lanka,223,10,4.776,0,5,1,1,29
1193506,2,1,Sri Lanka,4,0,4.0,4,4,0,0,4
1193506,2,2,Sri Lanka,5,1,2.5,1,1,1,0,5
1193506,2,3,Sri Lanka,6,1,2.0,2,1,0,0,6
1193506,2,4,Sri Lanka,8,1,2.0,4,2,0,0,8
1193506,2,5,Sri Lanka,12,1,2.4,8,4,0,0,12
1193506,2,6,Sri Lanka,14,1,2.117647059,8,3,0,0,11
1193506,2,7,Sri Lanka,19,1,2.428571429,13,4,0,0,14
1193506,2,8,Sri Lanka,29,2,3.375,0,10,1,0,23
1193506,2,9,Sri Lanka,39,2,4.111111111,10,10,0,0,31
1193506,2,10,Sri Lanka,41,2,3.86440678,11,2,0,0,29
1193506,2,11,Sri Lanka,43,2,3.636363636,13,2,0,0,28
1193506,2,12,Sri Lanka,46,2,3.549295775,15,3,1,0,27
1193506,2,13,Sri Lanka,48,3,3.384615385,2,2,0,0,19
1193506,2,14,Sri Lanka,49,3,3.214285714,3,1,0,0,10
1193506,2,15,Sri Lanka,59,3,3.666666667,13,10,0,0,18
1193506,2,16,Sri Lanka,61,4,3.5625,1,2,1,1,18
1193506,2,17,Sri Lanka,68,4,3.764705882,8,7,0,1,22
1193506,2,18,Sri Lanka,74,4,3.888888889,14,6,0,1,26
1193506,2,19,Sri Lanka,77,4,3.842105263,17,3,0,1,28
1193506,2,20,Sri Lanka,85,5,4.033613445,1,9,1,1,27
1193506,2,21,Sri Lanka,89,5,4.0,5,3,0,1,28
1193506,2,22,Sri Lanka,96,5,4.136363636,12,7,0,1,28
1193506,2,23,Sri Lanka,99,5,4.086956522,15,3,0,1,25
1193506,2,24,Sri Lanka,104,5,4.125,20,5,0,1,27
1193506,2,25,Sri Lanka,109,6,4.16,4,5,1,1,23
1193506,2,26,Sri Lanka,114,6,4.192307692,9,5,0,1,25
1193506,2,27,Sri Lanka,117,7,4.148148148,0,3,1,1,21
1193506,2,28,Sri Lanka,122,7,4.178571429,5,5,0,1,23
1193506,2,29,Sri Lanka,124,7,4.103448276,7,2,0,1,20
1193506,2,30,Sri Lanka,128,7,4.1,11,4,0,1,19
1193506,2,31,Sri Lanka,138,7,4.290322581,21,10,0,1,24
1193506,2,32,Sri Lanka,143,8,4.3125,0,5,1,1,26
1193506,2,33,Sri Lanka,149,8,4.363636364,6,6,0,1,27
1193506,2,34,Sri Lanka,149,9,4.235294118,0,0,1,1,25
1193506,2,35,Sri Lanka,166,9,4.6,17,17,0,1,38
1193506,2,36,Sri Lanka,172,10,4.638888889,0,6,1,1,34
1214667,1,1,Zimbabwe,8,0,8.0,8,8,0,0,8
1214667,1,2,Zimbabwe,11,0,5.5,11,3,0,0,11
1214667,1,3,Zimbabwe,13,0,4.333333333,13,2,0,0,13
1214667,1,4,Zimbabwe,18,0,4.5,18,5,0,0,18
1214667,1,5,Zimbabwe,23,0,4.6,23,5,0,0,23
1214667,1,6,Zimbabwe,30,0,4.971428571,29,7,0,0,22
1214667,1,7,Zimbabwe,32,0,4.428571429,31,2,0,0,21
1214667,1,8,Zimbabwe,34,0,4.125,33,2,0,0,21
1214667,1,9,Zimbabwe,39,0,4.222222222,38,5,0,0,21
1214667,1,10,Zimbabwe,44,0,4.3,43,5,0,0,21
1214667,1,11,Zimbabwe,51,0,4.545454545,50,7,0,0,21
1214667,1,12,Zimbabwe,57,0,4.666666667,56,6,0,0,25
1214667,1,13,Zimbabwe,60,1,4.538461538,0,3,1,0,26
1214667,1,14,Zimbabwe,61,1,4.285714286,1,1,0,0,22
1214667,1,15,Zimbabwe,65,1,4.266666667,5,4,0,0,21
1214667,1,16,Zimbabwe,75,1,4.610526316,14,11,0,0,25
1214667,1,17,Zimbabwe,87,1,5.0,26,11,0,0,30
1214667,1,18,Zimbabwe,92,1,5.0,31,5,0,0,32
1214667,1,19,Zimbabwe,97,1,5.0,36,5,0,0,36
1214667,1,20,Zimbabwe,104,1,5.092436975,42,8,0,0,40
1214667,1,21,Zimbabwe,112,1,5.19047619,50,7,0,0,36
1214667,1,22,Zimbabwe,120,1,5.312977099,57,8,0,0,33
1214667,1,23,Zimbabwe,125,1,5.260869565,62,5,0,0,33
1214667,1,24,Zimbabwe,130,1,5.25,67,5,0,0,33
1214667,1,25,Zimbabwe,134,1,5.2,71,4,0,0,29
1214667,1,26,Zimbabwe,141,2,5.269230769,1,7,1,0,29
1214667,1,27,Zimbabwe,144,2,5.185185185,4,3,0,0,24
1214667,1,28,Zimbabwe,149,2,5.178571429,9,5,0,0,24
1214667,1,29,Zimbabwe,153,2,5.137931034,13,4,0,0,23
1214667,1,30,Zimbabwe,159,2,5.166666667,19,6,0,0,25
1214667,1,31,Zimbabwe,165,2,5.193548387,25,6,0,0,24
1214667,1,32,Zimbabwe,168,2,5.125,28,3,0,0,24
1214667,1,33,Zimbabwe,173,2,5.121212121,33,5,0,0,24
1214667,1,34,Zimbabwe,182,3,5.235294118,0,9,1,0,29
1214667,1,35,Zimbabwe,185,3,5.171428571,3,3,0,0,26
1214667,1,36,Zimbabwe,199,3,5.416666667,17,14,0,0,34
1214667,1,37,Zimbabwe,207,4,5.486486486,1,8,1,0,39
1214667,1,38,Zimbabwe,214,4,5.526315789,8,7,0,0,41
1214667,1,39,Zimbabwe,221,4,5.564102564,15,7,0,0,39
1214667,1,40,Zimbabwe,227,4,5.575,21,6,0,0,42
1214667,1,41,Zimbabwe,230,4,5.512195122,24,3,0,0,31
1214667,1,42,Zimbabwe,235,4,5.5,29,5,0,0,28
1214667,1,43,Zimbabwe,241,4,5.511627907,35,6,0,0,27
1214667,1,44,Zimbabwe,253,4,5.659090909,47,12,0,0,32
1214667,1,45,Zimbabwe,266,4,5.822222222,60,13,0,0,39
1214667,1,46,Zimbabwe,275,5,5.891304348,1,9,1,0,45
1214667,1,47,Zimbabwe,283,5,5.936170213,9,8,0,0,48
1214667,1,48,Zimbabwe,289,6,5.9375,0,6,1,0,48
1214667,1,49,Zimbabwe,299,7,6.020408163,1,10,1,1,46
1214667,1,50,Zimbabwe,320,7,6.321070234,21,22,0,1,55
1214668,1,1,Zimbabwe,5,0,5.0,5,5,0,0,5
1214668,1,2,Zimbabwe,6,0,3.0,6,1,0,0,6
1214668,1,3,Zimbabwe,11,0,3.666666667,11,5,0,0,11
1214668,1,4,Zimbabwe,19,0,4.75,19,8,0,0,19
1214668,1,5,Zimbabwe,21,0,4.2,21,2,0,0,21
1214668,1,6,Zimbabwe,34,0,5.666666667,34,13,0,0,29
1214668,1,7,Zimbabwe,39,1,5.571428571,1,5,1,0,33
1214668,1,8,Zimbabwe,50,1,6.25,12,11,0,0,39
1214668,1,9,Zimbabwe,59,1,6.555555556,21,9,0,0,40
1214668,1,10,Zimbabwe,65,1,6.5,27,6,0,0,44
1214668,1,11,Zimbabwe,66,2,6.0,1,1,1,0,32
1214668,1,12,Zimbabwe,69,2,5.75,4,3,0,0,30
1214668,1,13,Zimbabwe,75,2,5.769230769,10,6,0,0,25
1214668,1,14,Zimbabwe,78,2,5.571428571,13,3,0,0,19
1214668,1,15,Zimbabwe,83,2,5.533333333,18,5,0,0,18
1214668,1,16,Zimbabwe,89,2,5.5625,24,6,0,0,23
1214668,1,17,Zimbabwe,95,2,5.588235294,30,6,0,0,26
1214668,1,18,Zimbabwe,96,2,5.333333333,31,1,0,0,21
1214668,1,19,Zimbabwe,102,2,5.368421053,37,6,0,0,24
1214668,1,20,Zimbabwe,110,2,5.5,45,8,0,0,27
1214668,1,21,Zimbabwe,120,2,5.714285714,55,10,0,0,31
1214668,1,22,Zimbabwe,129,2,5.816793893,62,10,0,0,35
1214668,1,23,Zimbabwe,134,2,5.739130435,67,4,0,0,38
1214668,1,24,Zimbabwe,139,2,5.708333333,72,5,0,0,37
1214668,1,25,Zimbabwe,146,2,5.76,79,7,0,0,36
1214668,1,26,Zimbabwe,153,3,5.807692308,1,7,1,0,33
1214668,1,27,Zimbabwe,160,3,5.850931677,7,7,0,0,30
1214668,1,28,Zimbabwe,168,3,5.892857143,15,8,0,0,34
1214668,1,29,Zimbabwe,176,3,5.965517241,23,8,0,0,37
1214668,1,30,Zimbabwe,179,3,5.866666667,26,3,0,0,33
1214668,1,31,Zimbabwe,180,3,5.709677419,27,1,0,0,27
1214668,1,32,Zimbabwe,183,3,5.625,30,3,0,0,23
1214668,1,33,Zimbabwe,184,3,5.484848485,31,1,0,0,16
1214668,1,34,Zimbabwe,187,3,5.411764706,34,3,0,0,11
1214668,1,35,Zimbabwe,190,3,5.342857143,37,3,0,0,11
1214668,1,36,Zimbabwe,195,3,5.333333333,42,5,0,0,15
1214668,1,37,Zimbabwe,200,3,5.324324324,47,5,0,0,17
1214668,1,38,Zimbabwe,205,3,5.315789474,52,5,0,0,21
1214668,1,39,Zimbabwe,215,3,5.435897436,62,10,0,0,28
1214668,1,40,Zimbabwe,239,3,5.874476987,84,24,0,0,49
1214668,1,41,Zimbabwe,248,3,5.926829268,93,9,0,0,53
1214668,1,42,Zimbabwe,255,3,5.952380952,100,7,0,0,55
1214668,1,43,Zimbabwe,263,4,6.0,5,8,1,0,58
1214668,1,44,Zimbabwe,272,4,6.068441065,13,15,0,0,63
1214668,1,45,Zimbabwe,283,4,6.155555556,24,5,0,0,44
1214668,1,46,Zimbabwe,293,5,6.24,1,14,1,0,49
1214668,1,47,Zimbabwe,306,5,6.319148936,12,9,0,0,51
1214668,1,48,Zimbabwe,309,6,6.25,2,3,1,0,46
1214668,1,49,Zimbabwe,313,8,6.204081633,2,4,2,1,35
1214668,1,50,Zimbabwe,322,8,6.26,11,9,0,1,39
1214669,1,1,Zimbabwe,2,0,2.0,2,2,0,0,2
1214669,1,2,Zimbabwe,2,0,1.0,2,0,0,0,2
1214669,1,3,Zimbabwe,8,0,2.666666667,8,6,0,0,8
1214669,1,4,Zimbabwe,12,0,3.0,12,4,0,0,12
1214669,1,5,Zimbabwe,20,0,4.0,20,8,0,0,20
1214669,1,6,Zimbabwe,31,0,5.166666667,31,11,0,0,29
1214669,1,7,Zimbabwe,38,0,5.428571429,38,7,0,0,36
1214669,1,8,Zimbabwe,45,0,5.625,45,7,0,0,37
1214669,1,9,Zimbabwe,50,0,5.555555556,50,5,0,0,38
1214669,1,10,Zimbabwe,53,0,5.3,53,3,0,0,33
1214669,1,11,Zimbabwe,57,0,5.181818182,57,4,0,0,26
1214669,1,12,Zimbabwe,62,0,5.166666667,62,5,0,0,24
1214669,1,13,Zimbabwe,70,0,5.384615385,70,8,0,0,25
1214669,1,14,Zimbabwe,73,0,5.214285714,73,3,0,0,23
1214669,1,15,Zimbabwe,76,0,5.066666667,76,3,0,0,23
1214669,1,16,Zimbabwe,86,0,5.375,86,10,0,0,29
1214669,1,17,Zimbabwe,91,0,5.352941176,91,5,0,0,29
1214669,1,18,Zimbabwe,98,0,5.444444444,98,7,0,0,28
1214669,1,19,Zimbabwe,100,0,5.263157895,100,2,0,0,27
1214669,1,20,Zimbabwe,107,0,5.35,107,7,0,0,31
1214669,1,21,Zimbabwe,115,0,5.476190476,115,8,0,0,29
1214669,1,22,Zimbabwe,121,0,5.5,121,6,0,0,30
1214669,1,23,Zimbabwe,121,0,5.260869565,121,0,0,0,23
1214669,1,24,Zimbabwe,123,0,5.125,123,2,0,0,23
1214669,1,25,Zimbabwe,125,0,5.0,125,2,0,0,18
1214669,1,26,Zimbabwe,133,0,5.115384615,133,8,0,0,18
1214669,1,27,Zimbabwe,136,0,5.037037037,136,3,0,0,15
1214669,1,28,Zimbabwe,142,0,5.071428571,142,6,0,0,21
1214669,1,29,Zimbabwe,146,0,5.034482759,146,4,0,0,23
1214669,1,30,Zimbabwe,152,0,5.066666667,152,6,0,0,27
1214669,1,31,Zimbabwe,158,0,5.096774194,158,6,0,0,25
1214669,1,32,Zimbabwe,163,0,5.09375,163,5,0,0,27
1214669,1,33,Zimbabwe,180,0,5.454545455,180,17,0,0,38
1214669,1,34,Zimbabwe,187,0,5.497536946,186,8,0,0,42
1214669,1,35,Zimbabwe,199,0,5.626794258,196,17,0,0,53
1214669,1,36,Zimbabwe,217,0,5.944444444,214,12,0,0,59
1214669,1,37,Zimbabwe,224,0,5.972972973,221,7,0,0,61
1214669,1,38,Zimbabwe,241,0,6.264317181,237,21,0,0,65
1214669,1,39,Zimbabwe,256,0,6.461538462,252,11,0,0,68
1214669,1,40,Zimbabwe,269,0,6.605042017,262,23,0,0,74
1214669,1,41,Zimbabwe,293,1,6.975609756,1,14,1,0,76
1214669,1,42,Zimbabwe,312,1,7.261904762,20,19,0,0,88
1214669,1,43,Zimbabwe,320,2,7.2890625,6,10,2,1,77
1233976,1,1,New Zealand,7,0,7.0,7,7,0,0,7
1233976,1,2,New Zealand,12,0,6.0,12,5,0,0,12
1233976,1,3,New Zealand,16,0,5.294117647,15,4,0,0,16
1233976,1,4,New Zealand,19,0,4.5,18,3,0,0,19
1233976,1,5,New Zealand,20,2,3.724137931,0,1,2,0,20
1233976,1,6,New Zealand,25,2,3.833333333,5,5,0,0,18
1233976,1,7,New Zealand,27,2,3.571428571,7,2,0,0,15
1233976,1,8,New Zealand,30,2,3.5,10,3,0,0,14
1233976,1,9,New Zealand,31,2,3.222222222,11,1,0,0,12
1233976,1,10,New Zealand,33,2,3.1,13,2,0,0,13
1233976,1,11,New Zealand,38,2,3.272727273,18,5,0,0,13
1233976,1,12,New Zealand,40,2,3.166666667,20,2,0,0,13
1233976,1,13,New Zealand,41,2,3.0,21,1,0,0,11
1233976,1,14,New Zealand,42,3,2.857142857,0,1,1,1,11
1233976,1,15,New Zealand,46,3,2.933333333,4,4,0,1,13
1233976,1,16,New Zealand,50,3,3.0,8,4,0,1,12
1233976,1,17,New Zealand,53,3,3.0,11,3,0,1,13
1233976,1,18,New Zealand,58,3,3.08411215,15,5,0,1,17
1233976,1,19,New Zealand,58,3,2.894736842,15,0,0,1,16
1233976,1,20,New Zealand,66,3,3.12605042,22,8,0,1,20
1233976,1,21,New Zealand,69,3,3.095238095,25,3,0,1,19
1233976,1,22,New Zealand,69,4,2.954545455,0,0,1,1,16
1233976,1,23,New Zealand,72,4,2.934306569,2,3,0,1,14
1233976,1,24,New Zealand,73,5,2.811188811,0,1,1,1,15
1233976,1,25,New Zealand,73,5,2.68,0,0,0,1,7
1233976,1,26,New Zealand,76,5,2.692307692,3,3,0,1,7
1233976,1,27,New Zealand,78,5,2.666666667,5,2,0,1,9
1233976,1,28,New Zealand,85,6,2.821428571,7,7,1,1,13
1233976,1,29,New Zealand,90,6,2.896551724,12,5,0,1,17
1233976,1,30,New Zealand,93,6,2.9,15,3,0,1,20
1233976,1,31,New Zealand,97,6,2.935483871,19,4,0,1,21
1233976,1,32,New Zealand,99,7,2.90625,1,2,1,1,21
1233976,1,33,New Zealand,101,7,2.862944162,2,3,0,1,17
1233976,1,34,New Zealand,103,7,2.794117647,3,1,0,1,13
1233976,1,35,New Zealand,105,7,2.771428571,5,2,0,1,12
1233976,1,36,New Zealand,107,7,2.75,7,2,0,1,10
1233976,1,37,New Zealand,108,7,2.702702703,8,1,0,1,9
1233976,1,38,New Zealand,110,7,2.669603524,9,2,0,1,8
1233976,1,39,New Zealand,119,7,2.806866953,17,9,0,1,16
1233976,1,40,New Zealand,125,7,2.875,23,6,0,1,20
1233976,1,41,New Zealand,130,8,2.926829268,5,5,1,1,23
1233976,1,42,New Zealand,131,10,2.892430279,0,1,2,1,23
1233977,1,1,New Zealand,4,0,4.0,4,4,0,0,4
1233977,1,2,New Zealand,4,1,2.0,0,0,1,0,4
1233977,1,3,New Zealand,6,1,1.764705882,1,2,0,0,6
1233977,1,4,New Zealand,8,1,1.75,3,2,0,0,8
1233977,1,5,New Zealand,11,1,2.0,6,3,0,0,11
1233977,1,6,New Zealand,11,1,1.666666667,6,0,0,0,7
1233977,1,7,New Zealand,14,1,1.857142857,9,3,0,0,10
1233977,1,8,New Zealand,26,1,3.125,21,12,0,0,20
1233977,1,9,New Zealand,26,1,2.777777778,21,0,0,0,18
1233977,1,10,New Zealand,26,1,2.5,21,0,0,0,15
1233977,1,11,New Zealand,34,1,3.0,29,8,0,0,23
1233977,1,12,New Zealand,38,1,3.0,31,4,0,0,24
1233977,1,13,New Zealand,40,1,2.846153846,33,2,0,0,14
1233977,1,14,New Zealand,49,1,3.285714286,42,9,0,0,23
1233977,1,15,New Zealand,54,1,3.4,47,5,0,0,28
1233977,1,16,New Zealand,59,1,3.5,52,5,0,0,25
1233977,1,17,New Zealand,61,1,3.386138614,53,2,0,0,23
1233977,1,18,New Zealand,67,1,3.5,59,6,0,0,27
1233977,1,19,New Zealand,72,1,3.504424779,62,9,0,0,27
1233977,1,20,New Zealand,84,1,3.9,74,8,0,0,30
1233977,1,21,New Zealand,87,2,3.822580645,75,4,1,0,29
1233977,1,22,New Zealand,89,2,3.681818182,77,1,0,0,28
1233977,1,23,New Zealand,90,2,3.565217391,78,1,0,0,23
1233977,1,24,New Zealand,94,2,3.566433566,81,6,0,0,20
1233977,1,25,New Zealand,107,2,3.92,94,11,0,0,23
1233977,1,26,New Zealand,108,2,3.807692308,95,1,0,0,20
1233977,1,27,New Zealand,115,2,3.925925926,102,7,0,0,26
1233977,1,28,New Zealand,121,2,4.0,108,6,0,0,31
1233977,1,29,New Zealand,127,2,4.068965517,114,6,0,0,31
1233977,1,30,New Zealand,133,2,4.133333333,120,6,0,0,26
1233977,1,31,New Zealand,135,3,4.064516129,2,2,1,0,27
1233977,1,32,New Zealand,141,3,4.125,8,6,0,0,26
1233977,1,33,New Zealand,151,3,4.303030303,18,10,0,0,30
1233977,1,34,New Zealand,151,3,4.176470588,18,0,0,0,24
1233977,1,35,New Zealand,156,3,4.2,23,5,0,0,23
1233977,1,36,New Zealand,157,3,4.111111111,24,1,0,0,22
1233977,1,37,New Zealand,165,3,4.216216216,32,8,0,0,24
1233977,1,38,New Zealand,175,3,4.368421053,42,10,0,0,24
1233977,1,39,New Zealand,177,3,4.307692308,44,2,0,0,26
1233977,1,40,New Zealand,183,3,4.35,50,6,0,0,27
1233977,1,41,New Zealand,184,4,4.268292683,0,1,1,0,27
1233977,1,42,New Zealand,191,4,4.231075697,2,8,0,0,27
1233977,1,43,New Zealand,196,4,4.23255814,7,4,0,0,21
1233977,1,44,New Zealand,209,4,4.431818182,20,13,0,0,32
1233977,1,45,New Zealand,217,4,4.505576208,27,19,0,0,45
1233977,1,46,New Zealand,235,4,4.625454545,37,8,0,0,52
1233977,1,47,New Zealand,246,4,4.744680851,48,10,0,0,54
1233977,1,48,New Zealand,250,5,4.729166667,3,4,1,0,54
1233977,1,49,New Zealand,258,6,4.791808874,0,9,1,0,50
1233977,1,50,New Zealand,271,6,4.94,13,12,0,0,43
1233978,2,1,New Zealand,0,0,0.0,0,0,0,0,0
1233978,2,2,New Zealand,10,0,5.0,10,10,0,0,10
1233978,2,3,New Zealand,12,1,4.0,2,2,1,0,12
1233978,2,4,New Zealand,13,1,3.25,3,1,0,0,13
1233978,2,5,New Zealand,21,2,4.2,3,8,1,0,21
1233978,2,6,New Zealand,22,2,3.666666667,4,1,0,0,22
1233978,2,7,New Zealand,26,3,3.714285714,0,4,1,1,16
1233978,2,8,New Zealand,26,3,3.25,0,0,0,1,14
1233978,2,9,New Zealand,26,3,2.888888889,0,0,0,1,13
1233978,2,10,New Zealand,32,3,2.745762712,1,6,0,1,11
1233978,2,11,New Zealand,35,3,2.727272727,4,3,0,1,13
1233978,2,12,New Zealand,37,3,2.666666667,6,2,0,1,11
1233978,2,13,New Zealand,39,3,2.571428571,7,2,0,1,13
1233978,2,14,New Zealand,40,3,2.385542169,7,1,0,1,14
1233978,2,15,New Zealand,43,3,2.4,10,3,0,1,11
1233978,2,16,New Zealand,45,3,2.375,12,2,0,1,10
1233978,2,17,New Zealand,47,3,2.352941176,14,2,0,1,10
1233978,2,18,New Zealand,48,4,2.277777778,0,1,1,1,9
1233978,2,19,New Zealand,55,4,2.526315789,7,7,0,1,15
1233978,2,20,New Zealand,60,4,2.65,12,5,0,1,17
1233978,2,21,New Zealand,72,4,3.072,23,12,0,1,27
1233978,2,22,New Zealand,73,4,2.954545455,24,1,0,0,26
1233978,2,23,New Zealand,77,4,3.0,28,4,0,0,29
1233978,2,24,New Zealand,78,6,2.895104895,0,1,2,1,23
1233978,2,25,New Zealand,82,6,2.92,4,4,0,1,22
1233978,2,26,New Zealand,82,7,2.807692308,0,0,1,1,10
1233978,2,27,New Zealand,87,7,2.888888889,5,5,0,1,14
1233978,2,28,New Zealand,88,7,2.80239521,5,1,0,1,11
1233978,2,29,New Zealand,92,7,2.827586207,9,4,0,1,14
1233978,2,30,New Zealand,93,7,2.766666667,10,1,0,1,11
1233978,2,31,New Zealand,96,7,2.774193548,13,3,0,1,14
1233978,2,32,New Zealand,101,7,2.84375,18,5,0,1,14
1233978,2,33,New Zealand,103,8,2.818181818,1,2,1,1,15
1233978,2,34,New Zealand,104,8,2.764705882,2,1,0,1,12
1233978,2,35,New Zealand,105,8,2.714285714,3,1,0,1,12
1233978,2,36,New Zealand,106,8,2.666666667,4,1,0,1,10
1233978,2,37,New Zealand,109,8,2.675675676,7,3,0,1,8
1233978,2,38,New Zealand,120,8,2.894736842,18,11,0,1,17
1233978,2,39,New Zealand,123,8,2.897435897,21,3,0,1,19
1233978,2,40,New Zealand,129,8,2.962343096,26,6,0,1,24
1233978,2,41,New Zealand,142,8,3.195121951,39,13,0,0,36
1233978,2,42,New Zealand,154,8,3.404761905,51,12,0,0,45
1233978,2,43,New Zealand,154,10,3.3515625,0,0,2,0,34
1244022,2,1,West Indies,0,0,0.0,0,0,0,0,0
1244022,2,2,West Indies,5,0,2.5,5,5,0,0,5
1244022,2,3,West Indies,10,0,3.333333333,10,5,0,0,10
1244022,2,4,West Indies,17,0,4.173913043,16,11,0,0,21
1244022,2,5,West Indies,23,0,4.4,22,2,0,0,23
1244022,2,6,West Indies,29,0,4.457142857,26,10,0,0,33
1244022,2,7,West Indies,37,0,4.857142857,34,4,0,0,32
1244022,2,8,West Indies,38,0,4.375,35,1,0,0,28
1244022,2,9,West Indies,38,0,3.888888889,35,0,0,0,17
1244022,2,10,West Indies,39,0,3.6,36,1,0,0,16
1244022,2,11,West Indies,41,0,3.454545455,38,2,0,0,8
1244022,2,12,West Indies,41,0,3.166666667,38,0,0,0,4
1244022,2,13,West Indies,46,0,3.236842105,41,6,0,0,9
1244022,2,14,West Indies,48,1,3.036144578,0,1,1,0,10
1244022,2,15,West Indies,53,1,3.101123596,4,5,0,0,14
1244022,2,16,West Indies,57,2,3.125,0,4,1,0,16
1244022,2,17,West Indies,58,2,3.0,1,1,0,0,17
1244022,2,18,West Indies,60,2,2.944444444,3,2,0,0,13
1244022,2,19,West Indies,64,2,3.0,7,4,0,0,16
1244022,2,20,West Indies,73,2,3.3,16,9,0,0,20
1244022,2,21,West Indies,74,2,3.19047619,17,1,0,0,17
1244022,2,22,West Indies,81,2,3.363636364,24,7,0,0,23
1244022,2,23,West Indies,84,3,3.347826087,1,3,1,1,24
1244022,2,24,West Indies,93,3,3.583333333,10,9,0,1,29
1244022,2,25,West Indies,96,3,3.56,13,3,0,1,23
1244022,2,26,West Indies,98,3,3.5,15,2,0,1,24
1244022,2,27,West Indies,103,3,3.555555556,20,5,0,1,22
1244022,2,28,West Indies,105,4,3.5,0,2,1,1,21
1244022,2,29,West Indies,106,4,3.413793103,1,1,0,1,13
1244022,2,30,West Indies,113,4,3.533333333,8,7,0,1,17
1244022,2,31,West Indies,114,4,3.451612903,9,1,0,1,16
1244022,2,32,West Indies,116,4,3.40625,11,2,0,1,13
1244022,2,33,West Indies,119,4,3.393939394,14,3,0,1,14
1244022,2,34,West Indies,125,4,3.458128079,19,6,0,1,19
1244023,2,1,West Indies,3,0,3.0,3,3,0,0,3
1244023,2,2,West Indies,11,0,5.5,11,8,0,0,11
1244023,2,3,West Indies,15,0,4.588235294,13,8,0,0,19
1244023,2,4,West Indies,26,0,6.0,24,7,0,0,26
1244023,2,5,West Indies,27,0,5.0,25,1,0,0,27
1244023,2,6,West Indies,30,1,4.666666667,0,3,1,0,27
1244023,2,7,West Indies,31,1,4.142857143,1,1,0,0,20
1244023,2,8,West Indies,33,1,3.782608696,1,2,0,0,14
1244023,2,9,West Indies,39,1,3.888888889,7,6,0,0,13
1244023,2,10,West Indies,42,1,3.8,10,3,0,0,15
1244023,2,11,West Indies,49,1,4.090909091,17,7,0,0,19
1244023,2,12,West Indies,56,1,4.333333333,24,7,0,0,25
1244023,2,13,West Indies,66,1,4.769230769,34,10,0,0,33
1244023,2,14,West Indies,68,1,4.571428571,36,2,0,0,29
1244023,2,15,West Indies,71,1,4.466666667,39,3,0,0,29
1244023,2,16,West Indies,77,1,4.5625,45,6,0,0,28
1244023,2,17,West Indies,80,2,4.470588235,3,3,1,0,24
1244023,2,18,West Indies,81,2,4.277777778,4,1,0,0,15
1244023,2,19,West Indies,84,2,4.210526316,7,3,0,0,16
1244023,2,20,West Indies,91,2,4.35,14,7,0,0,20
1244023,2,21,West Indies,94,2,4.285714286,17,3,0,0,17
1244023,2,22,West Indies,99,2,4.318181818,22,5,0,0,19
1244023,2,23,West Indies,103,2,4.304347826,26,4,0,0,22
1244023,2,24,West Indies,106,2,4.25,29,3,0,0,22
1244023,2,25,West Indies,109,2,4.2,32,3,0,0,18
1244023,2,26,West Indies,110,3,4.076923077,1,1,1,0,16
1244023,2,27,West Indies,112,3,4.0,3,2,0,0,13
1244023,2,28,West Indies,117,3,4.035714286,8,5,0,0,14
1244023,2,29,West Indies,123,3,4.103448276,14,6,0,0,17
1244023,2,30,West Indies,127,3,4.1,18,4,0,0,18
1244023,2,31,West Indies,133,3,4.161290323,24,6,0,0,23
1244023,2,32,West Indies,141,3,4.146596859,27,12,0,0,33
1244023,2,33,West Indies,147,3,4.181818182,33,2,0,0,30
1244023,2,34,West Indies,149,3,4.2,35,2,0,0,26
1267678,2,1,Zimbabwe,1,0,0.0,0,1,0,0,1
1267678,2,2,Zimbabwe,1,0,0.0,0,0,0,0,1
1267678,2,3,Zimbabwe,9,0,2.666666667,8,8,0,0,9
1267678,2,4,Zimbabwe,14,0,3.130434783,12,5,0,0,14
1267678,2,5,Zimbabwe,15,0,2.6,13,1,0,0,15
1267678,2,6,Zimbabwe,20,0,3.0,18,5,0,0,19
1267678,2,7,Zimbabwe,20,0,2.571428571,18,0,0,0,19
1267678,2,8,Zimbabwe,34,0,4.0,32,14,0,0,25
1267678,2,9,Zimbabwe,35,0,3.666666667,33,1,0,0,21
1267678,2,10,Zimbabwe,40,1,3.762711864,0,5,1,0,25
1267678,2,11,Zimbabwe,43,1,3.636363636,3,3,0,0,23
1267678,2,12,Zimbabwe,46,1,3.583333333,6,3,0,0,26
1267678,2,13,Zimbabwe,46,2,3.307692308,0,0,1,0,12
1267678,2,14,Zimbabwe,50,3,3.357142857,0,4,1,1,15
1267678,2,15,Zimbabwe,53,3,3.333333333,3,3,0,1,13
1267678,2,16,Zimbabwe,61,3,3.625,11,8,0,1,18
1267678,2,17,Zimbabwe,71,3,4.0,21,10,0,1,25
1267678,2,18,Zimbabwe,74,3,3.944444444,24,3,0,1,28
1267678,2,19,Zimbabwe,77,4,3.876106195,26,3,1,1,27
1267678,2,20,Zimbabwe,79,4,3.75,28,2,0,1,26
1267678,2,21,Zimbabwe,90,4,4.095238095,39,11,0,1,29
1267678,2,22,Zimbabwe,92,4,4.0,41,2,0,1,21
1267678,2,23,Zimbabwe,100,4,4.173913043,49,8,0,1,26
1267678,2,24,Zimbabwe,106,4,4.237762238,54,7,0,0,30
1267678,2,25,Zimbabwe,109,4,4.16,57,2,0,0,30
1267678,2,26,Zimbabwe,116,4,4.269230769,64,7,0,0,26
1267678,2,27,Zimbabwe,125,4,4.444444444,73,9,0,0,33
1267678,2,28,Zimbabwe,130,4,4.464285714,78,5,0,0,30
1267678,2,29,Zimbabwe,131,5,4.344827586,1,1,1,0,24
1267678,2,30,Zimbabwe,137,5,4.4,7,6,0,0,28
1267678,2,31,Zimbabwe,141,5,4.387096774,11,4,0,0,25
1267678,2,32,Zimbabwe,145,6,4.375,0,4,1,0,20
1267678,2,33,Zimbabwe,147,6,4.303030303,2,2,0,0,17
1267678,2,34,Zimbabwe,149,6,4.235294118,4,2,0,0,18
1267678,2,35,Zimbabwe,154,6,4.240384615,7,8,0,0,20
1267678,2,36,Zimbabwe,160,6,4.25,13,3,0,0,19
1267678,2,37,Zimbabwe,165,6,4.27027027,18,5,0,0,20
1267678,2,38,Zimbabwe,171,6,4.308370044,23,7,0,0,25
1267678,2,39,Zimbabwe,173,7,4.230769231,0,1,1,0,24
1267678,2,40,Zimbabwe,179,7,4.275,6,6,0,0,22
1267678,2,41,Zimbabwe,185,7,4.303278689,10,9,0,0,28
1267678,2,42,Zimbabwe,191,7,4.285714286,15,3,0,0,26
1267678,2,43,Zimbabwe,194,7,4.255813953,18,3,0,0,22
1267678,2,44,Zimbabwe,203,7,4.363636364,27,9,0,0,30
1267678,2,45,Zimbabwe,208,7,4.371747212,31,7,0,0,31
1267678,2,46,Zimbabwe,215,7,4.413043478,38,5,0,0,27
1267678,2,47,Zimbabwe,221,7,4.441281139,43,6,0,0,30
1267678,2,48,Zimbabwe,228,7,4.473867596,49,8,0,0,35
1267678,2,49,Zimbabwe,234,7,4.484641638,54,9,0,0,35
1267678,2,50,Zimbabwe,242,7,4.616949153,62,4,0,0,32
1267679,2,1,Zimbabwe,1,0,1.0,1,1,0,0,1
1267679,2,2,Zimbabwe,11,0,5.5,11,10,0,0,11
1267679,2,3,Zimbabwe,12,0,4.0,12,1,0,0,12
1267679,2,4,Zimbabwe,14,0,3.5,14,2,0,0,14
1267679,2,5,Zimbabwe,23,0,4.6,23,9,0,0,23
1267679,2,6,Zimbabwe,26,0,4.333333333,26,3,0,0,25
1267679,2,7,Zimbabwe,33,0,4.714285714,33,7,0,0,22
1267679,2,8,Zimbabwe,52,0,6.5,52,19,0,0,40
1267679,2,9,Zimbabwe,55,0,6.111111111,55,3,0,0,41
1267679,2,10,Zimbabwe,57,0,5.7,57,2,0,0,34
1267679,2,11,Zimbabwe,65,0,5.909090909,65,8,0,0,39
1267679,2,12,Zimbabwe,69,0,5.75,69,4,0,0,36
1267679,2,13,Zimbabwe,84,0,6.155844156,79,15,0,0,32
1267679,2,14,Zimbabwe,88,1,5.928571429,0,4,1,0,33
1267679,2,15,Zimbabwe,90,1,5.666666667,2,2,0,0,33
1267679,2,16,Zimbabwe,97,1,5.747368421,8,7,0,0,32
1267679,2,17,Zimbabwe,102,1,5.647058824,13,5,0,0,33
1267679,2,18,Zimbabwe,107,1,5.611111111,18,5,0,0,23
1267679,2,19,Zimbabwe,116,1,5.789473684,27,9,0,0,28
1267679,2,20,Zimbabwe,120,1,5.7,31,4,0,0,30
1267679,2,21,Zimbabwe,123,1,5.571428571,34,3,0,0,26
1267679,2,22,Zimbabwe,127,1,5.5,38,4,0,0,25
1267679,2,23,Zimbabwe,131,1,5.434782609,42,4,0,0,24
1267679,2,24,Zimbabwe,142,1,5.666666667,53,11,0,0,26
1267679,2,25,Zimbabwe,145,1,5.56,56,3,0,0,25
1267679,2,26,Zimbabwe,149,2,5.5,2,4,1,0,26
1267679,2,27,Zimbabwe,157,2,5.5875,8,9,0,0,31
1267679,2,28,Zimbabwe,167,2,5.678571429,18,9,0,0,36
1267679,2,29,Zimbabwe,174,2,5.724137931,25,7,0,0,32
1267679,2,30,Zimbabwe,183,2,5.833333333,34,9,0,0,38
1267679,2,31,Zimbabwe,191,2,5.772972973,37,9,0,0,43
1267679,2,32,Zimbabwe,194,2,5.65625,40,2,0,0,36
1267679,2,33,Zimbabwe,196,2,5.543147208,41,3,0,0,30
1267679,2,34,Zimbabwe,204,2,5.558823529,48,7,0,0,30
1267679,2,35,Zimbabwe,210,4,5.571428571,6,6,2,0,27
1267679,2,36,Zimbabwe,215,4,5.555555556,11,5,0,0,23
1267679,2,37,Zimbabwe,224,4,5.648648649,20,9,0,0,30
1267679,2,38,Zimbabwe,235,4,5.682819383,26,13,0,0,40
1267679,2,39,Zimbabwe,245,4,5.769230769,36,8,0,0,41
1267679,2,40,Zimbabwe,248,4,5.7,39,3,0,0,38
1267679,2,41,Zimbabwe,249,4,5.585365854,40,1,0,0,34
1267679,2,42,Zimbabwe,253,4,5.547619048,44,4,0,0,29
1267679,2,43,Zimbabwe,265,4,5.6953125,54,14,0,0,30
1267679,2,44,Zimbabwe,269,5,5.568181818,1,2,1,0,24
1267679,2,45,Zimbabwe,279,5,5.666666667,11,10,0,0,31
1267679,2,46,Zimbabwe,280,5,5.565217391,12,1,0,0,31
1267679,2,47,Zimbabwe,286,5,5.574468085,18,6,0,0,33
1267679,2,48,Zimbabwe,292,5,5.58041958,22,16,0,0,35
1277097,1,1,South Africa,0,0,0.0,0,0,0,0,0
1277097,1,2,South Africa,2,0,1.0,2,2,0,0,2
1277097,1,3,South Africa,8,0,2.666666667,8,6,0,0,8
1277097,1,4,South Africa,12,0,2.869565217,11,4,0,0,12
1277097,1,5,South Africa,15,0,2.8,14,3,0,0,15
1277097,1,6,South Africa,22,0,3.5,21,7,0,0,22
1277097,1,7,South Africa,27,0,3.714285714,26,5,0,0,25
1277097,1,8,South Africa,28,0,3.375,27,1,0,0,20
1277097,1,9,South Africa,32,0,3.444444444,31,4,0,0,20
1277097,1,10,South Africa,33,0,3.2,32,1,0,0,18
1277097,1,11,South Africa,37,0,3.272727273,36,4,0,0,15
1277097,1,12,South Africa,37,0,3.0,36,0,0,0,10
1277097,1,13,South Africa,39,0,2.923076923,38,2,0,0,11
1277097,1,14,South Africa,43,0,3.0,42,4,0,0,11
1277097,1,15,South Africa,46,0,3.0,45,3,0,0,13
1277097,1,16,South Africa,53,0,3.221052632,51,8,0,0,17
1277097,1,17,South Africa,61,0,3.470588235,59,7,0,0,24
1277097,1,18,South Africa,66,0,3.53271028,63,7,0,0,29
1277097,1,19,South Africa,84,0,4.210526316,80,16,0,0,41
1277097,1,20,South Africa,90,0,4.3,86,6,0,0,44
1277097,1,21,South Africa,94,0,4.285714286,90,4,0,0,40
1277097,1,22,South Africa,100,1,4.351145038,4,7,1,0,40
1277097,1,23,South Africa,104,2,4.304347826,0,3,1,0,36
1277097,1,24,South Africa,104,2,4.125,0,0,0,0,20
1277097,1,25,South Africa,112,2,4.28,8,8,0,0,22
1277097,1,26,South Africa,117,2,4.307692308,13,5,0,0,23
1277097,1,27,South Africa,121,2,4.296296296,17,4,0,0,20
1277097,1,28,South Africa,123,2,4.214285714,19,2,0,0,19
1277097,1,29,South Africa,129,3,4.275862069,5,6,1,1,25
1277097,1,30,South Africa,135,3,4.290502793,9,6,0,1,23
1277097,1,31,South Africa,140,3,4.290322581,14,5,0,1,23
1277097,1,32,South Africa,146,3,4.34375,20,6,0,1,25
1277097,1,33,South Africa,149,3,4.303030303,23,3,0,1,26
1277097,1,34,South Africa,161,3,4.529411765,35,12,0,1,32
1277097,1,35,South Africa,169,3,4.622009569,42,14,0,0,40
1277097,1,36,South Africa,177,3,4.694444444,50,2,0,0,37
1277097,1,37,South Africa,189,3,4.891891892,62,12,0,0,43
1277097,1,38,South Africa,199,3,5.026315789,72,10,0,0,50
1277097,1,39,South Africa,208,3,5.128205128,81,9,0,0,47
1277097,1,40,South Africa,223,3,5.375,96,15,0,0,48
1277097,1,41,South Africa,233,3,5.487804878,106,10,0,0,56
1277097,1,42,South Africa,243,4,5.595238095,4,10,1,0,54
1277097,1,43,South Africa,246,5,5.534883721,3,3,1,0,47
1277097,1,44,South Africa,258,5,5.681818182,15,12,0,0,50
1277097,1,45,South Africa,265,5,5.710037175,21,8,0,0,43
1277097,1,46,South Africa,272,5,5.716363636,27,6,1,1,39
1277097,1,47,South Africa,276,6,5.655913978,1,6,0,1,35
1277097,1,48,South Africa,289,7,5.75,1,11,1,1,43
1277097,1,49,South Africa,303,7,5.918088737,14,15,0,1,46
1277097,1,50,South Africa,314,7,6.0,25,10,0,1,48
1277099,2,1,South Africa,3,0,2.4,2,3,0,0,3
1277099,2,2,South Africa,8,0,3.5,7,5,0,0,8
1277099,2,3,South Africa,12,0,3.666666667,11,4,0,0,12
1277099,2,4,South Africa,15,0,3.5,14,3,0,0,15
1277099,2,5,South Africa,19,0,3.6,18,4,0,0,19
1277099,2,6,South Africa,23,0,3.666666667,22,4,0,0,20
1277099,2,7,South Africa,28,0,3.857142857,27,5,0,0,20
1277099,2,8,South Africa,36,0,4.375,35,8,0,0,24
1277099,2,9,South Africa,42,0,4.555555556,41,6,0,0,27
1277099,2,10,South Africa,58,0,5.7,57,16,0,0,39
1277099,2,11,South Africa,60,0,5.363636364,59,2,0,0,37
1277099,2,12,South Africa,65,0,5.323943662,63,6,0,0,38
1277099,2,13,South Africa,71,0,5.307692308,69,5,0,0,35
1277099,2,14,South Africa,72,0,5.0,70,1,0,0,30
1277099,2,15,South Africa,81,0,5.266666667,79,9,0,0,23
1277099,2,16,South Africa,90,0,5.5,88,9,0,0,30
1277099,2,17,South Africa,99,0,5.705882353,97,9,0,0,33
1277099,2,18,South Africa,107,0,5.833333333,105,8,0,0,36
1277099,2,19,South Africa,117,0,6.052631579,115,10,0,0,45
1277099,2,20,South Africa,124,0,6.1,122,7,0,0,43
1277099,2,21,South Africa,128,1,6.0,1,4,1,0,38
1277099,2,22,South Africa,133,1,5.954545455,6,5,0,0,34
1277099,2,23,South Africa,137,1,5.869565217,10,4,0,0,30
1277099,2,24,South Africa,142,1,5.833333333,15,5,0,0,25
1277099,2,25,South Africa,147,1,5.8,20,5,0,0,23
1277099,2,26,South Africa,151,1,5.730769231,24,4,0,0,23
1277099,2,27,South Africa,156,1,5.773584906,28,5,0,0,23
1317152,2,1,West Indies,1,0,1.0,1,1,0,0,1
1317152,2,2,West Indies,8,0,4.0,8,7,0,0,8
1317152,2,3,West Indies,10,1,3.176470588,0,3,1,0,11
1317152,2,4,West Indies,17,1,4.0,7,6,0,0,17
1317152,2,5,West Indies,28,1,5.379310345,17,12,0,0,29
1317152,2,6,West Indies,36,1,5.666666667,25,7,0,0,35
1317152,2,7,West Indies,47,1,6.428571429,36,11,0,0,39
1317152,2,8,West Indies,50,2,6.0,0,3,1,0,39
1317152,2,9,West Indies,53,2,5.444444444,3,3,0,0,36
1317152,2,10,West Indies,59,2,5.491525424,8,7,0,0,31
1317152,2,11,West Indies,67,2,5.636363636,16,7,0,0,31
1317152,2,12,West Indies,69,2,5.333333333,18,2,0,0,22
1317152,2,13,West Indies,77,2,5.532467532,25,8,0,0,27
1317152,2,14,West Indies,79,2,5.214285714,27,2,0,0,26
1317152,2,15,West Indies,82,2,5.066666667,30,3,0,0,22
1317152,2,16,West Indies,83,2,4.8125,31,1,0,0,16
1317152,2,17,West Indies,88,2,4.823529412,36,5,0,0,19
1317152,2,18,West Indies,91,2,4.722222222,39,3,0,0,14
1317152,2,19,West Indies,97,2,4.778761062,44,7,0,0,19
1317152,2,20,West Indies,101,3,4.7,3,3,1,0,19
1317152,2,21,West Indies,108,3,4.8,9,8,0,0,26
1317152,2,22,West Indies,110,3,4.625954198,10,1,0,0,22
1317152,2,23,West Indies,111,4,4.434782609,0,1,1,0,20
1317152,2,24,West Indies,115,4,4.416666667,4,4,0,0,17
1317152,2,25,West Indies,117,4,4.32,6,2,0,0,16
1317152,2,26,West Indies,119,4,4.230769231,8,2,0,0,10
1317152,2,27,West Indies,131,4,4.472049689,18,13,0,0,22
1317152,2,28,West Indies,139,4,4.571428571,26,7,0,0,28
1317152,2,29,West Indies,139,4,4.413793103,26,0,0,0,24
1317152,2,30,West Indies,141,4,4.333333333,28,2,0,0,24
1317152,2,31,West Indies,145,4,4.322580645,32,4,0,0,26
1317152,2,32,West Indies,151,4,4.397905759,38,6,0,0,19
1317154,2,1,West Indies,1,0,1.0,1,1,0,0,1
1317154,2,2,West Indies,2,0,1.0,2,1,0,0,2
1317154,2,3,West Indies,7,0,2.333333333,7,5,0,0,7
1317154,2,4,West Indies,10,0,2.5,10,3,0,0,10
1317154,2,5,West Indies,11,0,2.068965517,10,5,0,0,15
1317154,2,6,West Indies,19,0,3.0,18,4,0,0,18
1317154,2,7,West Indies,24,1,3.285714286,4,5,1,0,22
1317154,2,8,West Indies,26,1,3.063829787,5,3,0,0,20
1317154,2,9,West Indies,28,1,2.888888889,7,1,0,0,18
1317154,2,10,West Indies,32,1,3.0,11,4,0,0,17
1317154,2,11,West Indies,34,1,2.909090909,13,2,0,0,15
1317154,2,12,West Indies,46,1,3.666666667,25,12,0,0,22
1317154,2,13,West Indies,53,1,3.923076923,32,7,0,0,26
1317154,2,14,West Indies,59,1,4.071428571,38,6,0,0,31
1317154,2,15,West Indies,60,1,3.866666667,39,1,0,0,28
1317154,2,16,West Indies,67,1,4.0625,46,7,0,0,33
1317154,2,17,West Indies,71,2,4.058823529,1,4,1,0,25
1317154,2,18,West Indies,72,2,3.888888889,2,1,0,0,19
1317154,2,19,West Indies,75,2,3.842105263,5,3,0,0,16
1317154,2,20,West Indies,76,2,3.7,6,1,0,0,16
1317154,2,21,West Indies,82,2,3.80952381,12,6,0,0,15
1317154,2,22,West Indies,88,2,3.909090909,18,6,0,0,17
1317154,2,23,West Indies,89,2,3.782608696,19,1,0,0,17
1317154,2,24,West Indies,96,2,3.916666667,26,7,0,0,21
1317154,2,25,West Indies,96,4,3.76,0,0,2,1,20
1317154,2,26,West Indies,97,4,3.653846154,1,1,0,1,15
1317154,2,27,West Indies,99,4,3.592592593,3,2,0,1,11
1317154,2,28,West Indies,101,4,3.535714286,5,2,0,1,12
1317154,2,29,West Indies,101,4,3.413793103,5,0,0,1,5
1317154,2,30,West Indies,103,4,3.366666667,7,2,0,1,7
1317154,2,31,West Indies,108,4,3.419354839,12,5,0,1,11
1317154,2,32,West Indies,115,4,3.53125,19,7,0,1,16
1317154,2,33,West Indies,116,5,3.454545455,0,1,1,1,15
1317154,2,34,West Indies,118,5,3.411764706,2,2,0,1,17
1317154,2,35,West Indies,124,5,3.485714286,8,6,0,1,21
1317154,2,36,West Indies,131,5,3.583333333,15,7,0,1,23
1317154,2,37,West Indies,136,5,3.621621622,20,5,0,1,21
1317154,2,38,West Indies,141,5,3.657894737,25,5,0,1,25
1317154,2,39,West Indies,146,5,3.692307692,30,5,0,1,28
1317154,2,40,West Indies,153,6,3.765690377,36,8,1,1,30
1317154,2,41,West Indies,154,6,3.682926829,37,0,0,1,23
1317154,2,42,West Indies,156,6,3.642857143,39,2,0,1,20
1317154,2,43,West Indies,156,6,3.558139535,39,0,0,1,15
1317154,2,44,West Indies,164,6,3.659090909,47,8,0,1,18
1317154,2,45,West Indies,164,6,3.577777778,47,0,0,1,10
1317154,2,46,West Indies,167,6,3.556363636,49,3,0,1,13
1317154,2,47,West Indies,172,6,3.574468085,54,5,0,1,16
1317154,2,48,West Indies,176,6,3.574912892,57,4,0,1,20
1317154,2,49,West Indies,179,6,3.587628866,60,3,0,1,15
1323292,1,1,Zimbabwe,4,0,4.0,4,4,0,0,4
1323292,1,2,Zimbabwe,4,0,2.0,4,0,0,0,4
1323292,1,3,Zimbabwe,13,0,4.333333333,13,9,0,0,13
1323292,1,4,Zimbabwe,17,0,4.25,17,4,0,0,17
1323292,1,5,Zimbabwe,18,0,3.6,18,1,0,0,18
1323292,1,6,Zimbabwe,27,0,3.771428571,22,9,0,0,23
1323292,1,7,Zimbabwe,29,0,3.428571429,24,2,0,0,25
1323292,1,8,Zimbabwe,36,0,3.829787234,30,7,0,0,23
1323292,1,9,Zimbabwe,42,0,4.0,36,6,0,0,25
1323292,1,10,Zimbabwe,51,0,4.5,45,9,0,0,33
1323292,1,11,Zimbabwe,55,0,4.454545455,49,4,0,0,28
1323292,1,12,Zimbabwe,56,0,4.166666667,50,1,0,0,27
1323292,1,13,Zimbabwe,60,0,4.12987013,53,5,0,0,25
1323292,1,14,Zimbabwe,64,0,4.071428571,57,3,0,0,22
1323292,1,15,Zimbabwe,69,0,4.133333333,62,5,0,0,18
1323292,1,16,Zimbabwe,75,0,4.25,68,6,0,0,20
1323292,1,17,Zimbabwe,78,0,4.176470588,71,3,0,0,22
1323292,1,18,Zimbabwe,81,0,4.111111111,74,3,0,0,20
1323292,1,19,Zimbabwe,82,0,3.92920354,74,6,0,0,23
1323292,1,20,Zimbabwe,89,0,3.983193277,79,2,0,0,20
1323292,1,21,Zimbabwe,92,0,3.904761905,82,3,0,0,17
1323292,1,22,Zimbabwe,95,0,3.863636364,85,3,0,0,17
1323292,1,23,Zimbabwe,99,0,3.869565217,89,4,0,0,18
1323292,1,24,Zimbabwe,109,0,4.125,99,10,0,0,22
1323292,1,25,Zimbabwe,116,0,4.24,106,7,0,0,27
1323292,1,26,Zimbabwe,120,1,4.230769231,1,4,1,0,28
1323292,1,27,Zimbabwe,126,1,4.296296296,7,6,0,0,31
1323292,1,28,Zimbabwe,130,1,4.285714286,11,4,0,0,31
1323292,1,29,Zimbabwe,130,1,4.137931034,11,0,0,0,21
1323292,1,30,Zimbabwe,144,1,4.466666667,25,14,0,0,28
1323292,1,31,Zimbabwe,153,1,4.612903226,34,9,0,0,33
1323292,1,32,Zimbabwe,158,1,4.625,39,5,0,0,32
1323292,1,33,Zimbabwe,170,1,4.848484848,51,12,0,0,40
1323292,1,34,Zimbabwe,173,2,4.794117647,2,3,1,0,43
1323292,1,35,Zimbabwe,184,2,4.971428571,13,11,0,0,40
1323292,1,36,Zimbabwe,191,2,5.027777778,20,7,0,0,38
1323292,1,37,Zimbabwe,195,2,5.0,24,4,0,0,37
1323292,1,38,Zimbabwe,203,2,5.078947368,32,8,0,0,33
1323292,1,39,Zimbabwe,210,2,5.128205128,39,7,0,0,37
1323292,1,40,Zimbabwe,213,2,5.075,42,3,0,0,29
1323292,1,41,Zimbabwe,222,2,5.170731707,51,9,0,0,31
1323292,1,42,Zimbabwe,229,2,5.214285714,58,7,0,0,34
1323292,1,43,Zimbabwe,235,2,5.23255814,64,6,0,0,32
1323292,1,44,Zimbabwe,251,2,5.477272727,80,16,0,0,41
1323292,1,45,Zimbabwe,262,2,5.598513011,90,13,0,0,51
1323292,1,46,Zimbabwe,271,3,5.630434783,4,7,1,0,49
1323292,1,47,Zimbabwe,281,3,5.723404255,14,10,0,0,52
1323292,1,48,Zimbabwe,285,3,5.68641115,17,5,0,0,51
1323292,1,49,Zimbabwe,293,3,5.714285714,25,7,0,0,42
1323292,1,50,Zimbabwe,303,3,5.8,35,10,0,0,39
1323293,1,1,Zimbabwe,9,0,9.0,9,9,0,0,9
1323293,1,2,Zimbabwe,13,0,6.5,13,4,0,0,13
1323293,1,3,Zimbabwe,15,0,5.0,15,2,0,0,15
1323293,1,4,Zimbabwe,20,0,5.0,20,5,0,0,20
1323293,1,5,Zimbabwe,34,0,6.8,34,14,0,0,34
1323293,1,6,Zimbabwe,36,0,6.0,35,6,0,0,31
1323293,1,7,Zimbabwe,45,0,6.285714286,44,5,0,0,32
1323293,1,8,Zimbabwe,49,0,6.0,48,4,0,0,34
1323293,1,9,Zimbabwe,57,0,6.222222222,56,8,0,0,37
1323293,1,10,Zimbabwe,62,0,6.1,61,5,0,0,28
1323293,1,11,Zimbabwe,71,1,6.363636364,0,9,1,0,31
1323293,1,12,Zimbabwe,73,1,6.0,2,2,0,0,28
1323293,1,13,Zimbabwe,77,2,5.846153846,0,4,1,0,28
1323293,1,14,Zimbabwe,80,2,5.642857143,3,3,0,0,23
1323293,1,15,Zimbabwe,87,2,5.733333333,10,7,0,0,25
1323293,1,16,Zimbabwe,90,2,5.5625,13,3,0,0,19
1323293,1,17,Zimbabwe,99,2,5.764705882,22,9,0,0,26
1323293,1,18,Zimbabwe,104,2,5.722222222,27,5,0,0,27
1323293,1,19,Zimbabwe,109,2,5.684210526,32,5,0,0,29
1323293,1,20,Zimbabwe,116,2,5.75,39,7,0,0,29
1323293,1,21,Zimbabwe,122,2,5.761904762,45,6,0,0,32
1323293,1,22,Zimbabwe,125,2,5.636363636,48,3,0,0,26
1323293,1,23,Zimbabwe,127,2,5.47826087,50,2,0,0,23
1323293,1,24,Zimbabwe,127,3,5.25,0,0,1,0,18
1323293,1,25,Zimbabwe,129,3,5.11409396,1,2,0,0,13
1323293,1,26,Zimbabwe,136,3,5.153846154,8,7,0,0,14
1323293,1,27,Zimbabwe,143,3,5.222222222,15,7,0,0,18
1323293,1,28,Zimbabwe,146,3,5.142857143,18,3,0,0,19
1323293,1,29,Zimbabwe,148,3,5.034482759,20,2,0,0,21
1323293,1,30,Zimbabwe,151,4,4.966666667,3,3,1,0,22
1323293,1,31,Zimbabwe,152,4,4.838709677,4,1,0,0,16
1323293,1,32,Zimbabwe,154,4,4.743455497,5,3,0,0,12
1323293,1,33,Zimbabwe,157,4,4.666666667,8,2,0,0,11
1323293,1,34,Zimbabwe,165,4,4.764705882,16,8,0,0,17
1323293,1,35,Zimbabwe,170,4,4.771428571,21,5,0,0,19
1323293,1,36,Zimbabwe,172,4,4.694444444,23,2,0,0,20
1323293,1,37,Zimbabwe,184,4,4.891891892,35,12,0,0,29
1323293,1,38,Zimbabwe,194,4,5.022026432,44,11,0,0,38
1323293,1,39,Zimbabwe,198,4,4.974358974,48,3,0,0,33
1323293,1,40,Zimbabwe,206,4,4.945606695,51,8,0,0,36
1323293,1,41,Zimbabwe,212,4,4.951219512,57,6,0,0,40
1323293,1,42,Zimbabwe,223,4,5.095238095,68,11,0,0,39
1323293,1,43,Zimbabwe,229,4,5.11627907,74,6,0,0,34
1323293,1,44,Zimbabwe,233,5,5.090909091,4,4,1,0,35
1323293,1,45,Zimbabwe,246,5,5.266666667,17,13,0,0,40
1323293,1,46,Zimbabwe,249,6,5.217391304,0,3,1,0,37
1323293,1,47,Zimbabwe,262,6,5.338078292,10,14,0,0,40
1323293,1,48,Zimbabwe,272,7,5.414634146,7,10,1,1,44
1323293,1,49,Zimbabwe,283,7,5.510204082,18,10,0,1,50
1323293,1,50,Zimbabwe,290,9,5.54,0,7,2,1,44
1323294,1,1,Zimbabwe,5,0,5.0,5,5,0,0,5
1323294,1,2,Zimbabwe,6,0,2.727272727,5,4,0,0,9
1323294,1,3,Zimbabwe,10,0,3.0,9,1,0,0,10
1323294,1,4,Zimbabwe,22,0,5.25,21,12,0,0,22
1323294,1,5,Zimbabwe,26,0,5.0,25,4,0,0,26
1323294,1,6,Zimbabwe,28,0,4.411764706,25,2,0,0,23
1323294,1,7,Zimbabwe,34,0,4.390243902,30,6,0,0,25
1323294,1,8,Zimbabwe,40,0,4.5,36,6,0,0,30
1323294,1,9,Zimbabwe,47,1,4.777777778,6,7,1,0,25
1323294,1,10,Zimbabwe,47,3,4.3,0,0,2,1,21
1323294,1,11,Zimbabwe,55,3,4.636363636,8,8,0,1,27
1323294,1,12,Zimbabwe,60,3,4.666666667,13,5,0,1,26
1323294,1,13,Zimbabwe,61,3,4.384615385,14,1,0,1,21
1323294,1,14,Zimbabwe,68,3,4.571428571,21,7,0,1,21
1323294,1,15,Zimbabwe,71,3,4.449438202,23,4,0,1,25
1323294,1,16,Zimbabwe,77,3,4.5,29,5,0,1,22
1323294,1,17,Zimbabwe,78,3,4.294117647,30,1,0,1,18
1323294,1,18,Zimbabwe,85,3,4.444444444,37,7,0,1,24
1323294,1,19,Zimbabwe,93,3,4.619469027,44,9,0,1,26
1323294,1,20,Zimbabwe,96,3,4.5,47,2,0,1,24
1323294,1,21,Zimbabwe,109,3,4.904761905,60,13,0,1,32
1323294,1,22,Zimbabwe,111,3,4.772727273,62,2,0,0,33
1323294,1,23,Zimbabwe,117,3,4.826086957,68,6,0,0,32
1323294,1,24,Zimbabwe,120,3,4.75,71,3,0,0,26
1323294,1,25,Zimbabwe,125,4,4.76,1,5,1,0,29
1323294,1,26,Zimbabwe,127,4,4.653846154,3,2,0,0,18
1323294,1,27,Zimbabwe,133,4,4.703703704,9,6,0,0,22
1323294,1,28,Zimbabwe,137,4,4.678571429,13,4,0,0,20
1323294,1,29,Zimbabwe,144,4,4.75862069,20,7,0,0,24
1323294,1,30,Zimbabwe,147,4,4.7,23,3,0,0,22
1323294,1,31,Zimbabwe,152,4,4.709677419,28,5,0,0,25
1323294,1,32,Zimbabwe,157,4,4.71875,33,5,0,0,24
1323294,1,33,Zimbabwe,162,4,4.727272727,38,5,0,0,25
1323294,1,34,Zimbabwe,173,4,4.911764706,49,11,0,0,29
1323294,1,35,Zimbabwe,173,5,4.771428571,0,0,1,0,26
1323294,1,36,Zimbabwe,176,5,4.722222222,3,3,0,0,24
1323294,1,37,Zimbabwe,179,5,4.669683258,5,4,0,0,23
1323294,1,38,Zimbabwe,182,5,4.605263158,8,2,0,0,20
1323294,1,39,Zimbabwe,184,5,4.538461538,10,2,0,0,11
1323294,1,40,Zimbabwe,189,5,4.543933054,14,5,0,0,16
1323294,1,41,Zimbabwe,200,5,4.682926829,25,11,0,0,24
1323294,1,42,Zimbabwe,206,6,4.714285714,0,6,1,0,26
1323294,1,43,Zimbabwe,207,6,4.627906977,1,1,0,0,25
1323294,1,44,Zimbabwe,213,6,4.659090909,7,6,0,0,29
1323294,1,45,Zimbabwe,217,6,4.644444444,11,4,0,0,28
1323294,1,46,Zimbabwe,221,7,4.630434783,1,4,1,0,21
1323294,1,47,Zimbabwe,234,7,4.808510638,14,13,0,0,28
1323294,1,48,Zimbabwe,237,8,4.766550523,1,7,1,1,34
1323294,1,49,Zimbabwe,244,9,4.795918367,3,3,1,1,31
1323294,1,50,Zimbabwe,253,9,4.848484848,8,12,0,1,39
1340846,1,1,India,1,0,1.0,1,1,0,0,1
1340846,1,2,India,11,1,5.5,0,10,1,0,11
1340846,1,3,India,13,1,4.333333333,2,2,0,0,13
1340846,1,4,India,14,1,3.5,3,1,0,0,14
1340846,1,5,India,23,1,4.6,12,9,0,0,23
1340846,1,6,India,28,1,3.942857143,12,5,0,0,27
1340846,1,7,India,30,1,3.571428571,14,2,0,0,19
1340846,1,8,India,38,1,4.125,22,8,0,0,25
1340846,1,9,India,39,1,3.777777778,23,1,0,0,25
1340846,1,10,India,44,2,3.86440678,4,5,1,0,21
1340846,1,11,India,47,2,3.692307692,6,3,0,0,19
1340846,1,12,India,47,2,3.333333333,6,0,0,0,17
1340846,1,13,India,52,2,3.461538462,11,5,0,0,14
1340846,1,14,India,57,3,3.571428571,5,5,1,0,18
1340846,1,15,India,63,3,3.733333333,11,6,0,0,19
1340846,1,16,India,64,3,3.5625,12,1,0,0,17
1340846,1,17,India,66,4,3.470588235,0,2,1,1,19
1340846,1,18,India,66,4,3.277777778,0,0,0,1,14
1340846,1,19,India,69,6,3.263157895,0,3,2,1,12
1340846,1,20,India,71,6,3.2,2,2,0,1,8
1340846,1,21,India,79,6,3.428571429,10,8,0,1,15
1340846,1,22,India,86,6,3.590909091,17,7,0,1,20
1340846,1,23,India,89,6,3.565217391,20,3,0,1,23
1340846,1,24,India,93,6,3.583333333,24,4,0,1,24
1340846,1,25,India,96,6,3.56,27,3,0,1,25
1340846,1,26,India,104,6,3.730769231,35,8,0,1,25
1340846,1,27,India,106,6,3.666666667,37,2,0,1,20
1340846,1,28,India,108,6,3.607142857,39,2,0,1,19
1340846,1,29,India,115,6,3.724137931,46,7,0,1,22
1340846,1,30,India,124,6,3.9,55,9,0,1,28
1340846,1,31,India,126,6,3.838709677,57,2,0,0,22
1340846,1,32,India,134,6,3.96875,65,8,0,0,28
1340846,1,33,India,136,6,3.909090909,67,2,0,0,28
1340846,1,34,India,144,6,3.990147783,73,8,0,0,29
1340846,1,35,India,149,6,4.0,78,5,0,0,25
1340846,1,36,India,155,6,4.055555556,84,6,0,0,29
1340846,1,37,India,156,6,3.972972973,85,1,0,0,22
1340846,1,38,India,165,6,4.105263158,94,9,0,0,29
1340846,1,39,India,167,6,4.051282051,96,2,0,0,23
1340846,1,40,India,169,6,4.0,98,2,0,0,20
1340846,1,41,India,174,6,4.008196721,101,9,0,0,23
1340846,1,42,India,183,6,4.095238095,110,5,0,0,27
1340846,1,43,India,188,6,4.11627907,115,5,0,0,23
1340846,1,44,India,193,6,4.129277567,119,9,0,0,30
1340846,1,45,India,203,6,4.244444444,129,6,0,0,34
1340846,1,46,India,216,6,4.407272727,140,14,0,0,39
1340846,1,47,India,227,7,4.526690391,9,14,1,0,48
1340846,1,48,India,241,7,4.708333333,23,10,0,0,53
1340846,1,49,India,255,7,4.897959184,37,14,0,0,58
1340846,1,50,India,271,7,5.12,53,16,0,0,68
1340847,2,1,India,2,0,2.0,2,2,0,0,2
1340847,2,2,India,6,0,3.0,6,4,0,0,6
1340847,2,3,India,18,0,6.0,18,12,0,0,18
1340847,2,4,India,29,0,7.304347826,28,15,0,0,33
1340847,2,5,India,38,1,7.4,5,5,1,0,38
1340847,2,6,India,41,1,6.666666667,8,3,0,0,39
1340847,2,7,India,45,1,6.285714286,12,4,0,0,39
1340847,2,8,India,48,2,5.875,1,3,1,0,30
1340847,2,9,India,59,2,6.444444444,12,11,0,0,26
1340847,2,10,India,66,2,6.5,19,7,0,0,28
1340847,2,11,India,70,2,6.272727273,23,4,0,0,29
1340847,2,12,India,73,3,6.0,0,3,1,1,28
1340847,2,13,India,75,3,5.692307692,2,2,0,1,27
1340847,2,14,India,79,3,5.571428571,6,4,0,1,20
1340847,2,15,India,88,3,5.8,15,9,0,1,22
1340847,2,16,India,90,3,5.5625,17,2,0,1,20
1340847,2,17,India,90,3,5.235294118,17,0,0,1,17
1340847,2,18,India,98,3,5.388888889,25,8,0,1,23
1340847,2,19,India,106,3,5.526315789,33,8,0,1,27
1340847,2,20,India,109,4,5.4,2,3,1,1,21
1340847,2,21,India,113,4,5.333333333,6,4,0,1,23
1340847,2,22,India,115,4,5.129770992,6,3,0,1,26
1340847,2,23,India,124,5,5.260869565,0,8,1,1,26
1340847,2,24,India,132,5,5.375,8,8,0,1,26
1340847,2,25,India,134,5,5.24,10,2,0,1,25
1340847,2,26,India,142,5,5.346153846,18,8,0,1,29
1340847,2,27,India,144,6,5.222222222,1,2,1,1,28
1340847,2,28,India,146,7,5.107142857,1,2,1,1,22
1340847,2,29,India,148,7,5.0,3,2,0,1,16
1340847,2,30,India,149,9,4.860335196,0,1,2,1,15
1340847,2,31,India,158,9,4.962162162,8,9,0,1,16
1340847,2,32,India,163,9,4.9375,13,5,0,1,19
1340847,2,33,India,172,9,5.060606061,22,9,0,1,26
1340847,2,34,India,182,10,5.205882353,0,10,1,1,34
1351397,1,1,England,3,0,3.0,3,3,0,0,3
1351397,1,2,England,11,0,3.0,5,12,0,0,15
1351397,1,3,England,20,0,4.588235294,13,5,0,0,20
1351397,1,4,England,26,0,4.695652174,18,7,0,0,27
1351397,1,5,England,33,1,5.0,0,6,1,0,33
1351397,1,6,England,34,1,4.333333333,1,1,0,0,31
1351397,1,7,England,38,1,4.285714286,5,4,0,0,23
1351397,1,8,England,42,1,4.25,9,4,0,0,22
1351397,1,9,England,51,1,4.777777778,18,9,0,0,24
1351397,1,10,England,54,2,4.576271186,2,3,1,0,21
1351397,1,11,England,55,2,4.181818182,3,1,0,0,21
1351397,1,12,England,58,2,4.083333333,6,3,0,0,20
1351397,1,13,England,63,2,4.153846154,11,5,0,0,21
1351397,1,14,England,68,2,4.192771084,15,5,0,0,17
1351397,1,15,England,75,2,4.333333333,22,7,0,0,21
1351397,1,16,England,81,2,4.4375,28,6,0,0,26
1351397,1,17,England,89,2,4.647058824,36,8,0,0,31
1351397,1,18,England,93,2,4.611111111,40,4,0,0,30
1351397,1,19,England,94,2,4.421052632,41,1,0,0,26
1351397,1,20,England,95,3,4.25,0,1,1,0,20
1351397,1,21,England,97,3,4.142857143,2,2,0,0,16
1351397,1,22,England,103,3,4.227272727,8,6,0,0,14
1351397,1,23,England,107,4,4.217391304,1,4,1,0,14
1351397,1,24,England,109,4,4.125,3,2,0,0,15
1351397,1,25,England,117,4,4.28,11,8,0,0,22
1351397,1,26,England,120,4,4.230769231,14,3,0,0,23
1351397,1,27,England,123,4,4.185185185,17,3,0,0,20
1351397,1,28,England,126,4,4.142857143,20,3,0,0,19
1351397,1,29,England,127,4,4.034482759,21,1,0,0,18
1351397,1,30,England,129,4,3.966666667,23,2,0,0,12
1351397,1,31,England,133,4,3.956756757,26,4,0,0,13
1351397,1,32,England,136,4,3.884210526,27,3,0,0,13
1351397,1,33,England,142,4,3.909090909,33,6,0,0,16
1351397,1,34,England,149,4,4.0,40,7,0,0,22
1351397,1,35,England,152,4,3.971428571,43,3,0,0,23
1351397,1,36,England,159,5,4.055555556,0,7,1,0,26
1351397,1,37,England,162,5,4.018099548,2,3,1,0,26
1351397,1,38,England,169,6,4.078947368,7,7,0,0,27
1351397,1,39,England,171,6,4.025641026,9,2,0,0,22
1351397,1,40,England,175,6,4.016736402,12,4,1,1,23
1351397,1,41,England,177,7,3.951219512,2,2,0,1,18
1351397,1,42,England,181,7,3.944223108,5,5,0,1,20
1351397,1,43,England,183,8,3.88372093,1,1,1,1,14
1351397,1,44,England,194,8,4.045454545,12,11,0,1,23
1351397,1,45,England,197,8,4.014869888,14,3,0,1,22
1351397,1,46,England,206,8,4.101818182,22,9,0,1,29
1351397,1,47,England,208,9,4.035587189,0,3,1,1,27
1351397,1,48,England,209,10,3.992957746,0,0,1,1,26
1351398,2,1,England,4,2,4.0,3,4,2,0,4
1351398,2,2,England,9,2,4.5,8,5,0,0,9
1351398,2,3,England,14,3,4.666666667,5,5,1,1,14
1351398,2,4,England,20,3,5.0,11,6,0,1,20
1351398,2,5,England,20,3,4.0,11,0,0,1,20
1351398,2,6,England,22,3,3.666666667,13,2,0,1,18
1351398,2,7,England,26,3,3.714285714,17,4,0,1,17
1351398,2,8,England,32,3,4.0,23,6,0,1,18
1351398,2,9,England,38,3,4.075471698,27,6,0,1,18
1351398,2,10,England,44,3,4.2,33,6,0,1,24
1351398,2,11,England,47,3,4.090909091,36,3,0,1,25
1351398,2,12,England,49,3,3.916666667,38,2,0,1,23
1351398,2,13,England,54,3,4.0,43,5,0,1,22
1351398,2,14,England,59,3,4.071428571,48,5,0,1,21
1351398,2,15,England,63,3,4.04494382,51,5,0,1,20
1351398,2,16,England,67,3,4.0,55,3,0,1,20
1351398,2,17,England,68,3,3.823529412,56,1,0,1,19
1351398,2,18,England,71,3,3.777777778,59,3,0,1,17
1351398,2,19,England,76,3,3.842105263,64,5,0,1,17
1351398,2,20,England,84,3,4.05,72,8,0,1,20
1351398,2,21,England,89,4,4.095238095,1,5,1,1,22
1351398,2,22,England,96,4,4.227272727,8,7,0,0,28
1351398,2,23,England,96,4,4.043478261,8,0,0,0,25
1351398,2,24,England,107,4,4.333333333,19,11,0,0,31
1351398,2,25,England,109,4,4.24,21,2,0,0,25
1351398,2,26,England,116,4,4.346153846,28,7,0,0,27
1351398,2,27,England,120,4,4.333333333,32,4,0,0,24
1351398,2,28,England,122,5,4.25,0,2,1,0,26
1351398,2,29,England,127,5,4.275862069,5,5,0,0,20
1351398,2,30,England,128,5,4.166666667,6,1,0,0,19
1351398,2,31,England,129,5,4.064516129,7,1,0,0,13
1351398,2,32,England,135,5,4.125,13,6,0,0,15
1351398,2,33,England,148,5,4.393939394,26,13,0,0,26
1351398,2,34,England,153,5,4.411764706,31,5,0,0,26
1351398,2,35,England,156,5,4.371428571,34,3,0,0,28
1351398,2,36,England,160,6,4.361111111,0,4,1,0,31
1351398,2,37,England,163,6,4.324324324,3,3,0,0,28
1351398,2,38,England,167,7,4.315789474,0,4,1,0,19
1351398,2,39,England,170,7,4.282051282,3,3,0,0,17
1351398,2,40,England,174,7,4.275,7,4,0,0,18
1351398,2,41,England,183,7,4.390243902,16,9,0,0,23
1351398,2,42,England,184,8,4.30952381,0,1,1,1,21
1351398,2,43,England,194,8,4.441860465,10,10,0,1,27
1351398,2,44,England,194,8,4.340909091,10,0,0,1,24
1351398,2,45,England,194,10,4.276119403,0,0,2,1,20
1355717,1,1,Ireland,7,0,2.4,2,7,0,0,7
1355717,1,2,Ireland,15,0,5.0,10,8,0,0,15
1355717,1,3,Ireland,19,1,4.588235294,3,4,1,0,19
1355717,1,4,Ireland,23,1,4.25,7,4,0,0,23
1355717,1,5,Ireland,30,1,4.75862069,13,8,0,0,31
1355717,1,6,Ireland,32,1,4.166666667,15,1,0,0,25
1355717,1,7,Ireland,35,1,4.0,18,3,0,0,20
1355717,1,8,Ireland,40,1,4.125,23,5,0,0,21
1355717,1,9,Ireland,45,1,4.222222222,28,5,0,0,22
1355717,1,10,Ireland,50,2,4.3,1,5,1,0,19
1355717,1,11,Ireland,51,2,4.0,2,1,0,0,19
1355717,1,12,Ireland,57,2,4.166666667,8,6,0,0,22
1355717,1,13,Ireland,64,2,4.384615385,15,7,0,0,24
1355717,1,14,Ireland,68,2,4.357142857,19,4,0,0,23
1355717,1,15,Ireland,76,2,4.6,27,8,0,0,26
1355717,1,16,Ireland,80,2,4.5625,31,4,0,0,29
1355717,1,17,Ireland,86,3,4.647058824,5,6,1,0,29
1355717,1,18,Ireland,89,3,4.555555556,8,3,0,0,25
1355717,1,19,Ireland,94,3,4.578947368,13,5,0,0,26
1355717,1,20,Ireland,97,3,4.5,16,3,0,0,21
1355717,1,21,Ireland,105,3,4.666666667,24,8,0,0,25
1355717,1,22,Ireland,110,3,4.681818182,29,5,0,0,24
1355717,1,23,Ireland,116,3,4.739130435,35,6,0,0,27
1355717,1,24,Ireland,118,3,4.625,37,2,0,0,24
1355717,1,25,Ireland,122,3,4.590604027,40,7,0,0,28
1355717,1,26,Ireland,131,3,4.653846154,47,6,0,0,26
1355717,1,27,Ireland,135,3,4.62962963,51,4,0,0,25
1355717,1,28,Ireland,139,3,4.607142857,55,4,0,0,23
1355717,1,29,Ireland,146,3,4.689655172,62,7,0,0,28
1355717,1,30,Ireland,155,3,4.833333333,71,9,0,0,30
1355717,1,31,Ireland,158,3,4.774193548,74,3,0,0,27
1355717,1,32,Ireland,167,3,4.90625,83,9,0,0,32
1355717,1,33,Ireland,172,3,4.903553299,87,9,0,0,37
1355717,1,34,Ireland,183,3,5.054187192,97,7,0,0,37
1355717,1,35,Ireland,205,3,5.514285714,119,22,0,0,50
1355717,1,36,Ireland,211,3,5.527777778,125,6,0,0,53
1355717,1,37,Ireland,216,3,5.513513514,130,5,0,0,49
1355717,1,38,Ireland,223,4,5.552631579,7,7,1,0,47
1355717,1,39,Ireland,233,4,5.666666667,17,10,0,0,50
1355717,1,40,Ireland,242,4,5.75,26,9,0,0,37
1355717,1,41,Ireland,248,4,5.756097561,32,6,0,0,37
1355717,1,42,Ireland,256,4,5.80952381,40,8,0,0,40
1355717,1,43,Ireland,272,4,6.046511628,56,16,0,0,49
1355717,1,44,Ireland,281,4,6.113636364,65,9,0,0,48
1355717,1,45,Ireland,291,4,6.2,75,10,0,0,49
1355717,1,46,Ireland,297,6,6.195652174,0,6,2,0,49
1355717,1,47,Ireland,309,6,6.319148936,12,12,0,0,53
1355717,1,48,Ireland,313,7,6.270833333,2,4,1,1,41
1355717,1,49,Ireland,324,7,6.367346939,13,11,0,1,43
1355717,1,50,Ireland,338,8,6.52,7,14,1,1,47
1355718,1,1,Ireland,3,0,3.0,3,3,0,0,3
1355718,1,2,Ireland,3,0,1.5,3,0,0,0,3
1355718,1,3,Ireland,3,0,1.0,3,0,0,0,3
1355718,1,4,Ireland,5,0,1.25,5,2,0,0,5
1355718,1,5,Ireland,14,0,2.8,14,9,0,0,14
1355718,1,6,Ireland,14,0,2.333333333,14,0,0,0,11
1355718,1,7,Ireland,18,0,2.571428571,18,4,0,0,15
1355718,1,8,Ireland,30,0,3.75,30,12,0,0,27
1355718,1,9,Ireland,36,0,4.0,36,6,0,0,31
1355718,1,10,Ireland,42,1,4.2,0,6,1,0,28
1355718,1,11,Ireland,46,1,4.153846154,3,5,0,0,33
1355718,1,12,Ireland,52,1,4.25,9,5,0,0,34
1355718,1,13,Ireland,57,1,4.307692308,14,5,0,0,27
1355718,1,14,Ireland,60,1,4.214285714,17,3,0,0,24
1355718,1,15,Ireland,62,1,4.04494382,18,4,0,0,22
1355718,1,16,Ireland,68,1,4.125,24,4,0,0,21
1355718,1,17,Ireland,71,1,4.058823529,27,3,0,0,19
1355718,1,18,Ireland,78,1,4.222222222,34,7,0,0,21
1355718,1,19,Ireland,92,1,4.736842105,48,14,0,0,32
1355718,1,20,Ireland,102,1,5.0,58,10,0,0,38
1355718,1,21,Ireland,114,1,5.333333333,70,12,0,0,46
1355718,1,22,Ireland,119,1,5.318181818,75,5,0,0,48
1355718,1,23,Ireland,123,1,5.260869565,79,4,0,0,45
1355718,1,24,Ireland,132,1,5.416666667,88,9,0,0,40
1355718,1,25,Ireland,139,1,5.48,95,7,0,0,37
1355718,1,26,Ireland,143,2,5.423076923,0,4,1,0,29
1355718,1,27,Ireland,147,2,5.37037037,4,4,0,0,28
1355718,1,28,Ireland,152,2,5.353293413,8,5,0,0,29
1355718,1,29,Ireland,165,2,5.586206897,21,13,0,0,33
1355718,1,30,Ireland,172,2,5.633333333,28,7,0,0,33
1355718,1,31,Ireland,179,2,5.677419355,35,7,0,0,36
1355718,1,32,Ireland,182,3,5.59375,0,3,1,0,35
1355718,1,33,Ireland,189,3,5.636363636,7,7,0,0,37
1355718,1,34,Ireland,192,4,5.556650246,2,4,1,0,28
1355718,1,35,Ireland,196,4,5.485714286,6,3,0,0,24
1355718,1,36,Ireland,202,4,5.5,12,6,0,0,23
1355718,1,37,Ireland,216,4,5.72972973,26,14,0,0,34
1355718,1,38,Ireland,220,4,5.684210526,30,4,0,0,31
1355718,1,39,Ireland,233,4,5.871794872,43,13,0,0,40
1355718,1,40,Ireland,241,4,5.925,51,8,0,0,45
1355718,1,41,Ireland,248,4,5.951020408,57,8,0,0,47
1355718,1,42,Ireland,261,4,6.071428571,69,12,0,0,45
1355718,1,43,Ireland,278,4,6.325581395,86,17,0,0,58
1355718,1,44,Ireland,296,4,6.590909091,104,18,0,0,63
1355718,1,45,Ireland,307,4,6.688888889,115,11,0,0,66
1355718,1,46,Ireland,316,4,6.739130435,124,9,0,0,67
1355718,1,47,Ireland,324,5,6.765957447,6,8,1,0,63
1355718,1,48,Ireland,334,5,6.833333333,16,10,0,0,56
1355718,1,49,Ireland,339,5,6.795918367,21,5,0,0,43
1355718,1,50,Ireland,349,6,6.86,10,10,1,0,42
1355719,2,1,Ireland,6,0,6.0,6,6,0,0,6
1355719,2,2,Ireland,14,0,7.0,14,8,0,0,14
1355719,2,3,Ireland,23,0,7.764705882,22,13,0,0,27
1355719,2,4,Ireland,29,0,7.0,28,2,0,0,29
1355719,2,5,Ireland,39,0,7.714285714,36,10,0,0,39
1355719,2,6,Ireland,45,0,7.0,42,6,0,0,39
1355719,2,7,Ireland,50,0,6.146341463,42,11,0,0,42
1355719,2,8,Ireland,70,0,7.787234043,61,15,0,0,44
1355719,2,9,Ireland,81,0,7.888888889,71,10,0,0,52
1355719,2,10,Ireland,81,0,7.1,71,0,0,0,42
1355719,2,11,Ireland,88,0,7.090909091,78,7,0,0,43
1355719,2,12,Ireland,93,0,6.916666667,83,5,0,0,37
1355719,2,13,Ireland,101,0,7.0,91,8,0,0,30
1355719,2,14,Ireland,102,0,6.987341772,92,1,0,0,21
1364124,1,1,Ireland,3,1,3.0,0,3,1,0,3
1364124,1,2,Ireland,3,1,1.5,0,0,0,0,3
1364124,1,3,Ireland,9,1,3.0,6,6,0,0,9
1364124,1,4,Ireland,16,2,3.913043478,0,8,1,0,17
1364124,1,5,Ireland,24,2,4.4,7,7,0,0,24
1364124,1,6,Ireland,28,2,4.333333333,11,4,0,0,25
1364124,1,7,Ireland,36,2,4.857142857,19,8,0,0,33
1364124,1,8,Ireland,44,2,5.234042553,26,9,0,0,36
1364124,1,9,Ireland,49,2,5.111111111,31,4,0,0,32
1364124,1,10,Ireland,50,2,4.7,32,1,0,0,26
1364124,1,11,Ireland,52,2,4.454545455,34,2,0,0,24
1364124,1,12,Ireland,53,3,4.166666667,1,1,1,0,17
1364124,1,13,Ireland,58,3,4.230769231,6,5,0,0,13
1364124,1,14,Ireland,61,3,4.142857143,9,3,0,0,12
1364124,1,15,Ireland,69,3,4.4,17,8,0,0,19
1364124,1,16,Ireland,72,3,4.294736842,19,3,0,0,20
1364124,1,17,Ireland,76,3,4.235294118,23,4,0,0,23
1364124,1,18,Ireland,84,3,4.444444444,31,8,0,0,26
1364124,1,19,Ireland,91,3,4.578947368,38,7,0,0,30
1364124,1,20,Ireland,96,3,4.6,43,5,0,0,27
1364124,1,21,Ireland,100,3,4.571428571,47,4,0,0,28
1364124,1,22,Ireland,103,4,4.5,1,3,1,0,27
1364124,1,23,Ireland,107,4,4.47826087,5,4,0,0,23
1364124,1,24,Ireland,112,4,4.5,10,5,0,0,21
1364124,1,25,Ireland,114,4,4.4,12,2,0,0,18
1364124,1,26,Ireland,121,4,4.5,19,7,0,0,21
1364124,1,27,Ireland,123,5,4.407407407,1,2,1,0,20
1364124,1,28,Ireland,135,5,4.634730539,11,13,0,0,29
1364124,1,29,Ireland,140,5,4.620689655,16,4,0,0,28
1364124,1,30,Ireland,144,5,4.6,20,4,0,0,30
1364124,1,31,Ireland,154,5,4.774193548,30,10,0,0,33
1364124,1,32,Ireland,162,5,4.875,38,8,0,0,39
1364124,1,33,Ireland,167,5,4.878787879,43,5,0,0,31
1364124,1,34,Ireland,173,5,4.906403941,48,6,0,0,33
1364124,1,35,Ireland,180,5,4.942857143,55,7,0,0,36
1364124,1,36,Ireland,182,5,4.855813953,56,3,0,0,29
1364124,1,37,Ireland,185,5,4.783783784,59,2,0,0,23
1364124,1,38,Ireland,187,6,4.678414097,0,2,1,0,20
1364124,1,39,Ireland,189,6,4.583690987,1,2,0,0,16
1364124,1,40,Ireland,195,6,4.6,7,6,0,0,15
1364124,1,41,Ireland,197,6,4.536585366,9,2,0,0,14
1364124,1,42,Ireland,201,6,4.523809524,13,4,0,0,16
1364124,1,43,Ireland,207,6,4.558139535,19,6,0,0,20
1364124,1,44,Ireland,214,6,4.613636364,26,7,0,0,25
1364124,1,45,Ireland,220,7,4.644444444,0,6,1,0,25
1364124,1,46,Ireland,222,7,4.586956522,2,2,0,0,25
1364124,1,47,Ireland,225,7,4.553191489,5,3,0,0,24
1364124,1,48,Ireland,239,7,4.75,19,14,0,0,32
1364124,1,49,Ireland,243,8,4.734693878,4,4,1,0,29
1364124,1,50,Ireland,245,9,4.675585284,1,3,1,1,26
1365552,1,1,Ireland,8,0,2.0,1,8,0,0,8
1365552,1,2,Ireland,10,0,0.545454545,1,2,0,0,10
1365552,1,3,Ireland,14,0,1.666666667,5,4,0,0,14
1365552,1,4,Ireland,18,1,2.25,0,4,1,0,18
1365552,1,5,Ireland,31,1,4.4,13,13,0,0,31
1365552,1,6,Ireland,37,1,4.666666667,19,6,0,0,29
1365552,1,7,Ireland,46,1,5.285714286,28,9,0,0,36
1365552,1,8,Ireland,49,1,4.956521739,29,3,0,0,35
1365552,1,9,Ireland,53,1,4.666666667,33,4,0,0,35
1365552,1,10,Ireland,62,1,5.1,42,9,0,0,31
1365552,1,11,Ireland,67,2,5.090909091,0,5,1,0,30
1365552,1,12,Ireland,75,2,5.314285714,6,11,0,0,32
1365552,1,13,Ireland,80,2,5.153846154,11,2,0,0,31
1365552,1,14,Ireland,88,2,5.34939759,18,8,0,0,35
1365552,1,15,Ireland,95,2,5.4,25,7,0,0,33
1365552,1,16,Ireland,98,2,5.25,28,3,0,0,31
1365552,1,17,Ireland,100,2,5.058823529,30,2,0,0,22
1365552,1,18,Ireland,107,2,5.166666667,37,7,0,0,27
1365552,1,19,Ireland,114,2,5.263157895,44,7,0,0,26
1365552,1,20,Ireland,117,2,5.15,47,3,0,0,22
1365552,1,21,Ireland,123,2,5.19047619,53,6,0,0,25
1365552,1,22,Ireland,126,2,5.090909091,56,3,0,0,26
1365552,1,23,Ireland,135,2,5.260869565,65,9,0,0,28
1365552,1,24,Ireland,139,3,5.208333333,2,4,1,0,25
1365552,1,25,Ireland,145,3,5.24,8,6,0,0,28
1365552,1,26,Ireland,148,3,5.153846154,11,3,0,0,25
1365552,1,27,Ireland,156,3,5.259259259,19,8,0,0,30
1365552,1,28,Ireland,159,4,5.178571429,0,3,1,0,24
1365552,1,29,Ireland,160,4,5.034482759,1,1,0,0,21
1365552,1,30,Ireland,165,4,5.033333333,6,5,0,0,20
1365552,1,31,Ireland,173,4,5.129032258,14,8,0,0,25
1365552,1,32,Ireland,176,4,5.0625,17,3,0,0,20
1365552,1,33,Ireland,185,4,5.181818182,26,9,0,0,26
1365552,1,34,Ireland,186,5,5.058823529,0,1,1,0,26
1365552,1,35,Ireland,190,5,5.023923445,3,6,0,0,27
1365552,1,36,Ireland,195,5,5.0,8,3,0,0,22
1365552,1,37,Ireland,204,5,5.108108108,17,9,0,0,28
1365552,1,38,Ireland,209,5,5.105263158,22,5,0,0,24
1365552,1,39,Ireland,212,5,5.051282051,25,3,0,0,26
1365552,1,40,Ireland,223,5,5.2,36,11,0,0,31
1365552,1,41,Ireland,229,5,5.219512195,42,6,0,0,34
1365552,1,42,Ireland,232,5,5.166666667,45,3,0,0,28
1365552,1,43,Ireland,239,5,5.206225681,51,9,0,0,32
1365552,1,44,Ireland,246,5,5.227272727,58,5,0,0,34
1365552,1,45,Ireland,255,5,5.311111111,67,9,0,0,32
1365552,1,46,Ireland,263,6,5.369565217,2,8,1,0,34
1365552,1,47,Ireland,268,7,5.359430605,2,5,1,0,36
1365552,1,48,Ireland,273,8,5.333333333,2,5,1,1,32
1365552,1,49,Ireland,274,10,5.262798635,0,1,2,1,28
1384402,1,1,New Zealand,5,1,5.0,5,5,1,0,5
1384402,1,2,New Zealand,10,1,5.0,10,5,0,0,10
1384402,1,3,New Zealand,16,1,5.294117647,15,6,0,0,16
1384402,1,4,New Zealand,22,1,5.25,21,6,0,0,22
1384402,1,5,New Zealand,30,1,5.8,29,8,0,0,30
1384402,1,6,New Zealand,37,1,6.0,36,7,0,0,32
1384402,1,7,New Zealand,38,1,5.285714286,37,1,0,0,28
1384402,1,8,New Zealand,40,1,4.723404255,37,2,1,0,24
1384402,1,9,New Zealand,41,2,4.222222222,1,1,0,0,19
1384402,1,10,New Zealand,46,2,4.3,6,5,0,0,16
1384402,1,11,New Zealand,55,2,4.727272727,15,9,0,0,18
1384402,1,12,New Zealand,56,3,4.394366197,0,1,1,0,18
1384402,1,13,New Zealand,57,4,4.076923077,1,1,1,1,17
1384402,1,14,New Zealand,61,4,4.071428571,5,4,0,1,20
1384402,1,15,New Zealand,69,4,4.314606742,12,12,0,1,27
1384402,1,16,New Zealand,78,4,4.5625,21,5,0,1,23
1384402,1,17,New Zealand,78,4,4.294117647,21,0,0,1,22
1384402,1,18,New Zealand,81,4,4.222222222,24,3,0,1,24
1384402,1,19,New Zealand,83,4,4.105263158,26,2,0,1,22
1384402,1,20,New Zealand,93,4,4.4,36,10,0,1,20
1384402,1,21,New Zealand,100,4,4.523809524,43,7,0,1,22
1384402,1,22,New Zealand,106,4,4.590909091,49,6,0,0,28
1384402,1,23,New Zealand,110,4,4.565217391,53,4,0,0,29
1384402,1,24,New Zealand,114,4,4.541666667,57,4,0,0,31
1384402,1,25,New Zealand,118,4,4.52,61,4,0,0,25
1384402,1,26,New Zealand,124,4,4.576923077,67,6,0,0,24
1384402,1,27,New Zealand,126,4,4.481481481,69,2,0,0,20
1384402,1,28,New Zealand,133,4,4.562874251,75,7,0,0,23
1384402,1,29,New Zealand,145,4,4.793103448,87,12,0,0,31
1384402,1,30,New Zealand,152,5,4.866666667,0,7,1,0,34
1384402,1,31,New Zealand,156,5,4.838709677,4,4,0,0,32
1384402,1,32,New Zealand,159,5,4.78125,7,3,0,0,33
1384402,1,33,New Zealand,161,5,4.696969697,9,2,0,0,28
1384402,1,34,New Zealand,167,5,4.735294118,15,6,0,0,22
1384402,1,35,New Zealand,168,5,4.628571429,16,1,0,0,16
1384402,1,36,New Zealand,175,6,4.694444444,0,7,1,0,19
1384402,1,37,New Zealand,179,6,4.675675676,4,4,0,0,20
1384402,1,38,New Zealand,180,7,4.578947368,0,1,1,1,19
1384402,1,39,New Zealand,185,7,4.58974359,5,5,0,1,18
1384402,1,40,New Zealand,189,7,4.575,9,4,0,1,21
1384402,1,41,New Zealand,195,7,4.609756098,15,6,0,1,20
1384402,1,42,New Zealand,200,7,4.613545817,19,5,0,1,21
1384402,1,43,New Zealand,204,7,4.581395349,23,4,0,1,24
1384402,1,44,New Zealand,213,7,4.681818182,32,9,0,1,28
1384402,1,45,New Zealand,214,8,4.6,0,1,1,1,25
1384402,1,46,New Zealand,218,8,4.56,2,4,0,1,23
1384402,1,47,New Zealand,220,8,4.483985765,3,2,0,1,20
1384402,1,48,New Zealand,225,9,4.479166667,0,5,1,1,21
1384402,1,49,New Zealand,234,9,4.571428571,9,9,0,1,21
1384402,1,50,New Zealand,245,9,4.7,20,11,0,1,31
1384414,2,1,South Africa,2,0,2.0,2,2,0,0,2
1384414,2,2,South Africa,7,0,3.272727273,6,5,0,0,7
1384414,2,3,South Africa,12,0,3.666666667,11,5,0,0,12
1384414,2,4,South Africa,14,0,3.25,13,2,0,0,14
1384414,2,5,South Africa,19,0,3.517241379,17,5,0,0,19
1384414,2,6,South Africa,26,0,3.882352941,22,11,0,0,28
1384414,2,7,South Africa,31,2,3.857142857,1,1,2,0,24
1384414,2,8,South Africa,32,3,3.5,1,1,1,1,20
1384414,2,9,South Africa,33,3,3.169811321,1,2,0,1,20
1384414,2,10,South Africa,35,3,3.0,3,1,0,1,16
1384414,2,11,South Africa,41,3,3.272727273,9,6,0,1,11
1384414,2,12,South Africa,46,4,3.416666667,4,5,1,1,15
1384414,2,13,South Africa,48,4,3.307692308,6,2,0,1,16
1384414,2,14,South Africa,55,4,3.571428571,13,7,0,1,21
1384414,2,15,South Africa,58,5,3.533333333,0,3,1,1,23
1384414,2,16,South Africa,63,5,3.625,5,5,0,1,22
1384414,2,17,South Africa,63,5,3.411764706,5,0,0,1,17
1384414,2,18,South Africa,64,5,3.277777778,6,1,0,1,16
1384414,2,19,South Africa,69,5,3.368421053,11,5,0,1,14
1384414,2,20,South Africa,72,5,3.327731092,13,3,0,1,14
1384414,2,21,South Africa,80,5,3.456,19,8,0,1,17
1384414,2,22,South Africa,81,6,3.318181818,0,1,1,1,18
1384414,2,23,South Africa,88,6,3.47826087,7,7,0,1,24
1384414,2,24,South Africa,89,6,3.375,8,1,0,1,20
1384414,2,25,South Africa,93,6,3.4,12,4,0,1,21
1384414,2,26,South Africa,96,6,3.384615385,15,3,0,1,16
1384414,2,27,South Africa,103,6,3.518518519,22,7,0,1,22
1384414,2,28,South Africa,114,6,3.785714286,33,11,0,1,26
1384414,2,29,South Africa,123,7,3.965517241,1,9,1,0,34
1384414,2,30,South Africa,125,7,3.9,3,2,0,0,32
1384414,2,31,South Africa,131,7,3.967741935,9,6,0,0,35
1384414,2,32,South Africa,133,7,3.90625,11,2,0,0,30
1384414,2,33,South Africa,140,7,4.0,18,7,0,0,26
1384414,2,34,South Africa,143,7,3.970588235,21,3,0,0,20
1384414,2,35,South Africa,148,7,4.0,26,5,0,0,23
1384414,2,36,South Africa,157,7,4.130232558,34,10,0,0,27
1384414,2,37,South Africa,159,8,4.054054054,0,1,1,0,26
1384414,2,38,South Africa,166,8,4.131578947,7,7,0,0,26
1384414,2,39,South Africa,177,8,4.307692308,18,11,0,0,34
1384414,2,40,South Africa,184,8,4.361344538,23,7,0,0,36
1384414,2,41,South Africa,192,8,4.408163265,30,8,0,0,34
1384414,2,42,South Africa,200,8,4.446215139,36,8,0,0,41
1384414,2,43,South Africa,201,8,4.348837209,37,1,0,0,35
1384414,2,44,South Africa,210,8,4.448669202,45,10,0,0,34
1384414,2,45,South Africa,223,8,4.594795539,56,12,0,0,39
1384414,2,46,South Africa,228,9,4.586956522,1,5,1,0,36
1384414,2,47,South Africa,233,10,4.628571429,0,5,1,0,33
1384422,1,1,Pakistan,0,1,0.0,0,0,1,0,0
1384422,1,2,Pakistan,5,1,2.5,5,5,0,0,5
1384422,1,3,Pakistan,6,2,2.0,0,1,1,0,6
1384422,1,4,Pakistan,9,2,2.25,3,3,0,0,9
1384422,1,5,Pakistan,10,2,2.0,4,1,0,0,10
1384422,1,6,Pakistan,23,3,3.833333333,0,13,1,1,23
1384422,1,7,Pakistan,27,3,3.857142857,4,4,0,1,22
1384422,1,8,Pakistan,32,3,4.0,9,5,0,1,26
1384422,1,9,Pakistan,36,3,4.0,13,4,0,1,27
1384422,1,10,Pakistan,37,3,3.7,14,1,0,1,27
1384422,1,11,Pakistan,48,3,4.363636364,25,11,0,1,25
1384422,1,12,Pakistan,56,3,4.666666667,33,8,0,1,29
1384422,1,13,Pakistan,61,3,4.692307692,38,5,0,0,29
1384422,1,14,Pakistan,66,3,4.698795181,42,5,0,0,30
1384422,1,15,Pakistan,66,3,4.333333333,42,0,0,0,29
1384422,1,16,Pakistan,68,3,4.1875,44,2,0,0,20
1384422,1,17,Pakistan,75,3,4.352941176,51,7,0,0,19
1384422,1,18,Pakistan,81,3,4.444444444,57,6,0,0,20
1384422,1,19,Pakistan,85,3,4.421052632,61,4,0,0,19
1384422,1,20,Pakistan,96,3,4.75,72,11,0,0,30
1384422,1,21,Pakistan,102,4,4.80952381,0,6,1,0,34
1384422,1,22,Pakistan,103,4,4.636363636,1,1,0,0,28
1384422,1,23,Pakistan,104,4,4.47826087,2,1,0,0,23
1384422,1,24,Pakistan,108,4,4.436619718,4,4,0,0,23
1384422,1,25,Pakistan,109,4,4.24,5,1,0,0,13
1384422,1,26,Pakistan,113,4,4.230769231,9,4,0,0,11
1384422,1,27,Pakistan,117,4,4.222222222,13,4,0,0,14
1384422,1,28,Pakistan,121,4,4.214285714,17,4,0,0,17
1384422,1,29,Pakistan,124,4,4.172413793,20,3,0,0,16
1384422,1,30,Pakistan,128,4,4.166666667,24,4,0,0,19
1384422,1,31,Pakistan,131,5,4.108695652,0,5,1,0,20
1384422,1,32,Pakistan,141,6,4.25,1,8,1,1,24
1384422,1,33,Pakistan,145,6,4.242424242,5,4,0,1,24
1384422,1,34,Pakistan,149,6,4.235294118,9,4,0,1,25
1384422,1,35,Pakistan,153,6,4.228571429,13,4,0,1,25
1384422,1,36,Pakistan,158,6,4.25,18,5,0,1,25
1384422,1,37,Pakistan,172,6,4.513513514,32,14,0,1,31
1384422,1,38,Pakistan,182,6,4.657894737,42,10,0,0,37
1384422,1,39,Pakistan,183,6,4.564102564,43,1,0,0,34
1384422,1,40,Pakistan,188,7,4.575,3,5,1,0,35
1384422,1,41,Pakistan,191,7,4.536585366,6,3,0,0,33
1384422,1,42,Pakistan,198,7,4.595238095,13,7,0,0,26
1384422,1,43,Pakistan,200,7,4.534883721,15,2,0,0,18
1384422,1,44,Pakistan,201,9,4.454545455,0,1,2,1,18
1384422,1,45,Pakistan,204,9,4.422222222,3,3,0,1,16
1384422,1,46,Pakistan,204,10,4.405904059,0,0,1,1,13
1384434,1,1,Australia,0,0,0.0,0,0,0,0,0
1384434,1,2,Australia,5,0,2.181818182,4,10,0,0,10
1384434,1,3,Australia,13,0,2.333333333,7,3,0,0,13
1384434,1,4,Australia,15,0,2.086956522,8,3,0,0,16
1384434,1,5,Australia,20,0,2.6,13,4,0,0,20
1384434,1,6,Australia,29,0,3.666666667,22,9,0,0,29
1384434,1,7,Australia,35,0,4.0,28,6,0,0,25
1384434,1,8,Australia,48,0,4.595744681,36,13,0,0,35
1384434,1,9,Australia,54,0,4.641509434,41,6,0,0,38
1384434,1,10,Australia,62,0,4.9,49,8,0,0,42
1384434,1,11,Australia,75,0,5.636363636,62,13,0,0,46
1384434,1,12,Australia,83,1,5.833333333,7,8,1,0,48
1384434,1,13,Australia,84,1,5.461538462,8,1,0,0,36
1384434,1,14,Australia,96,1,5.928571429,20,12,0,0,42
1384434,1,15,Australia,99,1,5.733333333,23,3,0,0,37
1384434,1,16,Australia,105,1,5.75,29,6,0,0,30
1384434,1,17,Australia,106,2,5.470588235,0,1,1,0,23
1384434,1,18,Australia,108,2,5.277777778,2,2,0,0,24
1384434,1,19,Australia,109,2,5.052631579,3,1,0,0,13
1384434,1,20,Australia,114,2,5.05,8,5,0,0,15
1384434,1,21,Australia,123,2,5.238095238,17,9,0,0,18
1384434,1,22,Australia,132,2,5.404580153,25,9,0,0,26
1384434,1,23,Australia,136,2,5.304347826,29,4,0,0,28
1384434,1,24,Australia,148,2,5.583333333,41,12,0,0,39
1384434,1,25,Australia,161,2,5.88,54,13,0,0,47
1384434,1,26,Australia,163,2,5.730769231,56,2,0,0,40
1384434,1,27,Australia,168,2,5.703703704,61,5,0,0,36
1384434,1,28,Australia,170,3,5.571428571,0,2,1,0,34
1384434,1,29,Australia,171,3,5.413793103,1,1,0,0,23
1384434,1,30,Australia,180,3,5.533333333,10,9,0,0,19
1384434,1,31,Australia,183,3,5.451612903,13,3,0,0,20
1384434,1,32,Australia,198,3,5.747368421,26,18,0,0,33
1384434,1,33,Australia,203,3,5.666666667,31,2,0,0,33
1384434,1,34,Australia,206,3,5.588235294,34,3,0,0,35
1384434,1,35,Australia,212,3,5.598086124,39,7,0,0,33
1384434,1,36,Australia,214,4,5.472222222,0,1,1,0,31
1384434,1,37,Australia,217,4,5.405405405,3,3,0,0,16
1384434,1,38,Australia,221,4,5.368421053,7,4,0,0,18
1384434,1,39,Australia,228,4,5.41025641,14,7,0,0,22
1384434,1,40,Australia,239,4,5.55,25,11,0,0,26
1384434,1,41,Australia,241,4,5.463414634,27,2,0,0,27
1384434,1,42,Australia,251,4,5.571428571,37,10,0,0,34
1384434,1,43,Australia,257,5,5.581395349,6,6,1,0,36
1384434,1,44,Australia,267,5,5.681818182,16,10,0,0,39
1384434,1,45,Australia,271,5,5.644444444,20,4,0,0,32
1384434,1,46,Australia,283,5,5.782608696,32,12,0,0,42
1384434,1,47,Australia,289,6,5.786476868,2,7,1,0,39
1384434,1,48,Australia,292,6,5.708333333,5,2,0,0,35
1384434,1,49,Australia,303,6,5.816326531,16,11,0,0,36
1384434,1,50,Australia,306,8,5.76,2,3,2,1,35
1388211,1,1,New Zealand,4,0,4.0,4,4,0,0,4
1388211,1,2,New Zealand,6,0,3.0,6,2,0,0,6
1388211,1,3,New Zealand,10,0,3.333333333,10,4,0,0,10
1388211,1,4,New Zealand,11,0,2.75,11,1,0,0,11
1388211,1,5,New Zealand,15,1,3.0,4,4,1,0,15
1388211,1,6,New Zealand,24,1,4.0,13,9,0,0,20
1388211,1,7,New Zealand,36,1,5.142857143,25,12,0,0,30
1388211,1,8,New Zealand,37,2,4.625,1,1,1,0,27
1388211,1,9,New Zealand,40,2,4.444444444,4,3,0,0,29
1388211,1,10,New Zealand,44,3,4.4,0,4,1,1,29
1388211,1,11,New Zealand,46,3,4.181818182,2,2,0,1,22
1388211,1,12,New Zealand,50,3,4.14084507,5,4,0,1,14
1388211,1,13,New Zealand,58,3,4.384615385,13,8,0,1,21
1388211,1,14,New Zealand,67,3,4.698795181,21,10,0,1,28
1388211,1,15,New Zealand,71,3,4.6,25,3,0,0,27
1388211,1,16,New Zealand,77,3,4.6875,31,6,0,0,31
1388211,1,17,New Zealand,80,4,4.588235294,0,3,1,0,30
1388211,1,18,New Zealand,80,4,4.333333333,0,0,0,0,22
1388211,1,19,New Zealand,82,4,4.194690265,1,3,0,0,15
1388211,1,20,New Zealand,89,4,4.3,8,6,0,0,18
1388211,1,21,New Zealand,93,4,4.285714286,12,4,0,0,16
1388211,1,22,New Zealand,98,4,4.318181818,17,5,0,0,18
1388211,1,23,New Zealand,102,4,4.291970803,20,5,0,0,23
1388211,1,24,New Zealand,111,4,4.458333333,29,8,0,0,28
1388211,1,25,New Zealand,115,4,4.44,33,4,0,0,26
1388211,1,26,New Zealand,120,4,4.461538462,38,5,0,0,27
1388211,1,27,New Zealand,125,4,4.481481481,43,5,0,0,27
1388211,1,28,New Zealand,135,4,4.678571429,53,10,0,0,32
1388211,1,29,New Zealand,140,4,4.689655172,58,5,0,0,29
1388211,1,30,New Zealand,150,4,4.866666667,68,10,0,0,35
1388211,1,31,New Zealand,156,4,4.903225806,74,6,0,0,36
1388211,1,32,New Zealand,158,4,4.8125,76,2,0,0,33
1388211,1,33,New Zealand,164,4,4.848484848,82,6,0,0,29
1388211,1,34,New Zealand,167,4,4.794117647,85,3,0,0,27
1388211,1,35,New Zealand,171,5,4.771428571,0,4,1,0,21
1388211,1,36,New Zealand,175,5,4.75,4,4,0,0,19
1388211,1,37,New Zealand,179,5,4.72972973,8,4,0,0,21
1388211,1,38,New Zealand,185,5,4.763157895,14,6,0,0,21
1388211,1,39,New Zealand,187,5,4.692307692,16,2,0,0,20
1388211,1,40,New Zealand,194,5,4.75,23,7,0,0,23
1388211,1,41,New Zealand,204,5,4.87804878,33,10,0,0,29
1388211,1,42,New Zealand,210,5,4.904761905,39,6,0,0,31
1388211,1,43,New Zealand,223,5,5.093023256,52,13,0,0,38
1388211,1,44,New Zealand,233,6,5.204545455,1,10,1,0,46
1388211,1,45,New Zealand,243,6,5.311111111,11,10,0,0,49
1388211,1,46,New Zealand,248,6,5.304347826,16,5,0,0,44
1388211,1,47,New Zealand,260,6,5.446808511,28,12,0,0,50
1388211,1,48,New Zealand,272,7,5.583333333,0,12,1,0,49
1388211,1,49,New Zealand,289,7,5.816326531,17,17,0,0,56
1388211,1,50,New Zealand,291,10,5.739130435,0,2,3,1,48
1388401,1,1,Pakistan,0,0,0.0,0,0,0,0,0
1388401,1,2,Pakistan,4,1,2.0,4,4,1,0,4
1388401,1,3,Pakistan,13,1,4.333333333,13,9,0,0,13
1388401,1,4,Pakistan,26,1,6.5,26,13,0,0,26
1388401,1,5,Pakistan,31,2,6.2,0,5,1,0,31
1388401,1,6,Pakistan,36,2,6.0,5,5,0,0,36
1388401,1,7,Pakistan,44,2,6.285714286,13,8,0,0,40
1388401,1,8,Pakistan,46,3,5.75,1,2,1,0,33
1388401,1,9,Pakistan,47,3,5.222222222,2,1,0,0,21
1388401,1,10,Pakistan,49,4,4.9,2,2,1,1,18
1388401,1,11,Pakistan,53,4,4.818181818,6,4,0,1,17
1388401,1,12,Pakistan,56,4,4.647887324,8,5,0,1,14
1388401,1,13,Pakistan,64,4,4.831168831,15,7,0,1,19
1388401,1,14,Pakistan,66,4,4.554216867,16,2,0,1,20
1388401,1,15,Pakistan,72,4,4.6,22,5,0,1,23
1388401,1,16,Pakistan,78,4,4.6875,28,6,0,1,25
1388401,1,17,Pakistan,83,4,4.705882353,33,5,0,1,25
1388401,1,18,Pakistan,87,4,4.666666667,37,4,0,1,22
1388401,1,19,Pakistan,91,4,4.631578947,41,4,0,1,24
1388401,1,20,Pakistan,99,4,4.8,49,8,0,1,27
1388401,1,21,Pakistan,105,4,4.857142857,55,6,0,1,27
1388401,1,22,Pakistan,111,4,4.909090909,61,6,0,0,28
1388401,1,23,Pakistan,114,4,4.826086957,64,3,0,0,27
1388401,1,24,Pakistan,116,4,4.708333333,66,2,0,0,25
1388401,1,25,Pakistan,120,4,4.68,70,4,0,0,21
1388401,1,26,Pakistan,131,4,4.923076923,81,11,0,0,26
1388401,1,27,Pakistan,139,4,5.037037037,89,8,0,0,28
1388401,1,28,Pakistan,142,4,4.964285714,92,3,0,0,28
1388401,1,29,Pakistan,147,4,4.965517241,97,5,0,0,31
1388401,1,30,Pakistan,150,5,4.9,3,3,1,0,30
1388401,1,31,Pakistan,152,5,4.806451613,5,2,0,0,21
1388401,1,32,Pakistan,160,5,4.90625,13,8,0,0,21
1388401,1,33,Pakistan,163,5,4.848484848,16,3,0,0,21
1388401,1,34,Pakistan,174,5,5.029411765,27,11,0,0,27
1388401,1,35,Pakistan,176,6,4.942857143,2,2,1,0,26
1388401,1,36,Pakistan,182,6,4.972222222,8,6,0,0,30
1388401,1,37,Pakistan,190,6,5.054054054,16,8,0,0,30
1388401,1,38,Pakistan,192,8,4.973684211,2,2,2,1,29
1388401,1,39,Pakistan,193,10,4.913793103,0,1,2,1,19
1388412,1,1,India,5,0,5.0,5,5,0,0,5
1388412,1,2,India,13,0,6.5,13,8,0,0,13
1388412,1,3,India,15,1,4.875,0,2,1,0,15
1388412,1,4,India,20,2,4.5,5,5,1,0,20
1388412,1,5,India,24,2,4.4,9,4,0,0,24
1388412,1,6,India,29,3,4.5,1,5,1,1,24
1388412,1,7,India,29,3,3.857142857,1,0,0,1,16
1388412,1,8,India,34,3,3.957446809,5,5,0,1,19
1388412,1,9,India,36,3,3.666666667,7,2,0,1,16
1388412,1,10,India,42,3,3.661016949,10,8,0,1,20
1388412,1,11,India,49,3,3.909090909,17,5,0,1,20
1388412,1,12,India,50,3,3.666666667,18,1,0,1,21
1388412,1,13,India,58,3,3.974025974,25,8,0,1,24
1388412,1,14,India,59,4,3.714285714,0,1,1,1,23
1388412,1,15,India,62,4,3.666666667,3,3,0,1,18
1388412,1,16,India,65,4,3.625,6,3,0,1,16
1388412,1,17,India,68,4,3.588235294,9,3,0,1,18
1388412,1,18,India,71,4,3.555555556,12,3,0,1,13
1388412,1,19,India,72,4,3.421052632,13,1,0,1,13
1388412,1,20,India,78,4,3.55,19,6,0,1,16
1388412,1,21,India,81,4,3.523809524,22,3,0,1,16
1388412,1,22,India,83,4,3.454545455,24,2,0,1,15
1388412,1,23,India,97,4,3.913043478,38,14,0,1,26
1388412,1,24,India,101,4,3.916666667,42,4,0,0,29
1388412,1,25,India,108,4,4.04,49,7,0,0,30
1388412,1,26,India,124,4,4.5,65,16,0,0,43
1388412,1,27,India,125,4,4.37037037,66,1,0,0,42
1388412,1,28,India,127,4,4.285714286,68,2,0,0,30
1388412,1,29,India,133,4,4.344827586,74,6,0,0,32
1388412,1,30,India,137,4,4.333333333,78,4,0,0,29
1388412,1,31,India,147,4,4.516129032,88,10,0,0,23
1388412,1,32,India,157,4,4.6875,98,10,0,0,32
1388412,1,33,India,160,4,4.636363636,101,3,0,0,33
1388412,1,34,India,161,5,4.529411765,1,1,1,0,28
1388412,1,35,India,162,6,4.428571429,1,1,1,0,25
1388412,1,36,India,169,6,4.5,8,7,0,0,22
1388412,1,37,India,169,6,4.378378378,8,0,0,0,12
1388412,1,38,India,172,6,4.342105263,11,3,0,0,12
1388412,1,39,India,179,6,4.41025641,18,7,0,0,18
1388412,1,40,India,188,6,4.525,27,9,0,0,26
1388412,1,41,India,193,6,4.536585366,32,5,0,0,24
1388412,1,42,India,197,7,4.523809524,4,4,1,1,28
1388412,1,43,India,210,7,4.720930233,17,13,0,1,38
1388412,1,44,India,217,7,4.772727273,24,7,0,1,38
1388412,1,45,India,223,7,4.8,30,6,0,1,35
1388412,1,46,India,232,7,4.891304348,39,9,0,0,39
1388412,1,47,India,237,7,4.893617021,44,5,0,0,40
1388412,1,48,India,242,8,4.895833333,4,5,1,0,32
1388412,1,49,India,251,8,4.976109215,12,11,0,0,36
1388412,1,50,India,261,8,5.056856187,21,12,0,0,42
1395702,1,1,New Zealand,6,0,6.0,6,6,0,0,6
1395702,1,2,New Zealand,8,1,4.0,2,2,1,0,8
1395702,1,3,New Zealand,14,2,4.666666667,6,6,1,0,14
1395702,1,4,New Zealand,24,2,4.956521739,11,10,0,0,24
1395702,1,5,New Zealand,29,2,4.8,16,5,0,0,29
1395702,1,6,New Zealand,35,3,4.971428571,0,6,1,1,29
1395702,1,7,New Zealand,40,3,4.857142857,5,5,0,1,32
1395702,1,8,New Zealand,48,3,5.25,13,8,0,1,34
1395702,1,9,New Zealand,54,3,5.333333333,19,6,0,1,30
1395702,1,10,New Zealand,62,3,5.6,27,8,0,1,33
1395702,1,11,New Zealand,64,3,5.272727273,29,2,0,0,29
1395702,1,12,New Zealand,67,3,5.070422535,31,3,0,0,27
1395702,1,13,New Zealand,76,3,5.307692308,40,9,0,0,28
1395702,1,14,New Zealand,82,3,5.357142857,46,6,0,0,28
1395702,1,15,New Zealand,88,3,5.4,52,6,0,0,26
1395702,1,16,New Zealand,90,4,5.115789474,0,4,1,0,28
1395702,1,17,New Zealand,95,4,5.04950495,4,3,0,0,28
1395702,1,18,New Zealand,100,4,5.0,9,5,0,0,24
1395702,1,19,New Zealand,105,4,5.0,14,5,0,0,23
1395702,1,20,New Zealand,109,4,4.95,18,4,0,0,21
1395702,1,21,New Zealand,112,4,4.857142857,21,3,0,0,20
1395702,1,22,New Zealand,118,4,4.909090909,27,6,0,0,23
1395702,1,23,New Zealand,127,4,5.086956522,36,9,0,0,27
1395702,1,24,New Zealand,137,4,5.291666667,46,10,0,0,32
1395702,1,25,New Zealand,140,5,5.2,3,3,1,0,31
1395702,1,26,New Zealand,147,5,5.269230769,10,7,0,0,35
1395702,1,27,New Zealand,152,5,5.259259259,15,5,0,0,34
1395702,1,28,New Zealand,156,6,5.214285714,0,4,1,0,29
1395702,1,29,New Zealand,157,6,5.068965517,1,1,0,0,20
1395702,1,30,New Zealand,164,6,5.133333333,8,7,0,0,24
1395702,1,31,New Zealand,167,6,5.059459459,10,4,0,0,21
1395702,1,32,New Zealand,169,7,4.9375,1,1,1,1,17
1395702,1,33,New Zealand,169,8,4.787878788,0,0,1,1,13
1395702,1,34,New Zealand,171,9,4.705882353,0,2,1,1,14
1395702,1,35,New Zealand,171,10,4.637681159,0,0,1,1,7
1419827,2,1,Sri Lanka,0,1,0.0,0,0,1,0,0
1419827,2,2,Sri Lanka,12,1,1.2,2,14,0,0,14
1419827,2,3,Sri Lanka,15,2,1.333333333,1,1,1,0,15
1419827,2,4,Sri Lanka,18,2,1.75,4,3,0,0,18
1419827,2,5,Sri Lanka,23,2,2.4,9,5,0,0,23
1419827,2,6,Sri Lanka,27,3,2.666666667,4,4,1,1,27
1419827,2,7,Sri Lanka,35,3,3.428571429,12,8,0,1,21
1419827,2,8,Sri Lanka,36,3,3.125,13,1,0,1,21
1419827,2,9,Sri Lanka,49,3,4.188679245,25,13,0,1,31
1419827,2,10,Sri Lanka,55,3,4.3,31,6,0,0,32
1419827,2,11,Sri Lanka,59,3,4.272727273,35,4,0,0,32
1419827,2,12,Sri Lanka,67,3,4.583333333,43,8,0,0,32
1419827,2,13,Sri Lanka,73,3,4.692307692,49,6,0,0,37
1419827,2,14,Sri Lanka,81,3,4.928571429,57,8,0,0,32
1419827,2,15,Sri Lanka,92,3,5.333333333,68,11,0,0,37
1419827,2,16,Sri Lanka,93,4,5.052631579,0,2,1,0,35
1419827,2,17,Sri Lanka,100,4,5.117647059,7,6,0,0,33
1419827,2,18,Sri Lanka,110,4,5.388888889,17,10,0,0,37
1419827,2,19,Sri Lanka,113,4,5.263157895,20,3,0,0,32
1419827,2,20,Sri Lanka,118,4,5.25,25,5,0,0,26
1419827,2,21,Sri Lanka,120,4,5.095238095,27,2,0,0,26
1419827,2,22,Sri Lanka,128,4,5.221374046,34,8,0,0,28
1419827,2,23,Sri Lanka,137,4,5.347826087,43,9,0,0,27
1419827,2,24,Sri Lanka,140,4,5.25,46,3,0,0,27
1419827,2,25,Sri Lanka,146,4,5.28,52,6,0,0,28
1419827,2,26,Sri Lanka,153,4,5.346153846,59,7,0,0,33
1419827,2,27,Sri Lanka,154,4,5.180124224,59,2,0,0,27
1419827,2,28,Sri Lanka,159,4,5.142857143,64,4,0,0,22
1419827,2,29,Sri Lanka,164,4,5.132947977,68,6,0,0,25
1419827,2,30,Sri Lanka,167,4,5.033333333,71,2,0,0,21
1419827,2,31,Sri Lanka,173,4,5.064516129,77,6,0,0,20
1419827,2,32,Sri Lanka,178,4,5.0625,82,5,0,0,23
1419827,2,33,Sri Lanka,189,4,5.242424242,93,11,0,0,30
1419827,2,34,Sri Lanka,190,4,5.117647059,94,1,0,0,25
1419827,2,35,Sri Lanka,199,4,5.228571429,103,9,0,0,32
1419827,2,36,Sri Lanka,204,4,5.222222222,108,5,0,0,31
1419827,2,37,Sri Lanka,211,4,5.27027027,115,7,0,0,33
1419827,2,38,Sri Lanka,214,4,5.207048458,117,7,0,0,29
1419827,2,39,Sri Lanka,223,4,5.282051282,126,5,0,0,33
1419827,2,40,Sri Lanka,232,4,5.375,135,9,0,0,33
1419827,2,41,Sri Lanka,236,4,5.341463415,139,4,0,0,32
1419827,2,42,Sri Lanka,243,4,5.380952381,146,7,0,0,32
1419827,2,43,Sri Lanka,245,4,5.302325581,148,2,0,0,27
1419827,2,44,Sri Lanka,252,4,5.340909091,155,7,0,0,29
1419827,2,45,Sri Lanka,257,4,5.373134328,160,5,0,0,25
1419829,2,1,Sri Lanka,1,0,1.0,1,1,0,0,1
1419829,2,2,Sri Lanka,7,0,3.5,7,6,0,0,7
1419829,2,3,Sri Lanka,9,0,3.0,9,2,0,0,9
1419829,2,4,Sri Lanka,24,0,6.0,24,15,0,0,24
1419829,2,5,Sri Lanka,24,0,4.8,24,0,0,0,24
1419829,2,6,Sri Lanka,37,0,6.166666667,37,13,0,0,36
1419829,2,7,Sri Lanka,43,0,6.142857143,43,6,0,0,36
1419829,2,8,Sri Lanka,50,0,6.25,50,7,0,0,41
1419829,2,9,Sri Lanka,52,1,5.777777778,2,2,1,0,28
1419829,2,10,Sri Lanka,56,1,5.6,6,4,0,0,32
1419829,2,11,Sri Lanka,60,2,5.454545455,4,4,1,0,23
1419829,2,12,Sri Lanka,62,2,5.166666667,6,2,0,0,19
1419829,2,13,Sri Lanka,70,2,5.368421053,12,9,0,0,21
1419829,2,14,Sri Lanka,73,2,5.071428571,15,2,0,0,21
1419829,2,15,Sri Lanka,76,2,4.933333333,18,3,0,0,20
1419829,2,16,Sri Lanka,78,2,4.75,20,2,0,0,18
1419829,2,17,Sri Lanka,79,2,4.529411765,21,1,0,0,17
1419829,2,18,Sri Lanka,84,2,4.555555556,26,5,0,0,13
1419829,2,19,Sri Lanka,94,2,4.842105263,36,10,0,0,21
1419829,2,20,Sri Lanka,96,2,4.7,38,2,0,0,20
1419829,2,21,Sri Lanka,104,2,4.857142857,46,8,0,0,26
1419829,2,22,Sri Lanka,105,3,4.681818182,0,1,1,0,26
1419829,2,23,Sri Lanka,113,3,4.826086957,8,8,0,0,29
1419829,2,24,Sri Lanka,122,4,5.0,9,9,1,0,28
1419829,2,25,Sri Lanka,125,4,4.92,12,3,0,0,29
1419829,2,26,Sri Lanka,131,5,4.961538462,1,6,1,1,27
1419829,2,27,Sri Lanka,137,5,5.0,7,6,0,1,32
1419829,2,28,Sri Lanka,138,5,4.857142857,8,1,0,1,25
1419829,2,29,Sri Lanka,146,5,4.965517241,16,8,0,1,24
1419829,2,30,Sri Lanka,148,5,4.866666667,18,2,0,1,23
1419829,2,31,Sri Lanka,151,5,4.8,20,5,0,1,22
1419829,2,32,Sri Lanka,158,5,4.8,24,5,0,1,21
1419829,2,33,Sri Lanka,160,5,4.659898477,25,3,0,1,23
1419829,2,34,Sri Lanka,173,5,4.882352941,38,12,0,1,27
1419829,2,35,Sri Lanka,176,5,4.828571429,41,3,0,1,28
1419829,2,36,Sri Lanka,178,5,4.75,43,2,0,1,25
1419829,2,37,Sri Lanka,194,6,5.054054054,16,16,1,1,36
1419829,2,38,Sri Lanka,202,6,5.131578947,24,8,0,1,41
1419829,2,39,Sri Lanka,209,6,5.179487179,31,7,0,1,36
1419829,2,40,Sri Lanka,233,6,5.65,55,24,0,1,57
1419829,2,41,Sri Lanka,237,6,5.702479339,59,4,0,0,59
1433380,1,1,West Indies,3,0,3.0,3,3,0,0,3
1433380,1,2,West Indies,12,0,6.0,12,9,0,0,12
1433380,1,3,West Indies,17,0,5.647058824,16,5,0,0,17
1433380,1,4,West Indies,24,0,5.75,23,7,0,0,24
1433380,1,5,West Indies,34,1,6.6,0,10,1,0,34
1433380,1,6,West Indies,41,1,6.685714286,6,7,0,0,38
1433380,1,7,West Indies,46,1,6.285714286,11,5,0,0,34
1433380,1,8,West Indies,46,2,5.5,0,0,1,0,29
1433380,1,9,West Indies,52,2,5.555555556,6,6,0,0,28
1433380,1,10,West Indies,58,2,5.593220339,11,6,0,0,24
1433380,1,11,West Indies,61,2,5.25,12,3,0,0,20
1433380,1,12,West Indies,66,2,5.070422535,16,5,0,0,20
1433380,1,13,West Indies,77,2,5.461538462,27,11,0,0,31
1433380,1,14,West Indies,80,2,5.285714286,30,3,0,0,28
1433380,1,15,West Indies,84,2,5.2,34,4,0,0,26
1433380,1,16,West Indies,90,2,5.25,40,6,0,0,29
1433380,1,17,West Indies,96,2,5.294117647,46,6,0,0,30
1433380,1,18,West Indies,101,2,5.277777778,51,5,0,0,24
1433380,1,19,West Indies,109,2,5.421052632,59,8,0,0,29
1433380,1,20,West Indies,114,2,5.4,64,5,0,0,30
1433380,1,21,West Indies,115,2,5.19047619,65,1,0,0,25
1433380,1,22,West Indies,121,2,5.227272727,71,6,0,0,25
1433380,1,23,West Indies,125,2,5.173913043,75,4,0,0,24
1433380,1,24,West Indies,125,3,4.958333333,0,0,1,0,16
1433380,1,25,West Indies,132,3,5.04,7,7,0,0,18
1433380,1,26,West Indies,139,3,5.115384615,14,7,0,0,24
1433380,1,27,West Indies,146,3,5.185185185,21,7,0,0,25
1433380,1,28,West Indies,150,3,5.142857143,25,4,0,0,25
1433380,1,29,West Indies,154,3,5.103448276,29,4,0,0,29
1433380,1,30,West Indies,162,3,5.2,37,8,0,0,30
1433380,1,31,West Indies,166,3,5.161290323,41,4,0,0,27
1433380,1,32,West Indies,168,3,5.0625,43,2,0,0,22
1433380,1,33,West Indies,178,3,5.212121212,53,10,0,0,28
1433380,1,34,West Indies,183,4,5.205882353,4,5,1,0,29
1433380,1,35,West Indies,185,4,5.114285714,6,2,0,0,23
1433380,1,36,West Indies,187,4,5.027777778,8,2,0,0,21
1433380,1,37,West Indies,197,4,5.162162162,18,10,0,0,29
1433380,1,38,West Indies,198,5,5.052631579,0,1,1,0,20
1433380,1,39,West Indies,200,5,4.974358974,2,2,0,0,17
1433380,1,40,West Indies,210,5,5.1,12,10,0,0,25
1433380,1,41,West Indies,211,5,5.0,13,1,0,0,24
1433380,1,42,West Indies,217,5,5.023809524,19,6,0,0,20
1433380,1,43,West Indies,225,5,5.093023256,27,8,0,0,27
1433380,1,44,West Indies,238,5,5.272727273,40,13,0,0,38
1433380,1,45,West Indies,252,5,5.466666667,54,14,0,0,42
1433380,1,46,West Indies,254,5,5.391304348,56,2,0,0,43
1433380,1,47,West Indies,264,5,5.489361702,66,10,0,0,47
1433380,1,48,West Indies,270,5,5.49825784,71,11,0,0,50
1433380,1,49,West Indies,285,5,5.653061224,85,10,0,0,47
1433380,1,50,West Indies,294,6,5.72,0,9,1,0,42
1433381,1,1,West Indies,6,0,6.0,6,6,0,0,6
1433381,1,2,West Indies,8,0,4.0,8,2,0,0,8
1433381,1,3,West Indies,26,0,8.666666667,26,18,0,0,26
1433381,1,4,West Indies,28,1,7.0,2,2,1,0,28
1433381,1,5,West Indies,34,1,6.827586207,7,6,0,0,34
1433381,1,6,West Indies,38,1,6.166666667,11,4,0,0,32
1433381,1,7,West Indies,40,1,5.571428571,13,2,0,0,32
1433381,1,8,West Indies,41,2,5.0,0,1,1,0,15
1433381,1,9,West Indies,45,2,4.867924528,3,4,0,0,17
1433381,1,10,West Indies,54,2,5.172413793,10,10,1,1,21
1433381,1,11,West Indies,64,4,5.454545455,0,9,1,1,26
1433381,1,12,West Indies,65,4,5.083333333,1,1,0,1,25
1433381,1,13,West Indies,68,4,4.923076923,4,3,0,1,27
1433381,1,14,West Indies,81,4,5.493975904,16,14,0,1,37
1433381,1,15,West Indies,84,4,5.266666667,19,2,0,1,29
1433381,1,16,West Indies,91,4,5.375,26,7,0,0,27
1433381,1,17,West Indies,92,4,5.117647059,27,1,0,0,27
1433381,1,18,West Indies,99,4,5.222222222,34,7,0,0,31
1433381,1,19,West Indies,101,5,5.052631579,1,2,1,0,19
1433381,1,20,West Indies,104,5,4.95,4,3,0,0,20
1433381,1,21,West Indies,104,6,4.714285714,0,0,1,1,13
1433381,1,22,West Indies,106,6,4.580152672,1,3,0,1,15
1433381,1,23,West Indies,108,6,4.391304348,2,1,0,1,9
1433381,1,24,West Indies,109,6,4.25,3,1,0,1,8
1433381,1,25,West Indies,115,6,4.32,9,6,0,1,11
1433381,1,26,West Indies,115,7,4.153846154,0,0,1,1,11
1433381,1,27,West Indies,116,7,4.037037037,1,1,0,1,9
1433381,1,28,West Indies,117,7,3.928571429,2,1,0,1,9
1433381,1,29,West Indies,119,7,3.862068966,4,2,0,1,10
1433381,1,30,West Indies,131,7,4.133333333,16,12,0,1,16
1433381,1,31,West Indies,137,7,4.193548387,22,6,0,1,22
1433381,1,32,West Indies,137,7,4.0625,22,0,0,1,21
1433381,1,33,West Indies,146,7,4.212121212,31,9,0,1,29
1433381,1,34,West Indies,147,7,4.117647059,32,1,0,1,28
1433381,1,35,West Indies,156,7,4.248803828,40,10,0,1,26
1433381,1,36,West Indies,161,7,4.241860465,44,4,0,0,24
1433381,1,37,West Indies,167,7,4.27027027,50,6,0,0,30
1433381,1,38,West Indies,172,7,4.289473684,55,5,0,0,26
1433381,1,39,West Indies,179,7,4.358974359,62,7,0,0,32
1433381,1,40,West Indies,186,7,4.425,69,7,0,0,29
1433381,1,41,West Indies,191,7,4.43902439,74,5,0,0,30
1433381,1,42,West Indies,195,7,4.428571429,78,4,0,0,28
1433381,1,43,West Indies,207,7,4.604651163,90,12,0,0,35
1433381,1,44,West Indies,209,8,4.545454545,2,2,1,0,30
1433381,1,45,West Indies,213,9,4.533333333,4,4,1,0,27
1433381,1,46,West Indies,227,10,4.756363636,0,14,1,1,36
1433382,1,1,West Indies,3,0,2.4,2,3,0,0,3
1433382,1,2,West Indies,9,0,4.0,8,6,0,0,9
1433382,1,3,West Indies,9,2,2.666666667,0,0,2,0,9
1433382,1,4,West Indies,19,2,4.434782609,9,11,0,0,20
1433382,1,5,West Indies,24,2,4.4,14,4,0,0,24
1433382,1,6,West Indies,36,2,5.657142857,25,12,0,0,33
1433382,1,7,West Indies,37,2,4.857142857,26,1,0,0,28
1433382,1,8,West Indies,43,2,5.0,32,6,0,0,34
1433382,1,9,West Indies,46,2,4.777777778,35,3,0,0,26
1433382,1,10,West Indies,46,2,4.3,35,0,0,0,22
1433382,1,11,West Indies,51,2,4.363636364,40,5,0,0,15
1433382,1,12,West Indies,60,2,4.75,49,9,0,0,23
1433382,1,13,West Indies,60,2,4.384615385,49,0,0,0,17
1433382,1,14,West Indies,69,2,4.714285714,58,9,0,0,23
1433382,1,15,West Indies,72,2,4.6,61,3,0,0,26
1433382,1,16,West Indies,79,2,4.736842105,67,7,0,0,28
1433382,1,17,West Indies,87,2,4.882352941,75,8,0,0,27
1433382,1,18,West Indies,97,2,5.166666667,85,10,0,0,37
1433382,1,19,West Indies,99,2,5.0,87,2,0,0,30
1433382,1,20,West Indies,107,2,5.15,95,8,0,0,35
1433382,1,21,West Indies,123,2,5.666666667,111,16,0,0,44
1433382,1,22,West Indies,127,2,5.590909091,115,4,0,0,40
1433382,1,23,West Indies,138,2,5.824817518,125,12,0,0,42
1433382,1,24,West Indies,145,3,5.833333333,0,6,1,0,46
1433382,1,25,West Indies,150,3,5.8,5,5,0,0,43
1433382,1,26,West Indies,154,3,5.730769231,9,4,0,0,31
1433382,1,27,West Indies,159,3,5.703703704,14,5,0,0,32
1433382,1,28,West Indies,166,3,5.75,21,7,0,0,27
1433382,1,29,West Indies,169,3,5.655172414,24,3,0,0,24
1433382,1,30,West Indies,171,4,5.533333333,0,2,1,0,21
1433382,1,31,West Indies,171,5,5.35483871,0,0,1,1,17
1433382,1,32,West Indies,172,5,5.21875,1,1,0,1,13
1433382,1,33,West Indies,178,5,5.242424242,7,6,0,1,12
1433382,1,34,West Indies,184,5,5.264705882,13,6,0,1,15
1433382,1,35,West Indies,188,5,5.228571429,17,4,0,1,17
1433382,1,36,West Indies,193,5,5.222222222,22,5,0,1,22
1433382,1,37,West Indies,198,5,5.216216216,27,5,0,0,26
1433382,1,38,West Indies,205,5,5.263157895,34,7,0,0,27
1433382,1,39,West Indies,214,5,5.358974359,43,9,0,0,30
1433382,1,40,West Indies,217,5,5.3,46,3,0,0,29
1433382,1,41,West Indies,225,5,5.365853659,54,8,0,0,32
1433382,1,42,West Indies,233,5,5.426294821,61,8,0,0,35
1433382,1,43,West Indies,242,5,5.488372093,70,9,0,0,37
1433382,1,44,West Indies,253,5,5.613636364,81,11,0,0,39
1433382,1,45,West Indies,259,5,5.620817844,86,7,0,0,43
1433382,1,46,West Indies,262,5,5.543478261,89,2,0,0,37
1433382,1,47,West Indies,272,5,5.635714286,97,17,0,0,46
1433382,1,48,West Indies,295,5,5.958333333,120,16,0,0,53
1433382,1,49,West Indies,311,5,6.163265306,136,16,0,0,58
1433382,1,50,West Indies,321,5,6.24,146,10,0,0,61
1466415,1,1,India,1,1,1.0,0,1,1,0,1
1466415,1,2,India,2,2,1.0,0,1,1,0,2
1466415,1,3,India,11,2,3.666666667,9,9,0,0,11
1466415,1,4,India,13,2,3.130434783,10,2,0,0,13
1466415,1,5,India,22,2,4.2,19,9,0,0,22
1466415,1,6,India,26,2,4.166666667,23,4,0,0,25
1466415,1,7,India,27,3,3.714285714,1,1,1,1,25
1466415,1,8,India,35,3,4.25,9,8,0,1,24
1466415,1,9,India,36,5,3.888888889,1,1,2,1,23
1466415,1,10,India,39,5,3.724137931,2,3,0,1,17
1466415,1,11,India,42,5,3.545454545,5,3,0,1,16
1466415,1,12,India,49,5,3.833333333,12,7,0,1,22
1466415,1,13,India,50,5,3.615384615,13,1,0,1,15
1466415,1,14,India,54,5,3.642857143,17,4,0,1,18
1466415,1,15,India,62,5,3.933333333,25,8,0,1,23
1466415,1,16,India,65,5,3.875,28,3,0,1,23
1466415,1,17,India,65,5,3.647058824,28,0,0,1,16
1466415,1,18,India,66,5,3.5,29,1,0,1,16
1466415,1,19,India,70,5,3.526315789,33,4,0,1,16
1466415,1,20,India,79,5,3.781512605,41,9,0,1,17
1466415,1,21,India,83,5,3.761904762,45,4,0,1,18
1466415,1,22,India,84,5,3.636363636,46,1,0,1,19
1466415,1,23,India,86,5,3.565217391,48,2,0,1,20
1466415,1,24,India,90,5,3.583333333,52,4,0,1,20
1466415,1,25,India,92,5,3.52,54,2,0,1,13
1466415,1,26,India,95,5,3.5,57,3,0,1,12
1466415,1,27,India,98,5,3.465838509,59,3,0,1,14
1466415,1,28,India,99,5,3.357142857,60,1,0,1,13
1466415,1,29,India,103,5,3.379310345,64,4,0,1,13
1466415,1,30,India,111,5,3.533333333,72,8,0,1,19
1466415,1,31,India,113,5,3.483870968,74,2,0,1,18
1466415,1,32,India,119,5,3.5625,80,6,0,1,21
1466415,1,33,India,123,5,3.575757576,84,4,0,1,24
1466415,1,34,India,128,5,3.617647059,89,5,0,1,25
1466415,1,35,India,132,5,3.628571429,93,4,0,1,21
1466415,1,36,India,136,5,3.638888889,97,4,0,1,23
1466415,1,37,India,142,5,3.702702703,103,6,0,1,23
1466415,1,38,India,151,5,3.842105263,112,9,0,1,28
1466415,1,39,India,162,5,4.025641026,123,11,0,0,34
1466415,1,40,India,165,5,4.0,126,3,0,0,33
1466415,1,41,India,176,5,4.170731707,137,11,0,0,40
1466415,1,42,India,182,5,4.207171315,142,7,0,0,41
1466415,1,43,India,189,6,4.249027237,0,6,1,0,38
1466415,1,44,India,192,6,4.204545455,3,3,0,0,30
1466415,1,45,India,212,6,4.555555556,23,20,0,0,47
1466415,1,46,India,214,7,4.5,0,2,1,0,38
1466415,1,47,India,221,8,4.553191489,6,7,1,1,38
1466415,1,48,India,226,8,4.5625,11,5,0,1,37
1466415,1,49,India,228,9,4.505119454,0,2,1,1,36
1466415,1,50,India,228,10,4.429530201,0,0,1,1,16
1466419,1,1,New Zealand,3,0,3.0,3,3,0,0,3
1466419,1,2,New Zealand,13,0,6.5,13,10,0,0,13
1466419,1,3,New Zealand,14,0,4.666666667,14,1,0,0,14
1466419,1,4,New Zealand,16,0,4.0,16,2,0,0,16
1466419,1,5,New Zealand,24,0,4.8,24,8,0,0,24
1466419,1,6,New Zealand,24,0,4.0,24,0,0,0,21
1466419,1,7,New Zealand,33,0,4.682926829,32,9,0,0,20
1466419,1,8,New Zealand,45,0,5.5,44,12,0,0,31
1466419,1,9,New Zealand,51,1,5.555555556,6,6,1,0,35
1466419,1,10,New Zealand,58,1,5.7,13,7,0,0,34
1466419,1,11,New Zealand,61,1,5.454545455,16,3,0,0,37
1466419,1,12,New Zealand,64,1,5.228571429,17,3,1,0,31
1466419,1,13,New Zealand,66,2,4.846153846,2,2,0,0,21
1466419,1,14,New Zealand,76,2,5.13253012,10,11,0,0,26
1466419,1,15,New Zealand,78,2,4.866666667,12,1,0,0,20
1466419,1,16,New Zealand,80,2,4.6875,14,2,0,0,19
1466419,1,17,New Zealand,81,2,4.470588235,15,1,0,0,17
1466419,1,18,New Zealand,83,2,4.317757009,16,2,0,0,17
1466419,1,19,New Zealand,91,2,4.473684211,24,8,0,0,14
1466419,1,20,New Zealand,97,2,4.55,30,6,0,0,19
1466419,1,21,New Zealand,99,3,4.428571429,2,2,1,0,19
1466419,1,22,New Zealand,104,3,4.396946565,5,6,0,0,24
1466419,1,23,New Zealand,106,4,4.260869565,0,1,1,0,23
1466419,1,24,New Zealand,111,4,4.267605634,3,7,0,0,22
1466419,1,25,New Zealand,114,4,4.16,6,1,0,0,17
1466419,1,26,New Zealand,118,4,4.153846154,10,4,0,0,19
1466419,1,27,New Zealand,119,5,4.037037037,1,1,1,1,14
1466419,1,28,New Zealand,123,5,4.035714286,5,4,0,1,17
1466419,1,29,New Zealand,126,5,3.988439306,7,4,0,1,14
1466419,1,30,New Zealand,131,5,3.988826816,11,4,0,1,17
1466419,1,31,New Zealand,138,5,4.054054054,17,7,0,1,20
1466419,1,32,New Zealand,140,5,3.96875,19,2,0,1,21
1466419,1,33,New Zealand,143,5,3.939393939,22,3,0,1,20
1466419,1,34,New Zealand,146,5,3.911764706,25,3,0,1,19
1466419,1,35,New Zealand,149,5,3.885714286,28,3,0,1,18
1466419,1,36,New Zealand,156,5,3.972222222,35,7,0,1,18
1466419,1,37,New Zealand,163,5,4.054054054,42,7,0,1,23
1466419,1,38,New Zealand,165,6,3.991189427,1,2,1,0,22
1466419,1,39,New Zealand,165,6,3.871794872,1,0,0,0,19
1466419,1,40,New Zealand,172,6,3.95,8,7,0,0,23
1466419,1,41,New Zealand,184,6,4.146341463,20,12,0,0,28
1466419,1,42,New Zealand,193,6,4.261904762,29,9,0,0,30
1466419,1,43,New Zealand,196,6,4.23255814,32,3,0,0,31
1466419,1,44,New Zealand,202,7,4.243346008,4,6,1,0,37
1466419,1,45,New Zealand,202,7,4.133333333,4,0,0,0,30
1466419,1,46,New Zealand,213,7,4.282608696,15,11,0,0,29
1466419,1,47,New Zealand,223,7,4.31316726,20,10,0,0,30
1466419,1,48,New Zealand,231,7,4.375,28,8,0,0,35
1466419,1,49,New Zealand,234,8,4.346938776,3,3,1,0,32
1466419,1,50,New Zealand,236,9,4.294314381,0,2,1,1,34
64830,1,1,Australia,2,0,1.2,1,2,0,0,2
64830,1,2,Australia,3,1,1.0,1,1,1,0,3
64830,1,3,Australia,7,1,2.0,5,4,0,0,7
64830,1,4,Australia,9,1,1.636363636,5,2,1,0,9
64830,1,5,Australia,10,2,1.4,1,1,0,0,10
64830,1,6,Australia,19,3,2.117647059,5,9,1,1,17
64830,1,7,Australia,19,3,1.714285714,5,0,0,1,16
64830,1,8,Australia,20,4,1.625,1,1,1,1,13
64830,1,9,Australia,23,4,1.777777778,4,3,0,1,14
64830,1,10,Australia,24,4,1.627118644,4,2,0,1,15
64830,1,11,Australia,33,4,2.272727273,13,8,0,1,14
64830,1,12,Australia,33,5,2.083333333,0,0,1,1,14
64830,1,13,Australia,35,5,2.076923077,2,2,0,1,15
64830,1,14,Australia,40,5,2.285714286,7,5,0,1,17
64830,1,15,Australia,41,5,2.2,8,1,0,1,16
64830,1,16,Australia,46,5,2.375,13,5,0,1,13
64830,1,17,Australia,54,5,2.705882353,21,8,0,1,21
64830,1,18,Australia,66,6,3.222222222,0,12,1,1,31
64830,1,19,Australia,70,6,3.263157895,4,4,0,0,30
64830,1,20,Australia,72,6,3.176470588,5,2,0,0,31
64830,1,21,Australia,75,6,3.142857143,8,3,0,0,29
64830,1,22,Australia,75,6,3.0,8,0,0,0,21
64830,1,23,Australia,76,6,2.913043478,9,1,0,0,10
64830,1,24,Australia,76,7,2.791666667,0,0,1,0,6
64830,1,25,Australia,80,7,2.84,4,4,0,0,8
64830,1,26,Australia,81,8,2.748387097,0,1,1,1,6
64830,1,27,Australia,82,8,2.666666667,1,1,0,1,7
64830,1,28,Australia,83,8,2.607142857,2,1,0,1,7
64830,1,29,Australia,84,8,2.551724138,3,1,0,1,8
64830,1,30,Australia,90,8,2.666666667,9,6,0,1,10
64830,1,31,Australia,93,8,2.677419355,12,3,0,1,12
64830,1,32,Australia,99,8,2.78125,18,6,0,1,17
64830,1,33,Australia,104,8,2.848484848,23,5,0,1,21
64830,1,34,Australia,105,10,2.794117647,0,1,2,1,21
64832,2,1,Australia,0,0,0.0,0,0,0,0,0
64832,2,2,Australia,0,0,0.0,0,0,0,0,0
64832,2,3,Australia,0,0,0.0,0,0,0,0,0
64832,2,4,Australia,4,0,1.0,4,4,0,0,4
64832,2,5,Australia,6,1,1.2,2,2,1,0,6
64832,2,6,Australia,9,1,1.5,5,3,0,0,9
64832,2,7,Australia,9,1,1.285714286,5,0,0,0,9
64832,2,8,Australia,11,1,1.375,7,2,0,0,11
64832,2,9,Australia,16,1,1.777777778,12,5,0,0,12
64832,2,10,Australia,21,1,2.033898305,16,5,0,0,15
64832,2,11,Australia,23,1,2.0,18,2,0,0,14
64832,2,12,Australia,24,1,1.916666667,19,1,0,0,15
64832,2,13,Australia,24,1,1.769230769,19,0,0,0,13
64832,2,14,Australia,27,2,1.857142857,3,3,1,0,11
64832,2,15,Australia,30,4,1.933333333,0,3,2,1,9
64832,2,16,Australia,35,4,2.125,5,5,0,1,12
64832,2,17,Australia,37,5,2.117647059,1,2,1,1,13
64832,2,18,Australia,41,5,2.222222222,5,4,0,1,17
64832,2,19,Australia,44,5,2.263157895,8,3,0,1,17
64832,2,20,Australia,47,5,2.3,11,3,0,1,17
64832,2,21,Australia,50,5,2.333333333,14,3,0,1,15
64832,2,22,Australia,52,5,2.318181818,16,2,0,1,15
64832,2,23,Australia,55,5,2.347826087,19,3,0,1,14
64832,2,24,Australia,60,5,2.458333333,24,5,0,1,16
64832,2,25,Australia,63,5,2.456375839,26,3,0,1,16
64832,2,26,Australia,63,5,2.346153846,26,0,0,1,13
64832,2,27,Australia,68,5,2.444444444,31,5,0,1,16
64832,2,28,Australia,76,5,2.642857143,39,8,0,1,21
64832,2,29,Australia,77,5,2.586206897,40,1,0,1,17
64832,2,30,Australia,85,5,2.766666667,48,8,0,1,22
64832,2,31,Australia,91,5,2.870967742,54,6,0,0,28
64832,2,32,Australia,97,5,2.96875,60,6,0,0,29
64832,2,33,Australia,102,6,3.03030303,0,5,1,0,26
64832,2,34,Australia,111,6,3.192118227,8,9,0,0,34
64832,2,35,Australia,115,6,3.2,12,4,0,0,30
64832,2,36,Australia,117,6,3.166666667,14,2,0,0,26
64832,2,37,Australia,119,7,3.135135135,0,2,1,0,22
64832,2,38,Australia,119,7,3.052631579,0,0,0,0,17
64832,2,39,Australia,120,8,2.987124464,0,5,1,1,13
64832,2,40,Australia,125,8,3.025,5,1,0,1,10
64832,2,41,Australia,126,8,2.963265306,5,1,0,1,9
64832,2,42,Australia,126,8,2.880952381,5,0,0,1,7
64832,2,43,Australia,127,8,2.837209302,6,1,0,1,8
64832,2,44,Australia,136,8,2.977272727,15,9,0,1,12
64832,2,45,Australia,139,9,2.977777778,3,3,1,1,14
64832,2,46,Australia,142,9,2.97826087,6,3,0,1,16
64832,2,47,Australia,142,9,2.914893617,6,0,0,1,16
64832,2,48,Australia,142,10,2.884210526,0,0,1,1,15
64833,2,1,Pakistan,3,0,1.5,1,4,1,0,4
64833,2,2,Pakistan,5,1,1.5,2,1,0,0,5
64833,2,3,Pakistan,7,1,1.125,2,3,0,0,8
64833,2,4,Pakistan,9,1,1.25,4,1,0,0,9
64833,2,5,Pakistan,18,1,1.862068966,8,12,0,0,21
64833,2,6,Pakistan,24,1,2.4,13,3,0,0,20
64833,2,7,Pakistan,28,1,2.571428571,17,4,0,0,23
64833,2,8,Pakistan,28,2,2.25,0,0,1,0,20
64833,2,9,Pakistan,37,2,3.0,9,9,0,0,28
64833,2,10,Pakistan,39,3,2.847457627,0,2,1,1,18
64833,2,11,Pakistan,44,3,3.0,5,5,0,1,20
64833,2,12,Pakistan,52,3,3.38028169,12,8,0,1,24
64833,2,13,Pakistan,52,5,3.076923077,0,0,2,1,24
64833,2,14,Pakistan,53,5,2.891566265,0,2,0,1,17
64833,2,15,Pakistan,60,5,3.066666667,6,6,0,1,21
64833,2,16,Pakistan,63,5,3.0625,9,3,0,1,19
64833,2,17,Pakistan,72,5,3.411764706,18,9,0,1,20
64833,2,18,Pakistan,78,5,3.53271028,23,6,0,1,26
64833,2,19,Pakistan,81,6,3.451327434,2,3,1,1,27
64833,2,20,Pakistan,85,6,3.45,6,4,0,1,25
64833,2,21,Pakistan,88,6,3.428571429,9,3,0,1,25
64833,2,22,Pakistan,93,6,3.5,14,5,0,1,21
64833,2,23,Pakistan,97,6,3.52173913,18,4,0,1,19
64833,2,24,Pakistan,101,7,3.541666667,1,4,1,1,20
64833,2,25,Pakistan,109,7,3.704697987,8,8,0,1,24
64833,2,26,Pakistan,113,7,3.692307692,12,4,0,1,25
64833,2,27,Pakistan,114,7,3.592592593,13,1,0,1,21
64833,2,28,Pakistan,118,7,3.607142857,17,4,0,1,21
64833,2,29,Pakistan,118,7,3.482758621,17,0,0,1,17
64833,2,30,Pakistan,120,8,3.433333333,0,2,1,1,11
64833,2,31,Pakistan,126,8,3.502702703,5,9,0,1,16
64833,2,32,Pakistan,131,8,3.518324607,9,6,0,1,21
64833,2,33,Pakistan,139,8,3.636363636,17,4,0,1,21
64833,2,34,Pakistan,140,9,3.558823529,0,1,1,1,22
64833,2,35,Pakistan,140,9,3.457142857,0,0,0,1,20
64833,2,36,Pakistan,144,9,3.472222222,4,4,0,1,15
64833,2,37,Pakistan,147,9,3.447963801,6,7,0,1,16
64833,2,38,Pakistan,151,9,3.447368421,10,0,0,1,12
64833,2,39,Pakistan,156,9,3.487179487,15,5,0,1,16
64833,2,40,Pakistan,166,9,3.630252101,23,10,0,1,26
64833,2,41,Pakistan,176,9,3.756097561,33,10,0,1,32
64833,2,42,Pakistan,182,9,3.800796813,38,6,0,0,31
64833,2,43,Pakistan,186,9,3.790697674,42,4,0,0,35
64833,2,44,Pakistan,186,10,3.761538462,0,0,1,0,30
64836,1,1,Pakistan,2,0,1.2,1,2,0,0,2
64836,1,2,Pakistan,5,0,2.0,4,3,0,0,5
64836,1,3,Pakistan,9,1,2.470588235,0,4,1,0,9
64836,1,4,Pakistan,11,1,2.25,2,2,0,0,11
64836,1,5,Pakistan,15,1,2.357142857,4,5,0,0,16
64836,1,6,Pakistan,18,1,2.228571429,6,2,0,0,16
64836,1,7,Pakistan,19,1,2.0,7,1,0,0,14
64836,1,8,Pakistan,19,1,1.75,7,0,0,0,10
64836,1,9,Pakistan,21,1,1.698113208,8,2,0,0,10
64836,1,10,Pakistan,24,1,1.728813559,10,3,0,0,8
64836,1,11,Pakistan,26,1,1.727272727,12,2,0,0,8
64836,1,12,Pakistan,31,1,2.0,17,5,0,0,12
64836,1,13,Pakistan,38,1,2.25974026,22,7,0,0,19
64836,1,14,Pakistan,47,2,2.714285714,0,9,1,0,26
64836,1,15,Pakistan,51,2,2.764044944,3,4,0,0,27
64836,1,16,Pakistan,52,2,2.625,4,1,0,0,26
64836,1,17,Pakistan,54,2,2.588235294,6,2,0,0,23
64836,1,18,Pakistan,58,2,2.666666667,10,4,0,0,20
64836,1,19,Pakistan,61,2,2.684210526,13,3,0,0,14
64836,1,20,Pakistan,63,2,2.65,15,2,0,0,12
64836,1,21,Pakistan,66,2,2.666666667,18,3,0,0,14
64836,1,22,Pakistan,73,2,2.863636364,25,7,0,0,19
64836,1,23,Pakistan,77,2,2.913043478,29,4,0,0,19
64836,1,24,Pakistan,79,2,2.875,31,2,0,0,18
64836,1,25,Pakistan,86,2,3.04,38,7,0,0,23
64836,1,26,Pakistan,87,2,2.961538462,39,1,0,0,21
64836,1,27,Pakistan,97,2,3.222222222,49,10,0,0,24
64836,1,28,Pakistan,101,2,3.233532934,52,4,0,0,24
64836,1,29,Pakistan,105,2,3.24137931,56,4,0,0,26
64836,1,30,Pakistan,108,2,3.233333333,59,3,0,0,22
64836,1,31,Pakistan,113,2,3.290322581,64,5,0,0,26
64836,1,32,Pakistan,114,2,3.21875,65,1,0,0,17
64836,1,33,Pakistan,120,3,3.303030303,3,6,1,0,19
64836,1,34,Pakistan,125,3,3.352941176,8,5,0,0,20
64836,1,35,Pakistan,126,4,3.285714286,0,1,1,0,18
64836,1,36,Pakistan,129,4,3.277777778,3,3,0,0,16
64836,1,37,Pakistan,134,4,3.324324324,8,5,0,0,20
64836,1,38,Pakistan,138,4,3.342105263,12,4,0,0,18
64836,1,39,Pakistan,141,4,3.333333333,15,3,0,0,16
64836,1,40,Pakistan,145,5,3.35,1,4,1,1,19
64836,1,41,Pakistan,152,5,3.43902439,8,7,0,1,23
64836,1,42,Pakistan,158,5,3.5,14,6,0,1,24
64836,1,43,Pakistan,174,5,3.790697674,30,16,0,1,36
64836,1,44,Pakistan,182,5,3.886363636,38,8,0,0,41
64836,1,45,Pakistan,186,5,3.888888889,42,4,0,0,41
64836,1,46,Pakistan,189,5,3.861818182,44,4,0,0,38
64836,1,47,Pakistan,195,6,3.893617021,2,5,1,0,37
64836,1,48,Pakistan,205,6,4.020833333,12,10,0,0,31
64836,1,49,Pakistan,213,7,4.102040816,1,8,1,0,31
64836,1,50,Pakistan,222,8,4.2,6,9,1,1,36
64896,1,1,West Indies,0,2,0.0,0,0,2,0,0
64896,1,2,West Indies,5,3,2.181818182,0,5,1,1,5
64896,1,3,West Indies,6,3,1.411764706,0,4,0,1,9
64896,1,4,West Indies,12,3,2.5,6,3,0,1,12
64896,1,5,West Indies,17,3,2.896551724,10,5,0,1,17
64896,1,6,West Indies,19,3,2.571428571,11,2,0,1,19
64896,1,7,West Indies,25,3,3.0,17,6,0,1,20
64896,1,8,West Indies,26,3,2.75,18,1,0,1,17
64896,1,9,West Indies,28,3,2.666666667,20,2,0,1,16
64896,1,10,West Indies,34,3,3.0,26,6,0,1,17
64896,1,11,West Indies,41,3,3.363636364,33,7,0,1,22
64896,1,12,West Indies,42,3,3.166666667,34,1,0,1,17
64896,1,13,West Indies,43,4,3.0,0,1,1,1,17
64896,1,14,West Indies,43,4,2.785714286,0,0,0,1,15
64896,1,15,West Indies,44,4,2.666666667,1,1,0,1,10
64896,1,16,West Indies,45,4,2.5625,2,1,0,1,4
64896,1,17,West Indies,47,4,2.495049505,3,2,0,1,5
64896,1,18,West Indies,49,4,2.444444444,5,2,0,1,6
64896,1,19,West Indies,51,4,2.389380531,6,2,0,1,8
64896,1,20,West Indies,51,5,2.25,0,0,1,1,7
64896,1,21,West Indies,52,5,2.19047619,1,1,0,1,7
64896,1,22,West Indies,53,6,2.136363636,1,1,1,1,6
64896,1,23,West Indies,57,6,2.217391304,5,4,0,1,8
64896,1,24,West Indies,57,6,2.125,5,0,0,1,6
64896,1,25,West Indies,57,6,2.04,5,0,0,1,6
64896,1,26,West Indies,57,6,1.961538462,5,0,0,1,5
64896,1,27,West Indies,61,6,2.037037037,9,4,0,1,8
64896,1,28,West Indies,65,6,2.083832335,12,5,0,1,9
64896,1,29,West Indies,67,6,2.068965517,14,1,0,1,10
64896,1,30,West Indies,68,6,2.033333333,15,1,0,1,11
64896,1,31,West Indies,72,6,2.096774194,19,4,0,1,15
64896,1,32,West Indies,77,6,2.1875,24,5,0,1,16
64896,1,33,West Indies,82,7,2.153846154,0,5,2,1,16
64896,1,34,West Indies,84,8,2.117647059,2,2,0,1,17
64896,1,35,West Indies,87,8,2.142857143,5,3,0,1,19
64896,1,36,West Indies,89,8,2.138888889,7,2,0,1,17
64896,1,37,West Indies,90,8,2.090497738,7,1,0,1,13
64896,1,38,West Indies,93,8,2.088105727,9,3,0,1,11
64896,1,39,West Indies,98,8,2.08583691,11,5,0,1,14
64896,1,40,West Indies,101,8,2.058577406,12,4,0,1,15
64896,1,41,West Indies,108,8,2.146341463,18,6,0,1,19
64896,1,42,West Indies,111,8,2.166666667,21,3,0,1,21
64896,1,43,West Indies,113,8,2.162790698,23,2,0,1,20
64896,1,44,West Indies,116,8,2.181818182,26,3,0,1,18
64896,1,45,West Indies,118,8,2.177777778,28,2,0,1,16
64896,1,46,West Indies,128,8,2.347826087,38,10,0,1,20
64896,1,47,West Indies,132,8,2.382978723,42,4,0,1,21
64896,1,48,West Indies,138,8,2.458333333,48,6,0,1,25
64896,1,49,West Indies,142,8,2.489795918,52,4,0,1,26
64896,1,50,West Indies,144,8,2.48,54,2,0,1,26
64907,2,1,New Zealand,6,1,6.0,1,6,1,0,6
64907,2,2,New Zealand,10,1,4.5,5,4,0,0,10
64907,2,3,New Zealand,10,2,3.0,0,0,1,0,10
64907,2,4,New Zealand,13,2,3.0,3,3,0,0,13
64907,2,5,New Zealand,15,2,2.482758621,3,2,0,0,15
64907,2,6,New Zealand,19,2,2.571428571,6,8,0,0,17
64907,2,7,New Zealand,24,3,2.857142857,1,1,1,1,14
64907,2,8,New Zealand,26,3,2.75,3,2,0,1,16
64907,2,9,New Zealand,28,4,2.603773585,0,2,1,1,15
64907,2,10,New Zealand,28,4,2.3,0,0,0,1,13
64907,2,11,New Zealand,29,4,2.123076923,0,3,0,1,8
64907,2,12,New Zealand,38,4,2.666666667,9,7,0,1,14
64907,2,13,New Zealand,38,4,2.461538462,9,0,0,1,12
64907,2,14,New Zealand,38,4,2.285714286,9,0,0,1,10
64907,2,15,New Zealand,39,4,2.2,10,1,0,1,11
64907,2,16,New Zealand,45,4,2.4375,16,6,0,1,14
64907,2,17,New Zealand,45,4,2.294117647,16,0,0,1,7
64907,2,18,New Zealand,47,5,2.277777778,2,2,1,1,9
64907,2,19,New Zealand,51,5,2.368421053,6,4,0,1,13
64907,2,20,New Zealand,51,6,2.25,0,0,1,1,12
64907,2,21,New Zealand,56,6,2.380952381,5,5,0,1,11
64907,2,22,New Zealand,56,6,2.272727273,5,0,0,1,11
64907,2,23,New Zealand,57,6,2.217391304,6,1,0,1,10
64907,2,24,New Zealand,62,6,2.333333333,11,5,0,1,11
64907,2,25,New Zealand,68,6,2.432432432,15,6,0,1,17
64907,2,26,New Zealand,69,7,2.346153846,1,1,1,1,13
64907,2,27,New Zealand,74,7,2.444444444,6,5,0,1,18
64907,2,28,New Zealand,75,7,2.392857143,7,1,0,1,18
64907,2,29,New Zealand,79,8,2.448275862,0,4,1,1,17
64907,2,30,New Zealand,84,9,2.533333333,1,5,1,1,16
64907,2,31,New Zealand,84,9,2.451612903,1,0,0,1,15
64907,2,32,New Zealand,86,10,2.45026178,0,2,1,1,12
64917,2,1,India,3,0,2.4,2,3,0,0,3
64917,2,2,India,8,0,1.333333333,2,5,0,0,8
64917,2,3,India,13,0,2.117647059,6,5,0,0,13
64917,2,4,India,14,0,1.75,7,1,0,0,14
64917,2,5,India,22,0,3.0,15,8,0,0,22
64917,2,6,India,27,0,3.333333333,20,5,0,0,24
64917,2,7,India,31,1,3.428571429,0,4,1,0,23
64917,2,8,India,32,2,3.125,0,1,1,0,19
64917,2,9,India,36,2,3.222222222,4,4,0,0,22
64917,2,10,India,39,2,3.2,7,3,0,0,17
64917,2,11,India,41,3,3.090909091,0,2,1,1,14
64917,2,12,India,42,3,2.916666667,1,1,0,1,11
64917,2,13,India,48,3,3.153846154,7,6,0,1,16
64917,2,14,India,51,3,3.142857143,10,3,0,1,15
64917,2,15,India,57,3,3.333333333,16,6,0,1,18
64917,2,16,India,67,3,3.726315789,25,11,0,1,27
64917,2,17,India,72,3,3.764705882,30,4,0,1,30
64917,2,18,India,79,3,3.944444444,37,7,0,1,31
64917,2,19,India,83,3,3.92920354,40,8,0,1,36
64917,2,20,India,92,3,4.15,49,5,0,0,35
64917,2,21,India,96,3,4.142857143,53,4,0,0,28
64917,2,22,India,101,3,4.181818182,58,5,0,0,29
64917,2,23,India,105,4,4.173913043,3,4,1,0,26
64917,2,24,India,108,4,4.125,6,3,0,0,21
64917,2,25,India,111,4,4.067114094,8,5,0,0,21
64917,2,26,India,119,4,4.180645161,15,6,0,0,23
64917,2,27,India,123,4,4.148148148,19,4,0,0,22
64917,2,28,India,128,4,4.178571429,24,5,0,0,23
64917,2,29,India,131,4,4.137931034,27,3,0,0,23
64917,2,30,India,139,5,4.266666667,1,8,1,0,26
64917,2,31,India,145,5,4.322580645,7,6,0,0,26
64917,2,32,India,153,5,4.294736842,9,11,0,0,33
64917,2,33,India,163,5,4.424242424,19,7,0,0,35
64917,2,34,India,163,6,4.294117647,0,0,1,0,32
64917,2,35,India,164,6,4.2,1,1,0,0,25
64917,2,36,India,164,7,4.083333333,0,0,1,1,19
64917,2,37,India,168,7,4.081081081,4,4,0,1,12
64917,2,38,India,170,7,4.026315789,6,2,0,1,7
64917,2,39,India,173,7,4.0,9,3,0,1,10
64917,2,40,India,177,7,4.0,13,4,0,1,13
64917,2,41,India,177,7,3.902439024,13,0,0,1,13
64917,2,42,India,183,7,3.952380952,19,6,0,1,15
64917,2,43,India,187,7,3.945525292,22,4,0,1,17
64917,2,44,India,192,7,3.954545455,27,5,0,1,19
64917,2,45,India,196,7,3.955555556,31,4,0,1,19
64917,2,46,India,200,8,3.949090909,1,5,1,1,24
64917,2,47,India,210,8,4.056939502,10,10,0,1,28
64917,2,48,India,227,8,4.264808362,24,16,0,1,40
64917,2,49,India,238,8,4.387755102,35,11,0,1,46
64917,2,50,India,248,9,4.494983278,1,19,1,0,61
64919,2,1,Zimbabwe,3,0,2.4,2,3,0,0,3
64919,2,2,Zimbabwe,9,0,3.818181818,7,6,0,0,9
64919,2,3,Zimbabwe,12,0,3.333333333,10,3,0,0,12
64919,2,4,Zimbabwe,13,1,2.75,0,1,1,0,13
64919,2,5,Zimbabwe,18,1,3.2,5,5,0,0,18
64919,2,6,Zimbabwe,21,1,3.166666667,8,3,0,0,18
64919,2,7,Zimbabwe,22,1,2.857142857,9,1,0,0,13
64919,2,8,Zimbabwe,29,1,3.375,16,7,0,0,17
64919,2,9,Zimbabwe,34,1,3.555555556,21,5,0,0,21
64919,2,10,Zimbabwe,40,1,3.8,27,6,0,0,22
64919,2,11,Zimbabwe,41,2,3.545454545,1,1,1,0,20
64919,2,12,Zimbabwe,47,2,3.718309859,6,6,0,0,25
64919,2,13,Zimbabwe,49,2,3.538461538,8,2,0,0,20
64919,2,14,Zimbabwe,56,2,3.785714286,15,7,0,0,22
64919,2,15,Zimbabwe,58,2,3.666666667,17,2,0,0,18
64919,2,16,Zimbabwe,65,2,3.875,24,7,0,0,24
64919,2,17,Zimbabwe,70,2,3.941176471,29,5,0,0,23
64919,2,18,Zimbabwe,73,2,3.888888889,32,3,0,0,24
64919,2,19,Zimbabwe,77,2,3.894736842,36,4,0,0,21
64919,2,20,Zimbabwe,86,2,4.15,45,9,0,0,28
64919,2,21,Zimbabwe,89,2,4.095238095,48,3,0,0,24
64919,2,22,Zimbabwe,94,2,4.076335878,51,6,0,0,25
64919,2,23,Zimbabwe,97,2,4.0,54,2,0,0,24
64919,2,24,Zimbabwe,102,2,4.041666667,59,5,0,0,25
64919,2,25,Zimbabwe,105,2,4.0,62,3,0,0,19
64919,2,26,Zimbabwe,110,2,4.038461538,67,5,0,0,21
64919,2,27,Zimbabwe,118,2,4.185185185,75,8,0,0,23
64919,2,28,Zimbabwe,123,2,4.214285714,80,5,0,0,26
64919,2,29,Zimbabwe,127,2,4.206896552,84,4,0,0,25
64919,2,30,Zimbabwe,130,4,4.166666667,0,3,2,0,25
64919,2,31,Zimbabwe,130,4,4.032258065,0,0,0,0,20
64919,2,32,Zimbabwe,132,4,3.96875,2,2,0,0,14
64919,2,33,Zimbabwe,135,4,3.939393939,5,3,0,0,12
64919,2,34,Zimbabwe,139,4,3.931034483,8,4,0,0,12
64919,2,35,Zimbabwe,144,4,3.942857143,13,5,0,0,14
64919,2,36,Zimbabwe,149,4,3.962790698,17,6,0,0,20
64919,2,37,Zimbabwe,155,4,4.0,23,5,0,0,23
64919,2,38,Zimbabwe,160,5,4.026315789,0,5,1,1,25
64919,2,39,Zimbabwe,161,5,3.948717949,1,1,0,1,22
64919,2,40,Zimbabwe,164,6,3.925,3,3,1,1,20
64919,2,41,Zimbabwe,165,7,3.853658537,0,1,1,1,15
64919,2,42,Zimbabwe,172,7,3.928571429,7,7,0,1,17
64919,2,43,Zimbabwe,182,7,4.069767442,17,10,0,1,22
64919,2,44,Zimbabwe,188,7,4.113636364,23,6,0,1,27
64919,2,45,Zimbabwe,192,7,4.111111111,27,4,0,1,28
64919,2,46,Zimbabwe,196,8,4.108695652,4,4,1,1,31
64919,2,47,Zimbabwe,205,9,4.212765957,0,9,1,1,33
64919,2,48,Zimbabwe,206,10,4.219081272,0,1,1,1,24
65249,2,1,West Indies,5,0,4.8,4,5,0,0,5
65249,2,2,West Indies,5,0,2.0,4,0,0,0,5
65249,2,3,West Indies,7,0,2.0,6,2,0,0,7
65249,2,4,West Indies,16,0,3.75,15,9,0,0,16
65249,2,5,West Indies,18,0,3.310344828,16,2,0,0,18
65249,2,6,West Indies,19,1,2.833333333,0,1,1,0,14
65249,2,7,West Indies,22,2,2.780487805,2,3,1,0,17
65249,2,8,West Indies,31,2,3.5,11,9,0,0,24
65249,2,9,West Indies,32,2,3.551020408,12,1,0,0,16
211364,2,1,Australia,1,0,1.0,1,1,0,0,1
211364,2,2,Australia,2,0,0.545454545,1,1,0,0,2
211364,2,3,Australia,8,0,2.117647059,6,6,0,0,8
211364,2,4,Australia,8,0,1.5,6,0,0,0,8
211364,2,5,Australia,12,0,2.0,10,4,0,0,12
211364,2,6,Australia,15,0,2.166666667,13,3,0,0,14
211364,2,7,Australia,17,0,2.048780488,14,2,0,0,15
211364,2,8,Australia,19,1,2.0,2,2,1,0,11
211364,2,9,Australia,19,1,1.777777778,2,0,0,0,11
211364,2,10,Australia,28,1,2.5,11,9,0,0,16
211364,2,11,Australia,29,1,2.363636364,12,1,0,0,14
211364,2,12,Australia,31,1,2.333333333,14,2,0,0,14
211364,2,13,Australia,33,1,2.307692308,16,2,0,0,14
211364,2,14,Australia,42,1,2.785714286,25,9,0,0,23
211364,2,15,Australia,46,1,2.866666667,29,4,0,0,18
211364,2,16,Australia,51,2,3.0,0,5,1,0,22
211364,2,17,Australia,52,2,2.882352941,1,1,0,0,21
211364,2,18,Australia,56,2,2.944444444,5,4,0,0,23
211364,2,19,Australia,61,2,3.026548673,9,5,0,0,19
211364,2,20,Australia,67,2,3.15,15,6,0,0,21
211364,2,21,Australia,72,3,3.238095238,0,5,1,0,21
211364,2,22,Australia,74,3,3.181818182,2,2,0,0,22
211364,2,23,Australia,76,3,3.130434783,4,2,0,0,20
211364,2,24,Australia,80,3,3.166666667,8,4,0,0,19
211364,2,25,Australia,81,3,3.08,9,1,0,0,14
211364,2,26,Australia,87,3,3.096774194,12,7,0,0,16
211364,2,27,Australia,89,3,3.037037037,14,1,0,0,15
211364,2,28,Australia,94,3,3.107142857,19,5,0,0,18
211364,2,29,Australia,98,3,3.137931034,23,4,0,0,18
211364,2,30,Australia,101,3,3.133333333,26,3,0,0,20
211364,2,31,Australia,106,3,3.193548387,31,5,0,0,18
211364,2,32,Australia,115,3,3.375,40,9,0,0,26
211364,2,33,Australia,121,3,3.454545455,46,6,0,0,27
211364,2,34,Australia,129,3,3.588235294,54,8,0,0,31
211364,2,35,Australia,138,3,3.742857143,63,9,0,0,37
211364,2,36,Australia,143,3,3.76744186,67,5,0,0,37
211364,2,37,Australia,152,3,3.891891892,76,9,0,0,37
211364,2,38,Australia,162,3,4.052631579,86,10,0,0,41
211364,2,39,Australia,167,3,4.042918455,89,6,0,0,39
211364,2,40,Australia,177,3,4.175,99,9,0,0,39
211364,2,41,Australia,187,3,4.317073171,109,10,0,0,44
211364,2,42,Australia,194,3,4.380952381,116,7,0,0,42
211364,2,43,Australia,199,3,4.395348837,121,5,0,0,37
211364,2,44,Australia,203,4,4.386363636,1,4,1,0,35
211364,2,45,Australia,212,4,4.488888889,10,9,0,0,35
211364,2,46,Australia,217,4,4.494545455,14,6,0,0,31
211364,2,47,Australia,227,4,4.595744681,24,9,0,0,33
211364,2,48,Australia,237,5,4.708333333,10,10,1,0,38
211364,2,49,Australia,243,5,4.734693878,16,6,0,0,40
211364,2,50,Australia,250,5,4.844594595,23,7,0,0,38
212253,1,1,Australia,1,0,0.0,0,1,0,0,1
212253,1,2,Australia,3,0,0.0,0,4,0,0,5
212253,1,3,Australia,7,0,1.333333333,4,2,0,0,7
212253,1,4,Australia,8,1,1.25,0,1,1,0,8
212253,1,5,Australia,9,2,1.2,0,1,1,0,9
212253,1,6,Australia,12,2,1.5,3,3,0,0,11
212253,1,7,Australia,20,3,2.428571429,1,8,1,1,15
212253,1,8,Australia,25,3,2.680851064,5,5,0,1,18
212253,1,9,Australia,33,3,3.222222222,13,8,0,1,25
212253,1,10,Australia,38,3,3.4,18,5,0,1,29
212253,1,11,Australia,54,3,4.545454545,34,16,0,1,42
212253,1,12,Australia,55,3,4.25,35,1,0,1,35
212253,1,13,Australia,57,3,4.076923077,37,2,0,1,32
212253,1,14,Australia,59,4,3.928571429,2,2,1,1,26
212253,1,15,Australia,66,4,4.04494382,7,11,0,1,32
212253,1,16,Australia,75,4,4.3125,16,5,0,1,21
212253,1,17,Australia,84,5,4.574257426,8,9,1,1,29
212253,1,18,Australia,88,5,4.485981308,11,4,0,1,31
212253,1,19,Australia,96,5,4.631578947,19,8,0,1,37
212253,1,20,Australia,100,5,4.6,23,4,0,1,30
212253,1,21,Australia,103,5,4.512,25,3,0,0,28
212253,1,22,Australia,108,5,4.5,30,5,0,0,24
212253,1,23,Australia,112,5,4.467153285,33,4,0,0,24
212253,1,24,Australia,117,5,4.458333333,38,5,0,0,21
212253,1,25,Australia,121,5,4.44,42,4,0,0,21
212253,1,26,Australia,124,5,4.384615385,45,3,0,0,21
212253,1,27,Australia,126,5,4.296296296,47,2,0,0,18
212253,1,28,Australia,128,5,4.214285714,49,2,0,0,16
212253,1,29,Australia,128,5,4.068965517,49,0,0,0,11
212253,1,30,Australia,132,5,4.066666667,53,4,0,0,11
212253,1,31,Australia,137,5,4.096774194,58,5,0,0,13
212253,1,32,Australia,144,5,4.1875,65,7,0,0,18
212253,1,33,Australia,148,5,4.181818182,69,4,0,0,20
212253,1,34,Australia,150,5,4.117647059,71,2,0,0,22
212253,1,35,Australia,157,5,4.2,78,7,0,0,25
212253,1,36,Australia,166,5,4.325581395,86,9,0,0,29
212253,1,37,Australia,171,6,4.316742081,1,6,1,0,28
212253,1,38,Australia,173,6,4.236842105,3,1,0,0,25
212253,1,39,Australia,174,6,4.153846154,4,1,0,0,24
212253,1,40,Australia,178,6,4.15,8,4,0,0,21
212253,1,41,Australia,189,6,4.317073171,19,11,0,0,23
212253,1,42,Australia,193,6,4.302788845,22,4,0,0,21
212253,1,43,Australia,196,7,4.255813953,3,3,1,0,23
212253,1,44,Australia,200,7,4.25,7,4,0,0,26
212253,1,45,Australia,207,7,4.311111111,14,7,0,0,29
212253,1,46,Australia,215,7,4.391304348,22,8,0,0,26
212253,1,47,Australia,221,7,4.425531915,28,6,0,0,28
212253,1,48,Australia,226,7,4.4375,33,5,0,0,30
212253,1,49,Australia,235,7,4.52559727,41,10,0,0,36
212253,1,50,Australia,250,7,4.675585284,53,14,1,0,43
237574,1,1,Sri Lanka,3,0,3.0,3,3,0,0,3
237574,1,2,Sri Lanka,9,1,3.818181818,4,6,1,0,9
237574,1,3,Sri Lanka,9,1,2.333333333,4,0,0,0,9
237574,1,4,Sri Lanka,18,1,3.913043478,12,9,0,0,18
237574,1,5,Sri Lanka,19,1,3.2,13,1,0,0,19
237574,1,6,Sri Lanka,23,1,3.333333333,17,4,0,0,20
237574,1,7,Sri Lanka,24,1,3.0,18,1,0,0,15
237574,1,8,Sri Lanka,27,1,3.0,21,3,0,0,18
237574,1,9,Sri Lanka,35,2,3.555555556,4,8,1,0,17
237574,1,10,Sri Lanka,36,4,3.3,0,1,2,1,17
237574,1,11,Sri Lanka,38,5,3.181818182,1,2,1,1,15
237574,1,12,Sri Lanka,40,5,2.957746479,1,2,0,1,16
237574,1,13,Sri Lanka,45,5,3.076923077,6,5,0,1,18
237574,1,14,Sri Lanka,50,5,3.214285714,11,5,0,1,15
237574,1,15,Sri Lanka,51,5,3.066666667,12,1,0,1,15
237574,1,16,Sri Lanka,51,5,2.875,12,0,0,1,13
237574,1,17,Sri Lanka,54,6,2.851485149,2,3,1,1,14
237574,1,18,Sri Lanka,62,6,3.056603774,8,12,0,1,21
237574,1,19,Sri Lanka,67,6,3.105263158,13,1,0,1,17
237574,1,20,Sri Lanka,71,6,3.15,17,4,0,1,20
237574,1,21,Sri Lanka,78,6,3.312,23,9,0,1,29
237574,1,22,Sri Lanka,82,6,3.272727273,26,2,0,1,28
237574,1,23,Sri Lanka,86,7,3.304347826,4,4,1,1,20
237574,1,24,Sri Lanka,88,7,3.25,6,2,0,1,21
237574,1,25,Sri Lanka,89,7,3.16,7,1,0,1,18
237574,1,26,Sri Lanka,92,7,3.153846154,10,3,0,1,12
237574,1,27,Sri Lanka,93,7,3.074074074,11,1,0,1,11
237574,1,28,Sri Lanka,94,7,3.0,12,1,0,1,8
237574,1,29,Sri Lanka,97,7,3.0,15,3,0,1,9
237574,1,30,Sri Lanka,99,8,2.966666667,1,2,1,1,10
237574,1,31,Sri Lanka,101,8,2.935483871,3,2,0,1,9
237574,1,32,Sri Lanka,105,8,2.96875,7,4,0,1,12
237574,1,33,Sri Lanka,107,8,2.939393939,9,2,0,1,13
237574,1,34,Sri Lanka,109,8,2.911764706,11,2,0,1,12
237574,1,35,Sri Lanka,117,9,3.057142857,8,8,1,1,18
237574,1,36,Sri Lanka,118,10,3.013953488,0,1,1,1,17
238169,2,1,Sri Lanka,1,0,1.0,1,1,0,0,1
238169,2,2,Sri Lanka,7,0,3.0,5,6,0,0,7
238169,2,3,Sri Lanka,8,0,2.0,6,1,0,0,8
238169,2,4,Sri Lanka,12,0,2.5,10,4,0,0,12
238169,2,5,Sri Lanka,16,0,2.8,14,4,0,0,16
238169,2,6,Sri Lanka,24,0,3.666666667,22,8,0,0,23
238169,2,7,Sri Lanka,32,0,4.285714286,30,8,0,0,25
238169,2,8,Sri Lanka,38,1,4.434782609,0,6,1,0,30
238169,2,9,Sri Lanka,38,1,3.777777778,0,0,0,0,26
238169,2,10,Sri Lanka,44,1,3.966101695,5,6,0,0,28
238169,2,11,Sri Lanka,45,1,3.636363636,6,1,0,0,21
238169,2,12,Sri Lanka,46,2,3.416666667,1,1,1,0,14
238169,2,13,Sri Lanka,47,2,3.230769231,2,1,0,0,9
238169,2,14,Sri Lanka,49,2,3.108433735,3,3,0,0,12
238169,2,15,Sri Lanka,55,2,3.235955056,8,9,0,0,15
238169,2,16,Sri Lanka,64,2,3.5625,17,5,0,0,19
238169,2,17,Sri Lanka,71,2,3.764705882,24,7,0,0,25
238169,2,18,Sri Lanka,75,2,3.777777778,28,4,0,0,28
238169,2,19,Sri Lanka,84,2,4.052631579,37,9,0,0,34
238169,2,20,Sri Lanka,90,2,4.15,43,6,0,0,31
238169,2,21,Sri Lanka,91,3,4.0,0,1,1,0,27
238169,2,22,Sri Lanka,95,3,4.0,4,4,0,0,24
238169,2,23,Sri Lanka,98,3,3.956521739,7,3,0,0,23
238169,2,24,Sri Lanka,100,3,3.875,9,2,0,0,16
238169,2,25,Sri Lanka,104,3,3.88,13,4,0,0,14
238169,2,26,Sri Lanka,105,3,3.769230769,14,1,0,0,14
238169,2,27,Sri Lanka,113,3,3.925925926,22,8,0,0,18
238169,2,28,Sri Lanka,117,3,3.928571429,26,4,0,0,19
238169,2,29,Sri Lanka,124,3,4.034482759,33,7,0,0,24
238169,2,30,Sri Lanka,130,3,4.1,39,6,0,0,26
238169,2,31,Sri Lanka,131,3,4.0,40,1,0,0,26
238169,2,32,Sri Lanka,134,3,3.96875,43,3,0,0,21
238169,2,33,Sri Lanka,136,3,3.909090909,45,2,0,0,19
238169,2,34,Sri Lanka,141,3,3.941176471,50,5,0,0,17
238169,2,35,Sri Lanka,145,3,3.942857143,54,4,0,0,15
238169,2,36,Sri Lanka,149,3,3.944444444,58,4,0,0,18
238169,2,37,Sri Lanka,152,3,3.918918919,61,3,0,0,18
238169,2,38,Sri Lanka,154,4,3.868421053,0,2,1,0,18
238169,2,39,Sri Lanka,157,5,3.846153846,2,3,1,0,16
238169,2,40,Sri Lanka,161,5,3.85,6,4,0,0,16
238169,2,41,Sri Lanka,166,5,3.87804878,11,5,0,0,17
238169,2,42,Sri Lanka,175,5,4.0,20,9,0,0,23
238169,2,43,Sri Lanka,184,5,4.11627907,29,9,0,0,30
238169,2,44,Sri Lanka,188,5,4.099236641,31,6,0,0,33
238169,2,45,Sri Lanka,206,5,4.327137546,46,16,0,0,45
238169,2,46,Sri Lanka,208,6,4.254545455,1,6,1,0,46
238169,2,47,Sri Lanka,213,6,4.255319149,6,1,0,0,38
238173,1,1,Australia,6,0,6.0,5,6,0,0,6
238173,1,2,Australia,16,0,7.8,13,13,0,0,19
238173,1,3,Australia,26,0,7.411764706,21,7,0,0,26
238173,1,4,Australia,26,1,5.25,0,0,1,0,26
238173,1,5,Australia,27,1,4.4,1,1,0,0,27
238173,1,6,Australia,33,1,4.666666667,7,6,0,0,27
238173,1,7,Australia,34,2,4.097560976,0,2,1,0,16
238173,1,8,Australia,36,2,3.75,2,1,0,0,10
238173,1,9,Australia,39,2,3.622641509,4,5,0,0,15
238173,1,10,Australia,41,2,3.2,4,0,0,0,14
238173,1,11,Australia,46,2,3.323076923,8,9,0,0,17
238173,1,12,Australia,52,3,3.5,0,2,1,1,17
238173,1,13,Australia,53,3,3.307692308,1,1,0,1,17
238173,1,14,Australia,59,3,3.5,7,6,0,1,18
238173,1,15,Australia,61,3,3.370786517,8,2,0,1,20
238173,1,16,Australia,67,3,3.5,14,6,0,1,17
238173,1,17,Australia,75,3,3.764705882,22,8,0,1,23
238173,1,18,Australia,77,3,3.644859813,23,2,0,0,24
238173,1,19,Australia,79,4,3.451327434,0,2,1,0,20
238173,1,20,Australia,79,4,3.25,0,0,0,0,18
238173,1,21,Australia,82,4,3.216,2,6,0,0,18
238173,1,22,Australia,85,4,3.045454545,2,0,0,0,10
238173,1,23,Australia,86,4,2.956521739,3,1,0,0,9
238173,1,24,Australia,90,4,3.0,7,4,0,0,11
238173,1,25,Australia,97,4,3.16,14,7,0,0,18
238173,1,26,Australia,104,4,3.307692308,21,7,0,0,19
238173,1,27,Australia,104,4,3.185185185,21,0,0,0,19
238173,1,28,Australia,106,4,3.142857143,23,2,0,0,20
238173,1,29,Australia,110,4,3.172413793,27,4,0,0,20
238173,1,30,Australia,114,4,3.2,31,4,0,0,17
238173,1,31,Australia,117,5,3.193548387,0,3,1,0,13
238173,1,32,Australia,118,5,3.125,1,1,0,0,14
238173,1,33,Australia,125,5,3.242424242,8,7,0,0,19
238173,1,34,Australia,131,5,3.280788177,12,6,0,0,21
238173,1,35,Australia,134,5,3.257142857,15,3,0,0,20
238173,1,36,Australia,144,5,3.444444444,25,10,0,0,27
238173,1,37,Australia,149,5,3.486486486,30,5,0,0,31
238173,1,38,Australia,153,5,3.5,34,4,0,0,28
238173,1,39,Australia,158,5,3.538461538,39,5,0,0,27
238173,1,40,Australia,163,5,3.575,44,5,0,0,29
238173,1,41,Australia,167,5,3.585365854,48,4,0,0,23
238173,1,42,Australia,170,5,3.571428571,51,3,0,0,21
238173,1,43,Australia,177,6,3.651162791,6,7,1,0,24
238173,1,44,Australia,182,6,3.673003802,10,5,1,0,24
238173,1,45,Australia,185,8,3.644444444,0,3,1,1,22
238173,1,46,Australia,189,8,3.643636364,3,4,0,1,22
238173,1,47,Australia,195,9,3.587188612,1,6,2,1,25
238175,1,1,Australia,0,1,0.0,0,0,1,0,0
238175,1,2,Australia,3,1,0.0,0,4,0,0,4
238175,1,3,Australia,6,1,0.352941176,1,4,0,0,8
238175,1,4,Australia,8,2,0.25,0,0,1,0,8
238175,1,5,Australia,11,2,0.620689655,2,3,0,0,11
238175,1,6,Australia,14,2,1.0,5,3,0,0,14
238175,1,7,Australia,22,2,2.0,13,8,0,0,18
238175,1,8,Australia,23,2,1.787234043,13,5,0,0,19
238175,1,9,Australia,28,2,2.111111111,18,1,0,0,20
238175,1,10,Australia,34,2,2.440677966,23,6,0,0,23
238175,1,11,Australia,35,2,2.272727273,24,1,0,0,21
238175,1,12,Australia,35,2,2.083333333,24,0,0,0,13
238175,1,13,Australia,41,2,2.384615385,30,6,0,0,14
238175,1,14,Australia,41,3,2.214285714,0,0,1,0,13
238175,1,15,Australia,41,3,2.066666667,0,0,0,0,7
238175,1,16,Australia,43,3,2.0625,2,2,0,0,8
238175,1,17,Australia,48,3,2.235294118,7,5,0,0,13
238175,1,18,Australia,48,3,2.111111111,7,0,0,0,7
238175,1,19,Australia,49,3,2.052631579,8,1,0,0,8
238175,1,20,Australia,55,3,2.25,14,6,0,0,14
238175,1,21,Australia,58,3,2.285714286,17,3,0,0,15
238175,1,22,Australia,58,3,2.181818182,17,0,0,0,10
238175,1,23,Australia,59,3,2.130434783,18,1,0,0,11
238175,1,24,Australia,64,3,2.25,23,5,0,0,15
238175,1,25,Australia,71,3,2.44,30,7,0,0,16
238175,1,26,Australia,75,3,2.5,34,4,0,0,17
238175,1,27,Australia,76,3,2.444444444,35,1,0,0,18
238175,1,28,Australia,77,3,2.392857143,36,1,0,0,18
238175,1,29,Australia,80,4,2.393063584,0,3,1,0,16
238175,1,30,Australia,85,4,2.466666667,5,5,0,0,14
238175,1,31,Australia,92,4,2.52972973,9,7,0,0,17
238175,1,32,Australia,97,5,2.59375,5,5,1,0,21
238175,1,33,Australia,100,5,2.588832487,7,3,0,0,23
238175,1,34,Australia,104,5,2.617647059,11,4,0,0,24
238175,1,35,Australia,106,5,2.6,13,2,0,0,21
238175,1,36,Australia,107,6,2.555555556,0,1,1,1,15
238175,1,37,Australia,108,6,2.497737557,0,2,0,1,12
238175,1,38,Australia,113,6,2.537444934,4,4,0,1,13
238175,1,39,Australia,116,6,2.50862069,5,4,1,1,13
238175,1,40,Australia,118,7,2.45,1,1,0,1,12
238175,1,41,Australia,120,8,2.424489796,1,3,1,1,14
238175,1,42,Australia,123,9,2.428571429,1,2,1,1,14
238175,1,43,Australia,124,10,2.423529412,0,1,1,1,11
247472,2,1,Sri Lanka,1,1,1.0,0,1,1,0,1
247472,2,2,Sri Lanka,3,1,1.5,2,2,0,0,3
247472,2,3,Sri Lanka,3,1,1.0,2,0,0,0,3
247472,2,4,Sri Lanka,7,2,1.75,0,4,1,0,7
247472,2,5,Sri Lanka,7,2,1.4,0,0,0,0,7
247472,2,6,Sri Lanka,10,2,1.542857143,2,4,0,0,10
247472,2,7,Sri Lanka,20,2,2.714285714,12,9,0,0,17
247472,2,8,Sri Lanka,21,3,2.5,1,1,1,1,18
247472,2,9,Sri Lanka,21,3,2.222222222,1,0,0,1,14
247472,2,10,Sri Lanka,26,3,2.5,6,5,0,1,19
247472,2,11,Sri Lanka,26,3,2.272727273,6,0,0,1,15
247472,2,12,Sri Lanka,26,4,2.083333333,0,0,1,1,6
247472,2,13,Sri Lanka,28,4,2.076923077,2,2,0,1,7
247472,2,14,Sri Lanka,30,4,2.024096386,3,2,0,1,9
247472,2,15,Sri Lanka,31,4,1.887640449,3,1,0,1,5
247472,2,16,Sri Lanka,39,4,2.147368421,9,8,0,1,13
247472,2,17,Sri Lanka,41,5,2.117647059,0,2,1,1,15
247472,2,18,Sri Lanka,42,5,2.055555556,1,1,0,1,14
247472,2,19,Sri Lanka,43,5,2.0,2,1,0,1,13
247472,2,20,Sri Lanka,49,5,2.2,8,6,0,1,18
247472,2,21,Sri Lanka,50,5,2.142857143,9,1,0,1,11
247472,2,22,Sri Lanka,54,5,2.227272727,13,4,0,1,13
247472,2,23,Sri Lanka,56,5,2.217391304,15,2,0,1,14
247472,2,24,Sri Lanka,64,5,2.458333333,23,8,0,1,21
247472,2,25,Sri Lanka,66,5,2.44,25,2,0,1,17
247472,2,26,Sri Lanka,68,6,2.423076923,2,2,1,1,18
247472,2,27,Sri Lanka,72,6,2.481481481,6,4,0,1,18
247472,2,28,Sri Lanka,72,6,2.392857143,6,0,0,1,16
247472,2,29,Sri Lanka,73,6,2.344827586,7,1,0,1,9
247472,2,30,Sri Lanka,80,7,2.5,0,7,1,1,14
247472,2,31,Sri Lanka,84,7,2.548387097,4,4,0,1,16
247472,2,32,Sri Lanka,88,7,2.59375,8,4,0,1,16
247472,2,33,Sri Lanka,92,7,2.636363636,12,4,0,1,20
247472,2,34,Sri Lanka,98,7,2.735294118,18,6,0,1,25
247472,2,35,Sri Lanka,102,8,2.771428571,1,4,1,1,22
247472,2,36,Sri Lanka,111,9,2.944444444,0,9,1,1,27
247472,2,37,Sri Lanka,112,9,2.877828054,0,1,1,1,24
247494,1,1,England,8,0,8.0,8,8,0,0,8
247494,1,2,England,9,1,4.5,0,1,1,0,9
247494,1,3,England,11,1,3.529411765,1,3,0,0,12
247494,1,4,England,18,1,4.25,8,6,0,0,18
247494,1,5,England,20,1,3.724137931,9,4,0,0,22
247494,1,6,England,24,2,3.5,1,2,1,0,16
247494,1,7,England,26,2,3.285714286,3,2,0,0,17
247494,1,8,England,30,3,3.375,4,4,1,1,18
247494,1,9,England,31,3,3.111111111,5,1,0,1,13
247494,1,10,England,35,3,3.2,9,4,0,1,13
247494,1,11,England,40,4,3.363636364,0,5,1,1,16
247494,1,12,England,42,4,3.211267606,1,2,0,1,16
247494,1,13,England,45,4,3.078947368,2,5,0,1,17
247494,1,14,England,54,5,3.357142857,7,7,1,1,23
247494,1,15,England,63,5,3.733333333,16,9,0,1,28
247494,1,16,England,65,6,3.625,0,2,1,1,25
247494,1,17,England,74,6,3.920792079,8,9,0,1,32
247494,1,18,England,77,6,3.813084112,10,3,0,1,30
247494,1,19,England,82,6,3.842105263,15,5,0,1,28
247494,1,20,England,85,6,3.781512605,17,3,0,1,22
247494,1,21,England,86,6,3.619047619,18,1,0,1,21
247494,1,22,England,90,6,3.618320611,21,4,0,1,16
247494,1,23,England,91,6,3.47826087,22,1,0,1,14
247494,1,24,England,93,6,3.416666667,24,2,0,1,11
247494,1,25,England,97,6,3.44,28,4,0,1,12
247494,1,26,England,102,6,3.5,33,5,0,1,16
247494,1,27,England,107,6,3.555555556,38,5,0,1,17
247494,1,28,England,110,6,3.535714286,41,3,0,1,19
247494,1,29,England,112,7,3.482758621,0,2,1,1,19
247494,1,30,England,113,7,3.38547486,0,1,0,1,16
247494,1,31,England,113,8,3.258064516,0,0,1,1,11
247494,1,32,England,114,8,3.1875,1,1,0,1,7
247494,1,33,England,123,8,3.363636364,10,9,0,1,13
247494,1,34,England,125,8,3.323529412,12,2,0,1,13
247494,1,35,England,131,8,3.4,18,6,0,1,18
247494,1,36,England,136,8,3.444444444,23,5,0,1,23
247494,1,37,England,139,9,3.432432432,2,3,1,1,25
247494,1,38,England,143,10,3.508928571,0,4,1,1,20
249207,2,1,Zimbabwe,0,0,0.0,0,0,0,0,0
249207,2,2,Zimbabwe,1,0,0.5,1,1,0,0,1
249207,2,3,Zimbabwe,2,0,0.666666667,2,1,0,0,2
249207,2,4,Zimbabwe,7,0,1.75,7,5,0,0,7
249207,2,5,Zimbabwe,13,0,2.6,13,6,0,0,13
249207,2,6,Zimbabwe,23,0,3.771428571,22,11,0,0,24
249207,2,7,Zimbabwe,25,0,3.428571429,24,1,0,0,24
249207,2,8,Zimbabwe,30,0,3.574468085,28,9,0,0,32
249207,2,9,Zimbabwe,37,0,3.849056604,34,3,0,0,30
249207,2,10,Zimbabwe,43,0,3.966101695,39,6,0,0,30
249207,2,11,Zimbabwe,54,0,4.545454545,50,11,0,0,30
249207,2,12,Zimbabwe,57,0,4.416666667,53,3,0,0,32
249207,2,13,Zimbabwe,57,0,4.076923077,53,0,0,0,23
249207,2,14,Zimbabwe,60,0,4.0,56,3,0,0,23
249207,2,15,Zimbabwe,66,0,4.133333333,62,6,0,0,23
249207,2,16,Zimbabwe,75,0,4.4375,71,9,0,0,21
249207,2,17,Zimbabwe,81,0,4.529411765,77,6,0,0,24
249207,2,18,Zimbabwe,82,0,4.333333333,78,1,0,0,25
249207,2,19,Zimbabwe,90,0,4.526315789,86,8,0,0,30
249207,2,20,Zimbabwe,92,0,4.4,88,2,0,0,26
249207,2,21,Zimbabwe,99,0,4.523809524,95,7,0,0,24
249207,2,22,Zimbabwe,101,1,4.409090909,2,2,1,0,20
249207,2,23,Zimbabwe,103,1,4.304347826,4,2,0,0,21
249207,2,24,Zimbabwe,105,1,4.208333333,6,2,0,0,15
249207,2,25,Zimbabwe,112,1,4.32,13,7,0,0,20
249207,2,26,Zimbabwe,119,1,4.423076923,20,7,0,0,20
249207,2,27,Zimbabwe,127,1,4.546583851,27,8,0,0,26
249207,2,28,Zimbabwe,130,2,4.464285714,2,3,1,0,27
249207,2,29,Zimbabwe,131,2,4.344827586,3,1,0,0,26
249207,2,30,Zimbabwe,132,2,4.233333333,4,1,0,0,20
249207,2,31,Zimbabwe,135,2,4.193548387,7,3,0,0,16
249207,2,32,Zimbabwe,138,2,4.15625,10,3,0,0,11
249207,2,33,Zimbabwe,143,2,4.181818182,15,5,0,0,13
249207,2,34,Zimbabwe,147,2,4.176470588,19,4,0,0,16
249207,2,35,Zimbabwe,155,2,4.285714286,27,8,0,0,23
249207,2,36,Zimbabwe,157,2,4.222222222,29,2,0,0,22
249207,2,37,Zimbabwe,159,2,4.162162162,31,2,0,0,21
249207,2,38,Zimbabwe,164,2,4.184210526,36,5,0,0,21
249207,2,39,Zimbabwe,166,2,4.128205128,38,2,0,0,19
249207,2,40,Zimbabwe,167,2,4.05,39,1,0,0,12
249207,2,41,Zimbabwe,171,2,4.048780488,43,4,0,0,14
249207,2,42,Zimbabwe,181,2,4.19047619,53,10,0,0,22
249207,2,43,Zimbabwe,187,2,4.23255814,59,6,0,0,23
249207,2,44,Zimbabwe,192,2,4.25,64,5,0,0,26
249207,2,45,Zimbabwe,201,2,4.365671642,72,9,0,0,34
249379,2,1,Kenya,4,0,3.0,2,4,0,0,4
249379,2,2,Kenya,8,0,3.0,6,4,0,0,8
249379,2,3,Kenya,10,0,2.666666667,8,2,0,0,10
249379,2,4,Kenya,12,0,2.347826087,9,2,0,0,12
249379,2,5,Kenya,17,0,2.444444444,11,5,0,0,17
249379,2,6,Kenya,20,1,2.228571429,2,3,1,0,16
249379,2,7,Kenya,29,1,2.571428571,7,9,0,0,21
249379,2,8,Kenya,35,1,3.0,13,6,0,0,25
249379,2,9,Kenya,36,1,2.777777778,14,1,0,0,24
249379,2,10,Kenya,37,1,2.6,15,1,0,0,20
249379,2,11,Kenya,42,2,2.818181818,0,5,1,0,22
249379,2,12,Kenya,43,2,2.61971831,0,1,0,0,14
249379,2,13,Kenya,50,2,2.923076923,7,7,0,0,15
249379,2,14,Kenya,60,3,3.428571429,4,10,1,1,24
249379,2,15,Kenya,62,3,3.333333333,6,2,0,1,25
249379,2,16,Kenya,65,3,3.221052632,7,3,1,1,23
249379,2,17,Kenya,74,4,3.529411765,9,9,0,1,31
249379,2,18,Kenya,77,4,3.420560748,10,3,0,1,27
249379,2,19,Kenya,84,4,3.578947368,17,7,0,1,24
249379,2,20,Kenya,85,4,3.428571429,17,1,1,1,23
249379,2,21,Kenya,86,5,3.285714286,1,1,0,1,21
249379,2,22,Kenya,88,5,3.227272727,3,2,0,1,14
249379,2,23,Kenya,88,5,3.086956522,3,0,0,1,11
249379,2,24,Kenya,95,5,3.25,10,7,0,1,11
249379,2,25,Kenya,105,5,3.52,20,10,0,1,20
249379,2,26,Kenya,106,5,3.406451613,20,1,0,1,20
249379,2,27,Kenya,108,5,3.316770186,21,2,0,1,20
249379,2,28,Kenya,112,6,3.321428571,0,4,1,1,24
249379,2,29,Kenya,119,6,3.448275862,7,7,0,1,24
249379,2,30,Kenya,120,6,3.366666667,8,1,0,1,15
249379,2,31,Kenya,120,6,3.258064516,8,0,0,1,14
249379,2,32,Kenya,123,7,3.25,3,3,1,1,15
249379,2,33,Kenya,124,7,3.181818182,4,1,0,1,12
249379,2,34,Kenya,126,7,3.133004926,5,2,0,1,7
249379,2,35,Kenya,126,7,3.028571429,5,0,0,1,6
249379,2,36,Kenya,129,7,3.027777778,8,3,0,1,9
249379,2,37,Kenya,132,7,3.027027027,11,3,0,1,9
249379,2,38,Kenya,134,8,3.0,0,2,1,1,10
249379,2,39,Kenya,136,8,2.974358974,2,2,0,1,10
249379,2,40,Kenya,146,8,3.15,12,10,0,1,20
249379,2,41,Kenya,154,8,3.268292683,20,8,0,1,25
249379,2,42,Kenya,160,8,3.322709163,25,6,0,0,28
249379,2,43,Kenya,161,8,3.255813953,26,1,0,0,27
249379,2,44,Kenya,174,8,3.477272727,39,13,0,0,38
249379,2,45,Kenya,175,8,3.422222222,40,1,0,0,29
249379,2,46,Kenya,180,8,3.456521739,45,5,0,0,26
249379,2,47,Kenya,185,8,3.456521739,45,5,0,0,25
282688,1,1,India,0,0,0.0,0,0,0,0,0
282688,1,2,India,1,0,0.0,0,1,0,0,1
282688,1,3,India,6,0,1.411764706,4,5,0,0,6
282688,1,4,India,15,0,3.25,13,9,0,0,15
282688,1,5,India,26,0,3.931034483,19,15,0,0,30
282688,1,6,India,30,0,3.833333333,23,0,0,0,30
282688,1,7,India,34,0,3.857142857,27,4,0,0,33
282688,1,8,India,36,0,3.625,29,2,0,0,30
282688,1,9,India,45,0,4.188679245,37,9,0,0,30
282688,1,10,India,47,0,3.9,39,2,0,0,17
282688,1,11,India,48,0,3.636363636,40,1,0,0,18
282688,1,12,India,53,0,3.75,45,5,0,0,19
282688,1,13,India,55,0,3.615384615,47,2,0,0,19
282688,1,14,India,63,0,3.928571429,55,8,0,0,18
282688,1,15,India,68,0,3.97752809,59,5,0,0,21
282688,1,16,India,74,0,4.0625,65,6,0,0,26
282688,1,17,India,78,1,4.058823529,0,4,1,0,25
282688,1,18,India,80,2,3.944444444,2,2,1,0,25
282688,1,19,India,81,2,3.789473684,3,1,0,0,18
282688,1,20,India,88,2,3.95,10,7,0,0,20
282688,1,21,India,91,2,3.904761905,13,3,0,0,17
282688,1,22,India,93,2,3.818181818,15,2,0,0,15
282688,1,23,India,99,2,3.913043478,21,6,0,0,19
282688,1,24,India,99,2,3.75,21,0,0,0,18
282688,1,25,India,107,2,3.744966443,24,9,0,0,20
282688,1,26,India,115,2,3.884615385,32,7,0,0,24
282688,1,27,India,119,2,3.888888889,36,4,0,0,26
282688,1,28,India,124,2,3.928571429,41,5,0,0,25
282688,1,29,India,130,2,4.0,47,6,0,0,31
282688,1,30,India,135,2,4.033333333,52,5,0,0,27
282688,1,31,India,137,2,3.967741935,54,2,0,0,22
282688,1,32,India,143,2,4.03125,60,6,0,0,24
282688,1,33,India,149,2,4.090909091,66,6,0,0,25
282688,1,34,India,156,2,4.099009901,69,8,0,0,27
282688,1,35,India,160,2,4.057142857,73,3,0,0,25
282688,1,36,India,166,2,4.111111111,79,6,0,0,29
282688,1,37,India,170,2,4.108108108,83,4,0,0,27
282688,1,38,India,174,2,4.105263158,87,4,0,0,25
282688,1,39,India,186,3,4.307692308,1,12,1,0,29
282688,1,40,India,194,3,4.4,9,8,0,0,34
282688,1,41,India,200,4,4.43902439,0,6,1,0,34
282688,1,42,India,214,4,4.661354582,13,14,0,0,44
282688,1,43,India,219,4,4.651162791,18,5,0,0,45
282688,1,44,India,226,4,4.671755725,22,12,0,0,45
282688,1,45,India,236,5,4.755555556,0,5,1,0,42
282688,1,46,India,240,6,4.739130435,0,4,1,1,40
282688,1,47,India,250,7,4.85106383,0,10,1,1,36
293481,2,1,Sri Lanka,1,0,1.0,1,1,0,0,1
293481,2,2,Sri Lanka,5,0,2.5,5,4,0,0,5
293481,2,3,Sri Lanka,6,0,2.0,6,1,0,0,6
293481,2,4,Sri Lanka,8,0,2.0,8,2,0,0,8
293481,2,5,Sri Lanka,13,0,2.482758621,12,5,0,0,13
293481,2,6,Sri Lanka,17,0,2.571428571,15,4,0,0,16
293481,2,7,Sri Lanka,18,0,2.285714286,16,1,0,0,13
293481,2,8,Sri Lanka,24,0,2.75,22,6,0,0,18
293481,2,9,Sri Lanka,26,0,2.603773585,23,6,0,0,22
293481,2,10,Sri Lanka,32,0,2.9,29,2,0,0,19
293481,2,11,Sri Lanka,41,0,3.415384615,37,13,0,0,28
293481,2,12,Sri Lanka,46,1,3.464788732,0,1,2,0,28
293481,2,13,Sri Lanka,51,3,3.538461538,4,5,1,1,27
293481,2,14,Sri Lanka,52,4,3.357142857,0,1,1,1,22
293481,2,15,Sri Lanka,52,4,3.133333333,0,0,0,1,20
293481,2,16,Sri Lanka,56,5,3.1875,0,4,1,1,11
293481,2,17,Sri Lanka,57,5,3.058823529,1,1,0,1,11
293481,2,18,Sri Lanka,63,5,3.222222222,7,6,0,1,12
293481,2,19,Sri Lanka,63,5,3.052631579,7,0,0,1,11
293481,2,20,Sri Lanka,66,5,3.05,10,3,0,1,14
293481,2,21,Sri Lanka,69,5,3.047619048,13,3,0,1,13
293481,2,22,Sri Lanka,75,5,3.181818182,19,6,0,1,18
293481,2,23,Sri Lanka,77,6,3.130434783,1,2,1,1,14
293481,2,24,Sri Lanka,84,6,3.291666667,8,7,0,1,21
293481,2,25,Sri Lanka,86,6,3.24,10,2,0,1,20
293481,2,26,Sri Lanka,88,6,3.192307692,12,2,0,1,19
293481,2,27,Sri Lanka,90,6,3.148148148,14,2,0,1,15
293481,2,28,Sri Lanka,96,6,3.25,20,6,0,1,19
293481,2,29,Sri Lanka,110,6,3.620689655,34,14,0,1,26
293481,2,30,Sri Lanka,117,6,3.733333333,41,7,0,0,31
293481,2,31,Sri Lanka,119,7,3.677419355,1,2,1,0,31
293481,2,32,Sri Lanka,129,7,3.875,11,10,0,0,39
293481,2,33,Sri Lanka,130,7,3.787878788,12,1,0,0,34
293481,2,34,Sri Lanka,134,8,3.794117647,3,4,1,0,24
293481,2,35,Sri Lanka,140,8,3.857142857,9,6,0,0,23
293481,2,36,Sri Lanka,148,9,3.972222222,0,8,1,1,29
293481,2,37,Sri Lanka,148,9,3.864864865,0,0,0,1,19
293481,2,38,Sri Lanka,162,9,4.131578947,14,14,0,1,32
293481,2,39,Sri Lanka,163,9,4.042918455,14,1,0,1,29
293481,2,40,Sri Lanka,163,9,3.925,14,0,0,1,23
293481,2,41,Sri Lanka,164,10,3.901234568,0,1,1,1,16
293482,1,1,Sri Lanka,1,0,0.0,0,2,0,0,2
293482,1,2,Sri Lanka,7,0,2.5,5,5,0,0,7
293482,1,3,Sri Lanka,8,0,1.764705882,5,2,0,0,9
293482,1,4,Sri Lanka,9,1,1.5,0,0,1,0,9
293482,1,5,Sri Lanka,12,1,1.655172414,2,4,0,0,13
293482,1,6,Sri Lanka,13,2,1.5,0,0,1,0,11
293482,1,7,Sri Lanka,13,2,1.285714286,0,0,0,0,6
293482,1,8,Sri Lanka,17,3,1.625,4,4,1,1,8
293482,1,9,Sri Lanka,18,3,1.555555556,5,1,0,1,9
293482,1,10,Sri Lanka,22,3,1.728813559,8,4,0,1,9
293482,1,11,Sri Lanka,22,3,1.545454545,8,0,0,1,9
293482,1,12,Sri Lanka,24,3,1.583333333,10,2,0,1,11
293482,1,13,Sri Lanka,24,3,1.461538462,10,0,0,1,7
293482,1,14,Sri Lanka,26,3,1.5,12,2,0,1,8
293482,1,15,Sri Lanka,28,4,1.533333333,2,2,1,1,6
293482,1,16,Sri Lanka,30,4,1.5625,4,2,0,1,8
293482,1,17,Sri Lanka,32,4,1.544554455,5,2,0,1,8
293482,1,18,Sri Lanka,35,4,1.611111111,8,3,0,1,11
293482,1,19,Sri Lanka,39,4,1.736842105,12,4,0,1,13
293482,1,20,Sri Lanka,44,4,1.779661017,14,5,0,1,16
293482,1,21,Sri Lanka,47,4,1.80952381,17,3,0,1,17
293482,1,22,Sri Lanka,48,4,1.772727273,18,1,0,1,16
293482,1,23,Sri Lanka,53,4,1.913043478,23,5,0,1,18
293482,1,24,Sri Lanka,58,4,2.041666667,28,5,0,1,19
293482,1,25,Sri Lanka,65,4,2.24,35,7,0,1,21
293482,1,26,Sri Lanka,68,4,2.269230769,38,3,0,1,21
293482,1,27,Sri Lanka,70,4,2.259259259,40,2,0,1,22
293482,1,28,Sri Lanka,74,4,2.321428571,44,4,0,1,21
293482,1,29,Sri Lanka,80,4,2.448275862,50,6,0,1,22
293482,1,30,Sri Lanka,85,4,2.51396648,54,6,0,1,21
293482,1,31,Sri Lanka,87,5,2.483870968,0,1,1,1,19
293482,1,32,Sri Lanka,93,5,2.59375,6,6,0,1,23
293482,1,33,Sri Lanka,94,5,2.545454545,7,1,0,1,20
293482,1,34,Sri Lanka,96,5,2.529411765,9,2,0,1,16
293482,1,35,Sri Lanka,99,5,2.542857143,12,3,0,1,13
293482,1,36,Sri Lanka,105,5,2.638888889,18,6,0,1,18
293482,1,37,Sri Lanka,110,5,2.702702703,23,5,0,1,17
293482,1,38,Sri Lanka,112,6,2.669603524,1,3,1,1,19
293482,1,39,Sri Lanka,114,6,2.641025641,3,1,0,1,18
293482,1,40,Sri Lanka,118,7,2.675,1,4,1,1,19
293482,1,41,Sri Lanka,121,8,2.669387755,0,3,1,1,16
293482,1,42,Sri Lanka,125,8,2.69047619,4,4,0,1,15
293482,1,43,Sri Lanka,126,8,2.651162791,5,1,0,1,13
293482,1,44,Sri Lanka,127,8,2.613636364,6,1,0,1,13
293482,1,45,Sri Lanka,130,9,2.622222222,2,3,1,1,12
293482,1,46,Sri Lanka,135,9,2.661818182,6,5,0,1,14
293482,1,47,Sri Lanka,137,10,2.647686833,0,2,1,1,12
300426,1,1,New Zealand,0,0,0.0,0,0,0,0,0
300426,1,2,New Zealand,2,0,1.0,2,2,0,0,2
300426,1,3,New Zealand,10,0,3.333333333,10,8,0,0,10
300426,1,4,New Zealand,14,0,3.5,14,4,0,0,14
300426,1,5,New Zealand,15,0,3.0,15,1,0,0,15
300426,1,6,New Zealand,18,0,3.0,18,3,0,0,18
300426,1,7,New Zealand,22,0,3.142857143,22,4,0,0,20
300426,1,8,New Zealand,26,0,3.25,26,4,0,0,16
300426,1,9,New Zealand,27,1,3.0,0,1,1,0,13
300426,1,10,New Zealand,31,1,3.1,4,4,0,0,16
300426,1,11,New Zealand,35,1,3.181818182,8,4,0,0,17
300426,1,12,New Zealand,39,2,3.25,0,4,1,0,17
300426,1,13,New Zealand,50,2,3.818181818,10,12,0,0,25
300426,1,14,New Zealand,65,2,4.571428571,25,14,0,0,38
300426,1,15,New Zealand,65,2,4.266666667,25,0,0,0,34
300426,1,16,New Zealand,69,2,4.231578947,28,4,0,0,34
300426,1,17,New Zealand,72,2,4.117647059,31,3,0,0,33
300426,1,18,New Zealand,75,2,4.055555556,34,3,0,0,24
300426,1,19,New Zealand,82,2,4.210526316,41,7,0,0,17
300426,1,20,New Zealand,88,2,4.3,47,6,0,0,23
300426,1,21,New Zealand,95,2,4.428571429,54,7,0,0,26
300426,1,22,New Zealand,107,2,4.772727273,66,12,0,0,35
300426,1,23,New Zealand,112,2,4.782608696,71,5,0,0,37
300426,1,24,New Zealand,117,2,4.791666667,76,5,0,0,35
300426,1,25,New Zealand,125,2,4.92,84,8,0,0,37
300426,1,26,New Zealand,130,2,4.923076923,89,5,0,0,35
300426,1,27,New Zealand,136,2,4.956521739,94,6,1,0,29
300426,1,28,New Zealand,145,3,5.071428571,9,9,0,0,33
300426,1,29,New Zealand,150,4,5.068965517,0,5,1,0,33
300426,1,30,New Zealand,151,6,4.933333333,0,1,2,1,26
300426,1,31,New Zealand,153,6,4.832432432,1,2,0,1,23
300426,1,32,New Zealand,154,6,4.6875,2,1,0,1,18
300426,1,33,New Zealand,155,7,4.575757576,1,1,1,1,10
300426,1,34,New Zealand,157,7,4.5,3,2,0,1,7
300426,1,35,New Zealand,157,7,4.371428571,3,0,0,1,6
300426,1,36,New Zealand,160,7,4.297674419,4,3,0,1,7
300426,1,37,New Zealand,162,7,4.216216216,6,2,0,1,8
300426,1,38,New Zealand,163,7,4.131578947,7,1,0,1,8
300426,1,39,New Zealand,169,7,4.179487179,13,6,0,1,12
300426,1,40,New Zealand,170,7,4.1,14,1,0,1,13
300426,1,41,New Zealand,170,8,4.0,0,0,1,1,10
300426,1,42,New Zealand,173,8,3.976190476,3,3,0,1,11
300426,1,43,New Zealand,177,9,3.976744186,0,4,1,1,14
300426,1,44,New Zealand,183,9,4.022727273,6,6,0,1,14
300426,1,45,New Zealand,195,9,4.2,18,12,0,1,25
300426,1,46,New Zealand,199,9,4.195652174,22,4,0,1,29
300426,1,47,New Zealand,201,10,4.193548387,0,2,1,1,28
335352,1,1,India,5,0,5.0,5,5,0,0,5
335352,1,2,India,10,0,5.0,10,5,0,0,10
335352,1,3,India,10,0,3.333333333,10,0,0,0,10
335352,1,4,India,15,0,3.75,15,5,0,0,15
335352,1,5,India,19,1,3.8,0,4,1,0,19
335352,1,6,India,25,1,4.166666667,6,6,0,0,20
335352,1,7,India,26,1,3.714285714,7,1,0,0,16
335352,1,8,India,34,1,4.212765957,14,12,0,0,28
335352,1,9,India,49,1,5.320754717,28,11,0,0,34
335352,1,10,India,57,1,5.5,36,8,0,0,38
335352,1,11,India,60,1,5.238095238,36,7,0,0,39
335352,1,12,India,66,1,5.083333333,42,2,0,0,40
335352,1,13,India,68,2,4.846153846,2,2,1,0,30
335352,1,14,India,73,2,4.857142857,7,5,0,0,24
335352,1,15,India,82,2,5.133333333,16,9,0,0,25
335352,1,16,India,84,2,4.9375,18,2,0,0,20
335352,1,17,India,87,2,4.823529412,21,3,0,0,21
335352,1,18,India,91,2,4.777777778,25,4,0,0,23
335352,1,19,India,97,2,4.842105263,31,6,0,0,24
335352,1,20,India,102,3,4.85,0,5,1,0,20
335352,1,21,India,109,3,4.952380952,7,7,0,0,25
335352,1,22,India,116,3,5.045454545,14,7,0,0,29
335352,1,23,India,119,3,4.948905109,16,4,0,0,29
335352,1,24,India,121,4,4.791666667,1,1,1,0,24
335352,1,25,India,124,4,4.72,4,3,0,0,22
335352,1,26,India,126,4,4.615384615,6,2,0,0,17
335352,1,27,India,132,4,4.666666667,12,6,0,0,16
335352,1,28,India,135,4,4.607142857,15,3,0,0,15
335352,1,29,India,142,4,4.689655172,22,7,0,0,21
335352,1,30,India,150,4,4.8,30,8,0,0,26
335352,1,31,India,152,4,4.709677419,32,2,0,0,26
335352,1,32,India,159,4,4.78125,39,7,0,0,27
335352,1,33,India,161,4,4.696969697,41,2,0,0,26
335352,1,34,India,165,4,4.676470588,45,4,0,0,23
335352,1,35,India,169,4,4.657142857,49,4,0,0,19
335352,1,36,India,171,5,4.583333333,2,2,1,0,19
335352,1,37,India,173,5,4.513513514,4,2,0,0,14
335352,1,38,India,175,5,4.447368421,6,2,0,0,14
335352,1,39,India,179,5,4.435897436,10,4,0,0,14
335352,1,40,India,186,5,4.5,17,7,0,0,17
335352,1,41,India,189,5,4.463414634,20,3,0,0,18
335352,1,42,India,193,5,4.452380952,24,4,0,0,20
335352,1,43,India,206,5,4.651162791,37,13,0,0,31
335352,1,44,India,217,5,4.795454545,48,11,0,0,38
335352,1,45,India,236,5,5.111111111,67,19,0,0,50
335352,1,46,India,246,5,5.217391304,77,10,0,0,57
335352,1,47,India,250,5,5.1886121,80,8,0,0,61
335352,1,48,India,259,5,5.25,89,5,0,0,53
335352,1,49,India,273,5,5.42662116,102,15,0,0,57
335352,1,50,India,281,6,5.45819398,0,9,1,0,47
336201,2,1,Australia,4,0,4.0,4,4,0,0,4
336201,2,2,Australia,4,0,2.0,4,0,0,0,4
336201,2,3,Australia,12,0,4.0,12,8,0,0,12
336201,2,4,Australia,13,1,3.130434783,0,1,1,0,13
336201,2,5,Australia,19,1,3.6,6,6,0,0,19
336201,2,6,Australia,23,1,3.529411765,8,5,0,0,20
336201,2,7,Australia,26,1,3.219512195,10,3,0,0,23
336201,2,8,Australia,28,1,3.0,12,1,0,0,16
336201,2,9,Australia,28,2,2.666666667,0,0,1,0,15
336201,2,10,Australia,33,2,2.9,5,5,0,0,14
336201,2,11,Australia,35,3,2.818181818,2,2,1,1,11
336201,2,12,Australia,36,3,2.666666667,3,1,0,1,9
336201,2,13,Australia,38,3,2.615384615,5,2,0,1,10
336201,2,14,Australia,44,4,2.857142857,0,6,1,1,16
336201,2,15,Australia,46,4,2.8,2,2,0,1,13
336201,2,16,Australia,51,4,2.9375,7,5,0,1,16
336201,2,17,Australia,55,4,3.0,11,4,0,1,19
336201,2,18,Australia,56,4,2.859813084,11,1,0,1,18
336201,2,19,Australia,58,4,2.789473684,13,2,0,1,14
336201,2,20,Australia,58,5,2.65,0,0,1,1,12
336201,2,21,Australia,61,5,2.666666667,3,3,0,1,10
336201,2,22,Australia,63,5,2.636363636,5,2,0,1,8
336201,2,23,Australia,64,6,2.565217391,1,1,1,1,8
336201,2,24,Australia,67,6,2.583333333,4,3,0,1,9
336201,2,25,Australia,68,7,2.52,0,1,1,1,10
336201,2,26,Australia,72,8,2.576923077,0,4,1,1,11
336201,2,27,Australia,73,8,2.518518519,1,1,0,1,10
336201,2,28,Australia,74,10,2.493975904,0,1,2,1,10
336202,1,1,Australia,1,1,1.0,1,1,1,0,1
336202,1,2,Australia,6,1,3.0,6,5,0,0,6
336202,1,3,Australia,6,1,2.0,6,0,0,0,6
336202,1,4,Australia,9,1,2.25,9,3,0,0,9
336202,1,5,Australia,13,2,2.6,4,4,1,0,13
336202,1,6,Australia,15,3,2.4,0,2,1,1,14
336202,1,7,Australia,16,3,2.142857143,1,1,0,1,10
336202,1,8,Australia,17,3,2.0,2,1,0,1,11
336202,1,9,Australia,22,3,2.192307692,5,10,0,1,18
336202,1,10,Australia,29,3,2.542372881,11,2,0,1,16
336202,1,11,Australia,34,3,2.727272727,16,5,0,1,19
336202,1,12,Australia,38,3,2.833333333,20,4,0,1,22
336202,1,13,Australia,39,3,2.692307692,21,1,0,1,22
336202,1,14,Australia,39,3,2.5,21,0,0,1,12
336202,1,15,Australia,40,3,2.359550562,21,1,0,1,11
336202,1,16,Australia,46,3,2.5625,27,6,0,1,12
336202,1,17,Australia,53,4,2.823529412,0,7,1,1,15
336202,1,18,Australia,56,4,2.833333333,3,3,0,1,17
336202,1,19,Australia,57,5,2.707964602,0,2,1,1,19
336202,1,20,Australia,59,6,2.65,0,1,1,1,19
336202,1,21,Australia,62,6,2.612903226,1,5,0,1,18
336202,1,22,Australia,64,6,2.5,2,0,0,1,11
336202,1,23,Australia,69,6,2.608695652,7,5,0,1,13
336202,1,24,Australia,71,6,2.583333333,9,2,0,1,13
336202,1,25,Australia,79,6,2.8,17,8,0,1,20
336202,1,26,Australia,80,6,2.730769231,18,1,0,1,16
336202,1,27,Australia,85,7,2.814814815,0,5,1,1,21
336202,1,28,Australia,86,7,2.75,1,1,0,1,17
336202,1,29,Australia,90,7,2.793103448,5,4,0,1,19
336202,1,30,Australia,91,7,2.715083799,5,1,0,1,12
336202,1,31,Australia,104,7,3.032258065,18,13,0,1,24
336202,1,32,Australia,105,8,2.96875,1,1,1,1,20
336202,1,33,Australia,107,9,2.939393939,1,2,1,1,21
336202,1,34,Australia,109,9,2.911764706,3,2,0,1,19
336202,1,35,Australia,110,9,2.857142857,4,1,0,1,19
336202,1,36,Australia,117,9,2.972222222,11,7,0,1,13
336202,1,37,Australia,117,10,2.958525346,0,0,1,1,12
343760,1,1,Pakistan,5,0,5.0,5,5,0,0,5
343760,1,2,Pakistan,10,0,4.909090909,9,6,0,0,11
343760,1,3,Pakistan,16,0,4.941176471,14,5,0,0,16
343760,1,4,Pakistan,17,0,3.652173913,14,1,1,0,17
343760,1,5,Pakistan,27,1,3.931034483,5,10,0,0,27
343760,1,6,Pakistan,30,1,3.529411765,6,3,0,0,25
343760,1,7,Pakistan,30,1,2.857142857,6,0,0,0,19
343760,1,8,Pakistan,31,1,2.625,7,1,0,0,15
343760,1,9,Pakistan,38,2,3.111111111,7,7,1,0,21
343760,1,10,Pakistan,42,2,3.2,11,4,0,0,15
343760,1,11,Pakistan,55,2,4.090909091,24,13,0,0,25
343760,1,12,Pakistan,59,2,4.056338028,27,4,0,0,29
343760,1,13,Pakistan,59,2,3.692307692,27,0,0,0,28
343760,1,14,Pakistan,63,2,3.714285714,31,4,0,0,25
343760,1,15,Pakistan,68,2,3.8,36,5,0,0,26
343760,1,16,Pakistan,70,2,3.6875,38,2,0,0,15
343760,1,17,Pakistan,70,3,3.470588235,0,0,1,0,11
343760,1,18,Pakistan,74,3,3.5,4,4,0,0,15
343760,1,19,Pakistan,76,3,3.421052632,6,2,0,0,13
343760,1,20,Pakistan,79,3,3.4,9,3,0,0,11
343760,1,21,Pakistan,89,3,3.714285714,19,10,0,0,19
343760,1,22,Pakistan,92,4,3.681818182,3,3,1,0,22
343760,1,23,Pakistan,99,4,3.766423358,8,7,0,0,25
343760,1,24,Pakistan,104,5,3.776223776,0,6,1,1,29
343760,1,25,Pakistan,108,5,3.76,4,3,0,1,29
343760,1,26,Pakistan,116,5,3.923076923,12,8,0,1,27
343760,1,27,Pakistan,125,5,4.099378882,20,9,0,1,33
343760,1,28,Pakistan,126,5,3.964285714,21,1,0,0,27
343760,1,29,Pakistan,126,5,3.827586207,21,0,0,0,21
343760,1,30,Pakistan,127,5,3.733333333,22,1,0,0,19
343760,1,31,Pakistan,133,5,3.806451613,28,6,0,0,17
343760,1,32,Pakistan,137,5,3.8125,32,4,0,0,12
343760,1,33,Pakistan,141,5,3.818181818,36,4,0,0,15
343760,1,34,Pakistan,142,6,3.724137931,0,1,1,0,16
343760,1,35,Pakistan,148,6,3.645933014,1,6,0,0,21
343760,1,36,Pakistan,155,6,3.6,3,11,0,0,26
343760,1,37,Pakistan,162,6,3.675675676,10,3,0,0,25
343760,1,38,Pakistan,171,6,3.815789474,19,9,0,0,30
343760,1,39,Pakistan,176,6,3.846153846,24,5,0,0,34
343760,1,40,Pakistan,179,6,3.825,27,3,0,0,31
343760,1,41,Pakistan,182,6,3.795918367,29,3,0,0,23
343760,1,42,Pakistan,188,6,3.833333333,35,6,0,0,26
343760,1,43,Pakistan,191,6,3.813953488,38,3,0,0,20
343760,1,44,Pakistan,197,6,3.863636364,44,6,0,0,21
343760,1,45,Pakistan,200,6,3.844444444,47,3,0,0,21
343760,1,46,Pakistan,212,6,4.02173913,59,12,0,0,30
343760,1,47,Pakistan,217,7,4.035587189,0,9,1,0,33
343760,1,48,Pakistan,223,8,4.0625,0,2,1,0,32
343760,1,49,Pakistan,225,8,4.075862069,2,2,0,0,28
345468,2,1,Pakistan,3,0,3.0,3,3,0,0,3
345468,2,2,Pakistan,4,0,1.636363636,3,1,0,0,4
345468,2,3,Pakistan,4,0,1.0,3,0,0,0,4
345468,2,4,Pakistan,12,0,2.608695652,10,8,0,0,12
345468,2,5,Pakistan,22,0,3.931034483,19,10,0,0,22
345468,2,6,Pakistan,27,0,4.0,24,5,0,0,24
345468,2,7,Pakistan,32,0,4.097560976,28,5,0,0,28
345468,2,8,Pakistan,35,0,3.875,31,3,0,0,31
345468,2,9,Pakistan,35,1,3.444444444,0,0,1,0,23
345468,2,10,Pakistan,37,1,3.3,2,2,0,0,15
345468,2,11,Pakistan,42,1,3.454545455,7,5,0,0,15
345468,2,12,Pakistan,47,1,3.583333333,12,5,0,0,15
345468,2,13,Pakistan,49,2,3.350649351,0,2,1,0,14
345468,2,14,Pakistan,52,2,3.253012048,2,3,0,0,17
345468,2,15,Pakistan,55,2,3.2,5,3,0,0,18
345468,2,16,Pakistan,62,2,3.410526316,11,7,1,1,20
345468,2,17,Pakistan,63,3,3.235294118,1,1,0,1,16
345468,2,18,Pakistan,67,3,3.277777778,5,4,0,1,18
345468,2,19,Pakistan,67,4,3.105263158,0,0,1,1,15
345468,2,20,Pakistan,71,4,3.15,4,4,0,1,16
345468,2,21,Pakistan,73,4,3.072,5,4,0,1,13
345468,2,22,Pakistan,78,4,3.136363636,10,3,0,1,15
345468,2,23,Pakistan,79,4,3.043478261,11,1,0,1,12
345468,2,24,Pakistan,87,4,3.25,19,8,0,1,20
345468,2,25,Pakistan,91,4,3.28,23,4,0,1,20
345468,2,26,Pakistan,96,4,3.346153846,28,5,0,1,21
345468,2,27,Pakistan,100,5,3.37037037,2,4,1,1,22
345468,2,28,Pakistan,110,5,3.607142857,12,10,0,1,31
345468,2,29,Pakistan,114,5,3.606936416,15,4,0,1,27
345468,2,30,Pakistan,118,6,3.586592179,0,4,2,1,27
345468,2,31,Pakistan,121,8,3.548387097,0,3,1,1,25
345468,2,32,Pakistan,122,8,3.46875,1,1,0,1,22
345468,2,33,Pakistan,122,8,3.363636364,1,0,0,1,12
345468,2,34,Pakistan,127,8,3.411764706,6,5,0,1,13
345468,2,35,Pakistan,133,8,3.444976077,10,6,0,1,15
345468,2,36,Pakistan,142,8,3.572093023,18,10,0,1,22
345468,2,37,Pakistan,149,8,3.648648649,25,6,0,1,27
345468,2,38,Pakistan,156,8,3.736842105,32,7,0,1,34
345468,2,39,Pakistan,163,8,3.820512821,39,7,0,1,36
345468,2,40,Pakistan,163,8,3.725,39,0,0,1,30
378755,2,1,Sri Lanka,0,1,0.0,0,0,1,0,0
378755,2,2,Sri Lanka,0,1,0.0,0,0,0,0,0
378755,2,3,Sri Lanka,10,1,3.333333333,10,10,0,0,10
378755,2,4,Sri Lanka,12,3,3.0,1,2,2,1,12
378755,2,5,Sri Lanka,19,3,3.8,8,7,0,1,19
378755,2,6,Sri Lanka,29,3,4.833333333,18,10,0,1,29
378755,2,7,Sri Lanka,40,3,5.714285714,29,11,0,1,40
378755,2,8,Sri Lanka,45,3,5.625,34,5,0,1,35
378755,2,9,Sri Lanka,47,3,5.222222222,36,2,0,1,35
378755,2,10,Sri Lanka,59,3,5.9,48,12,0,1,40
378755,2,11,Sri Lanka,63,3,5.723076923,51,4,0,1,34
378755,2,12,Sri Lanka,68,3,5.583333333,56,5,0,0,28
378755,2,13,Sri Lanka,72,3,5.461538462,60,4,0,0,27
378755,2,14,Sri Lanka,77,3,5.421686747,64,5,0,0,30
378755,2,15,Sri Lanka,81,3,5.266666667,68,4,0,0,22
378755,2,16,Sri Lanka,84,3,5.125,71,3,0,0,21
378755,2,17,Sri Lanka,92,3,5.294117647,79,8,0,0,24
378755,2,18,Sri Lanka,100,3,5.444444444,87,8,0,0,28
378755,2,19,Sri Lanka,102,4,5.256637168,0,3,1,0,26
378755,2,20,Sri Lanka,112,4,5.45,10,9,0,0,31
378755,2,21,Sri Lanka,126,4,5.857142857,24,14,0,0,42
378755,2,22,Sri Lanka,127,5,5.636363636,1,1,1,0,35
378755,2,23,Sri Lanka,137,5,5.826086957,11,10,0,0,37
378755,2,24,Sri Lanka,151,5,6.20979021,25,14,0,0,48
401073,1,1,West Indies,2,1,1.2,1,4,1,0,4
401073,1,2,West Indies,11,1,4.2,7,8,0,0,12
401073,1,3,West Indies,15,1,3.666666667,11,3,0,0,15
401073,1,4,West Indies,23,1,4.75,19,8,0,0,23
401073,1,5,West Indies,24,1,3.931034483,19,1,0,0,24
401073,1,6,West Indies,29,1,4.0,24,5,0,0,25
401073,1,7,West Indies,38,1,4.714285714,33,9,0,0,26
401073,1,8,West Indies,40,1,4.375,35,2,0,0,25
401073,1,9,West Indies,43,1,4.222222222,38,3,0,0,20
401073,1,10,West Indies,50,1,4.5,45,7,0,0,26
401073,1,11,West Indies,54,1,4.454545455,49,4,0,0,25
401073,1,12,West Indies,55,1,4.166666667,50,1,0,0,17
401073,1,13,West Indies,63,1,4.461538462,58,8,0,0,23
401073,1,14,West Indies,66,1,4.357142857,61,3,0,0,23
401073,1,15,West Indies,68,1,4.179775281,62,4,0,0,20
401073,1,16,West Indies,74,1,4.25,68,4,0,0,20
401073,1,17,West Indies,74,2,4.0,0,0,1,0,19
401073,1,18,West Indies,75,2,3.833333333,1,1,0,0,12
401073,1,19,West Indies,77,2,3.736842105,3,2,0,0,11
401073,1,20,West Indies,85,2,3.95,11,8,0,0,15
401073,1,21,West Indies,86,2,3.80952381,12,1,0,0,12
401073,1,22,West Indies,94,2,4.0,20,8,0,0,20
401073,1,23,West Indies,97,2,3.956521739,23,3,0,0,22
401073,1,24,West Indies,101,3,3.958333333,4,4,1,0,24
401073,1,25,West Indies,105,3,3.96,8,4,0,0,20
401073,1,26,West Indies,110,3,4.0,13,5,0,0,24
401073,1,27,West Indies,113,3,3.962962963,16,3,0,0,19
401073,1,28,West Indies,117,3,3.964285714,20,4,0,0,20
401073,1,29,West Indies,122,3,4.0,25,5,0,0,21
401073,1,30,West Indies,125,3,3.966666667,28,3,0,0,20
401073,1,31,West Indies,128,4,3.935483871,0,3,1,0,18
401073,1,32,West Indies,131,4,3.90625,3,3,0,0,18
401073,1,33,West Indies,135,4,3.909090909,7,4,0,0,18
401073,1,34,West Indies,139,4,3.911764706,11,4,0,0,17
401073,1,35,West Indies,145,4,3.971428571,17,6,0,0,20
401073,1,36,West Indies,150,5,4.0,1,5,1,0,22
401073,1,37,West Indies,152,5,3.936651584,2,2,0,0,21
401073,1,38,West Indies,156,5,3.921052632,6,4,0,0,21
401073,1,39,West Indies,168,5,4.128205128,18,12,0,0,29
401073,1,40,West Indies,172,5,4.125,22,4,0,0,27
401073,1,41,West Indies,175,5,4.097560976,25,3,0,0,25
401073,1,42,West Indies,183,5,4.19047619,33,8,0,0,31
401073,1,43,West Indies,188,5,4.20233463,37,6,0,0,33
401073,1,44,West Indies,197,5,4.282442748,44,11,0,0,32
401073,1,45,West Indies,206,5,4.355555556,53,6,0,0,34
401073,1,46,West Indies,217,5,4.5,64,11,0,0,42
401073,1,47,West Indies,228,6,4.638297872,0,11,1,0,45
401073,1,48,West Indies,232,8,4.625,1,4,2,1,43
401073,1,49,West Indies,239,8,4.673469388,8,7,0,1,39
401073,1,50,West Indies,246,9,4.72,5,7,1,1,40
401074,2,1,West Indies,1,0,1.0,1,1,0,0,1
401074,2,2,West Indies,3,0,1.5,3,2,0,0,3
401074,2,3,West Indies,7,0,2.333333333,7,4,0,0,7
401074,2,4,West Indies,11,0,2.75,11,4,0,0,11
401074,2,5,West Indies,20,0,4.0,20,9,0,0,20
401074,2,6,West Indies,23,0,3.833333333,23,3,0,0,22
401074,2,7,West Indies,29,0,4.142857143,29,6,0,0,26
401074,2,8,West Indies,36,0,4.5,36,7,0,0,29
401074,2,9,West Indies,38,0,4.222222222,38,2,0,0,27
401074,2,10,West Indies,45,0,4.5,45,7,0,0,25
401074,2,11,West Indies,47,1,4.246153846,1,3,1,0,25
401074,2,12,West Indies,53,1,4.309859155,6,6,0,0,25
401074,2,13,West Indies,61,1,4.207792208,9,8,0,0,26
401074,2,14,West Indies,64,2,4.071428571,0,2,1,0,26
401074,2,15,West Indies,68,2,4.066666667,4,4,0,0,23
401074,2,16,West Indies,70,2,3.9375,6,2,0,0,22
401074,2,17,West Indies,78,2,4.176470588,14,8,0,0,24
401074,2,18,West Indies,80,2,4.055555556,16,2,0,0,18
401074,2,19,West Indies,85,2,4.105263158,21,5,0,0,21
401074,2,20,West Indies,89,2,4.1,25,4,0,0,21
401074,2,21,West Indies,92,2,4.047619048,28,3,0,0,22
401074,2,22,West Indies,101,2,4.272727273,37,9,0,0,23
401074,2,23,West Indies,105,2,4.260869565,41,4,0,0,25
401074,2,24,West Indies,110,2,4.291666667,46,5,0,0,25
401074,2,25,West Indies,113,2,4.24,49,3,0,0,24
401074,2,26,West Indies,116,3,4.192307692,0,3,1,0,24
401074,2,27,West Indies,122,3,4.259259259,6,6,0,0,21
401074,2,28,West Indies,130,3,4.392857143,14,8,0,0,25
401074,2,29,West Indies,139,3,4.534883721,21,10,0,0,30
401074,2,30,West Indies,154,3,4.833333333,36,14,0,0,41
401074,2,31,West Indies,162,3,4.935483871,44,8,0,0,46
401074,2,32,West Indies,165,3,4.875,47,3,0,0,43
401074,2,33,West Indies,175,3,5.03030303,57,10,0,0,45
401074,2,34,West Indies,181,3,5.058823529,63,6,0,0,41
401074,2,35,West Indies,184,3,5.0,66,3,0,0,30
401074,2,36,West Indies,189,3,5.0,71,5,0,0,27
401074,2,37,West Indies,191,4,4.918918919,1,2,1,0,26
401074,2,38,West Indies,196,4,4.921052632,6,5,0,0,21
401074,2,39,West Indies,199,4,4.871794872,9,3,0,0,18
401074,2,40,West Indies,204,4,4.875,14,5,0,0,20
401074,2,41,West Indies,211,4,4.92244898,20,8,0,0,23
401074,2,42,West Indies,219,4,4.972111554,27,7,0,0,28
401074,2,43,West Indies,237,4,5.112840467,38,19,0,0,42
401074,2,44,West Indies,242,5,5.087452471,3,5,1,0,44
401074,2,45,West Indies,249,5,5.104477612,8,8,0,0,47
401074,2,46,West Indies,261,6,5.211678832,8,10,2,1,49
401074,2,47,West Indies,267,7,5.191489362,6,6,0,1,48
401074,2,48,West Indies,271,7,5.166666667,10,4,0,1,33
401074,2,49,West Indies,276,7,5.163265306,15,5,0,1,33
401075,2,1,West Indies,14,0,14.0,14,14,0,0,14
401075,2,2,West Indies,20,0,10.0,20,6,0,0,20
401075,2,3,West Indies,33,0,11.0,33,13,0,0,33
401075,2,4,West Indies,33,0,8.25,33,0,0,0,33
401075,2,5,West Indies,34,0,6.8,34,1,0,0,34
401075,2,6,West Indies,43,0,7.166666667,43,9,0,0,29
401075,2,7,West Indies,50,0,7.142857143,50,7,0,0,30
401075,2,8,West Indies,54,0,6.75,54,4,0,0,21
401075,2,9,West Indies,54,1,6.0,0,0,1,0,21
401075,2,10,West Indies,56,1,5.593220339,1,2,0,0,22
401075,2,11,West Indies,61,1,5.454545455,6,5,0,0,18
401075,2,12,West Indies,67,1,5.5,12,6,0,0,17
401075,2,13,West Indies,71,1,5.384615385,16,4,0,0,17
401075,2,14,West Indies,79,1,5.56626506,23,8,0,0,25
401075,2,15,West Indies,83,1,5.4,27,4,0,0,27
401075,2,16,West Indies,88,2,5.368421053,4,5,1,0,27
401075,2,17,West Indies,91,2,5.176470588,7,3,0,0,24
401075,2,18,West Indies,94,2,5.055555556,10,3,0,0,23
401075,2,19,West Indies,96,2,4.894736842,12,2,0,0,17
401075,2,20,West Indies,98,3,4.75,2,2,1,0,15
401075,2,21,West Indies,108,3,5.0,12,10,0,0,20
401075,2,22,West Indies,122,3,5.409090909,26,14,0,0,31
401075,2,23,West Indies,128,3,5.434782609,32,6,0,0,34
401075,2,24,West Indies,128,4,5.208333333,0,0,1,0,32
401075,2,25,West Indies,128,4,5.0,0,0,0,0,30
401075,2,26,West Indies,131,4,4.923076923,3,3,0,0,23
401075,2,27,West Indies,132,4,4.777777778,4,1,0,0,10
401075,2,28,West Indies,134,5,4.670658683,0,2,1,1,6
401075,2,29,West Indies,138,5,4.620689655,4,4,0,1,10
401075,2,30,West Indies,139,5,4.5,5,1,0,1,11
401075,2,31,West Indies,144,5,4.516129032,10,5,0,1,13
401075,2,32,West Indies,146,5,4.4375,12,2,0,1,14
401075,2,33,West Indies,148,5,4.363636364,14,2,0,1,14
401075,2,34,West Indies,154,5,4.403940887,19,6,0,1,16
401075,2,35,West Indies,157,5,4.342857143,22,3,0,1,18
401075,2,36,West Indies,159,5,4.277777778,24,2,0,1,15
401075,2,37,West Indies,166,5,4.351351351,31,7,0,1,20
401075,2,38,West Indies,175,5,4.473684211,40,9,0,1,27
401075,2,39,West Indies,181,5,4.506437768,45,7,0,0,28
401075,2,40,West Indies,183,6,4.425,0,1,1,0,26
401075,2,41,West Indies,186,6,4.390243902,3,3,0,0,27
401075,2,42,West Indies,190,6,4.380952381,7,4,0,0,24
401075,2,43,West Indies,196,6,4.418604651,13,6,0,0,21
401075,2,44,West Indies,211,6,4.659090909,28,15,0,0,29
401075,2,45,West Indies,214,6,4.622222222,31,3,0,0,31
401075,2,46,West Indies,225,6,4.760869565,42,11,0,0,39
401075,2,47,West Indies,232,7,4.808510638,0,7,1,0,42
401075,2,48,West Indies,240,7,4.871080139,7,9,0,0,45
401075,2,49,West Indies,249,7,4.935153584,15,8,0,0,38
410337,2,1,Zimbabwe,8,0,8.0,8,8,0,0,8
410337,2,2,Zimbabwe,20,0,10.0,20,12,0,0,20
410337,2,3,Zimbabwe,22,0,7.333333333,22,2,0,0,22
410337,2,4,Zimbabwe,32,1,8.0,2,10,1,0,32
410337,2,5,Zimbabwe,37,1,7.4,7,5,0,0,37
410337,2,6,Zimbabwe,44,1,7.371428571,13,7,0,0,36
410337,2,7,Zimbabwe,45,1,6.292682927,13,1,0,0,25
410337,2,8,Zimbabwe,54,1,6.5,22,9,0,0,32
410337,2,9,Zimbabwe,55,1,5.888888889,23,1,0,0,23
410337,2,10,Zimbabwe,63,1,6.1,31,8,0,0,26
410337,2,11,Zimbabwe,65,1,5.727272727,33,2,0,0,21
410337,2,12,Zimbabwe,71,1,5.75,39,6,0,0,26
410337,2,13,Zimbabwe,72,1,5.376623377,39,1,0,0,18
410337,2,14,Zimbabwe,80,1,5.5,47,8,0,0,25
410337,2,15,Zimbabwe,99,1,6.4,66,19,0,0,36
410337,2,16,Zimbabwe,103,1,6.25,70,4,0,0,38
410337,2,17,Zimbabwe,106,1,6.058823529,73,3,0,0,35
410337,2,18,Zimbabwe,114,1,6.166666667,81,8,0,0,42
410337,2,19,Zimbabwe,118,1,6.052631579,85,4,0,0,38
410337,2,20,Zimbabwe,125,1,6.1,92,7,0,0,26
410337,2,21,Zimbabwe,129,1,6.0,96,4,0,0,26
410337,2,22,Zimbabwe,138,1,6.136363636,105,9,0,0,32
410337,2,23,Zimbabwe,144,1,6.130434783,111,6,0,0,30
410337,2,24,Zimbabwe,150,1,6.125,117,6,0,0,32
410337,2,25,Zimbabwe,163,1,6.24,126,13,0,0,38
410337,2,26,Zimbabwe,167,2,6.15483871,0,8,1,0,42
410337,2,27,Zimbabwe,175,2,6.186335404,7,5,0,0,38
410337,2,28,Zimbabwe,184,2,6.251497006,15,8,0,0,40
410337,2,29,Zimbabwe,186,2,6.068965517,17,2,0,0,36
410337,2,30,Zimbabwe,194,2,6.100558659,23,8,0,0,31
410337,2,31,Zimbabwe,198,2,6.0,27,4,0,0,27
410337,2,32,Zimbabwe,201,2,5.90625,30,3,0,0,25
410337,2,33,Zimbabwe,202,2,5.757575758,31,1,0,0,18
410337,2,34,Zimbabwe,206,2,5.705882353,35,4,0,0,20
410337,2,35,Zimbabwe,211,2,5.739130435,39,5,0,0,17
410339,2,1,Zimbabwe,4,1,4.0,4,4,1,0,4
410339,2,2,Zimbabwe,10,2,5.0,2,6,1,0,10
410339,2,3,Zimbabwe,12,2,4.0,4,2,0,0,12
410339,2,4,Zimbabwe,16,2,4.0,8,4,0,0,16
410339,2,5,Zimbabwe,22,3,4.4,6,6,1,1,22
410339,2,6,Zimbabwe,24,3,3.942857143,7,2,0,1,20
410339,2,7,Zimbabwe,30,3,4.142857143,13,6,0,1,20
410339,2,8,Zimbabwe,40,4,4.85106383,1,10,1,1,28
410339,2,9,Zimbabwe,45,4,4.777777778,6,5,0,1,29
410339,2,10,Zimbabwe,50,4,4.8,11,5,0,1,28
410339,2,11,Zimbabwe,53,4,4.636363636,14,3,0,1,29
410339,2,12,Zimbabwe,58,4,4.666666667,19,5,0,1,28
410339,2,13,Zimbabwe,67,4,4.987012987,27,10,0,1,28
410339,2,14,Zimbabwe,71,4,4.857142857,31,3,0,1,26
410339,2,15,Zimbabwe,81,4,5.191011236,40,11,0,0,32
410339,2,16,Zimbabwe,88,4,5.25,47,6,0,0,35
410339,2,17,Zimbabwe,90,4,5.058823529,49,2,0,0,32
410339,2,18,Zimbabwe,97,4,5.166666667,56,7,0,0,29
410339,2,19,Zimbabwe,101,4,5.105263158,60,4,0,0,30
410339,2,20,Zimbabwe,105,4,5.05,64,4,0,0,23
410339,2,21,Zimbabwe,108,5,4.952380952,1,3,1,0,20
410339,2,22,Zimbabwe,113,5,4.954545455,6,5,0,0,23
410339,2,23,Zimbabwe,117,5,4.913043478,10,4,0,0,20
410339,2,24,Zimbabwe,120,5,4.833333333,13,3,0,0,19
410339,2,25,Zimbabwe,124,5,4.8,17,4,0,0,19
410339,2,26,Zimbabwe,131,5,4.884615385,24,7,0,0,23
410339,2,27,Zimbabwe,136,6,4.888888889,5,5,1,0,23
410339,2,28,Zimbabwe,139,6,4.821428571,8,3,0,0,22
410339,2,29,Zimbabwe,151,6,5.063583815,19,14,0,0,33
410339,2,30,Zimbabwe,158,6,5.1,26,5,0,0,34
410339,2,31,Zimbabwe,168,6,5.254054054,35,11,0,0,38
410339,2,32,Zimbabwe,173,6,5.21875,40,4,0,0,37
410339,2,33,Zimbabwe,180,7,5.272727273,7,7,1,0,41
410339,2,34,Zimbabwe,183,7,5.205882353,10,3,0,0,30
410339,2,35,Zimbabwe,185,7,5.114285714,12,2,0,0,27
410339,2,36,Zimbabwe,192,7,5.166666667,19,7,0,0,23
410339,2,37,Zimbabwe,213,7,5.594594595,40,21,0,0,40
410339,2,38,Zimbabwe,218,7,5.577092511,44,5,0,0,38
410339,2,39,Zimbabwe,225,7,5.58974359,51,7,0,0,42
410339,2,40,Zimbabwe,227,7,5.5,53,2,0,0,42
410339,2,41,Zimbabwe,234,7,5.536585366,60,7,0,0,42
410339,2,42,Zimbabwe,243,8,5.619047619,5,9,1,0,30
410339,2,43,Zimbabwe,248,8,5.604651163,10,5,0,0,30
410339,2,44,Zimbabwe,252,9,5.568181818,4,4,1,0,27
410339,2,45,Zimbabwe,254,10,5.571428571,0,2,1,1,27
422630,2,1,Zimbabwe,2,0,1.2,1,2,0,0,2
422630,2,2,Zimbabwe,8,0,3.5,7,6,0,0,8
422630,2,3,Zimbabwe,8,1,2.333333333,0,0,1,0,8
422630,2,4,Zimbabwe,14,1,3.25,6,6,0,0,14
422630,2,5,Zimbabwe,22,1,4.2,14,8,0,0,22
422630,2,6,Zimbabwe,24,1,3.833333333,16,2,0,0,22
422630,2,7,Zimbabwe,30,1,4.142857143,22,6,0,0,22
422630,2,8,Zimbabwe,36,1,4.375,28,6,0,0,28
422630,2,9,Zimbabwe,39,1,4.222222222,31,3,0,0,25
422630,2,10,Zimbabwe,41,1,3.966101695,32,2,0,0,19
422630,2,11,Zimbabwe,42,2,3.636363636,0,1,1,0,18
422630,2,12,Zimbabwe,51,2,4.083333333,9,9,0,0,21
422630,2,13,Zimbabwe,56,2,4.12987013,13,5,0,0,20
422630,2,14,Zimbabwe,58,2,3.928571429,15,2,0,0,19
422630,2,15,Zimbabwe,65,2,4.133333333,22,7,0,0,24
422630,2,16,Zimbabwe,71,2,4.25,28,6,0,0,29
422630,2,17,Zimbabwe,75,2,4.235294118,32,4,0,0,24
422630,2,18,Zimbabwe,85,3,4.555555556,10,10,1,0,29
422630,2,19,Zimbabwe,89,3,4.526315789,14,4,0,0,31
422630,2,20,Zimbabwe,92,3,4.45,17,3,0,0,27
422630,2,21,Zimbabwe,98,3,4.523809524,23,6,0,0,27
422630,2,22,Zimbabwe,100,3,4.409090909,25,2,0,0,25
422630,2,23,Zimbabwe,103,4,4.347826087,1,3,1,0,18
422630,2,24,Zimbabwe,105,4,4.25,3,2,0,0,16
422630,2,25,Zimbabwe,108,5,4.2,3,3,1,1,16
422630,2,26,Zimbabwe,108,5,4.038461538,3,0,0,1,10
422630,2,27,Zimbabwe,114,5,4.099378882,8,8,0,1,16
422630,2,28,Zimbabwe,116,5,4.0,10,0,0,1,13
422630,2,29,Zimbabwe,122,5,4.068965517,16,6,0,1,17
422630,2,30,Zimbabwe,124,5,4.0,18,2,0,1,16
422630,2,31,Zimbabwe,126,5,3.935483871,20,2,0,1,18
422630,2,32,Zimbabwe,128,5,3.863874346,21,2,0,1,12
422630,2,33,Zimbabwe,134,5,3.909090909,27,6,0,1,18
422630,2,34,Zimbabwe,139,5,3.941176471,32,5,0,1,17
422630,2,35,Zimbabwe,141,5,3.885714286,34,2,0,1,17
422630,2,36,Zimbabwe,143,5,3.833333333,36,2,0,1,17
422630,2,37,Zimbabwe,146,5,3.810810811,39,3,0,1,18
422630,2,38,Zimbabwe,151,5,3.832599119,43,5,0,1,17
422630,2,39,Zimbabwe,155,5,3.820512821,47,4,0,1,16
422630,2,40,Zimbabwe,161,5,3.875,53,6,0,1,20
422630,2,41,Zimbabwe,173,5,4.073170732,65,12,0,1,30
422630,2,42,Zimbabwe,179,6,4.111553785,4,6,1,0,33
422630,2,43,Zimbabwe,179,8,4.0,0,0,2,1,28
422630,2,44,Zimbabwe,182,8,3.977272727,3,3,0,1,27
422630,2,45,Zimbabwe,187,9,3.992565056,0,5,1,1,26
422630,2,46,Zimbabwe,194,9,4.036363636,6,8,0,1,22
422630,2,47,Zimbabwe,198,9,4.021276596,10,3,0,1,19
422630,2,48,Zimbabwe,217,9,4.333333333,29,19,0,1,38
422630,2,49,Zimbabwe,222,9,4.346938776,34,5,0,1,40
426405,2,1,England,5,0,5.0,5,5,0,0,5
426405,2,2,England,14,0,7.0,14,9,0,0,14
426405,2,3,England,20,1,6.666666667,0,6,1,0,20
426405,2,4,England,24,1,6.0,4,4,0,0,24
426405,2,5,England,24,2,4.8,0,0,1,0,24
426405,2,6,England,31,2,5.166666667,7,7,0,0,26
426405,2,7,England,40,2,5.707317073,15,13,0,0,30
426405,2,8,England,49,2,6.0,24,5,0,0,29
426405,2,9,England,55,2,6.0,30,6,0,0,31
426405,2,10,England,59,2,5.8,34,4,0,0,35
426405,2,11,England,68,3,6.090909091,4,9,1,0,37
426405,2,12,England,70,3,5.75,6,2,0,0,26
426405,2,13,England,71,3,5.384615385,7,1,0,0,22
426405,2,14,England,72,3,5.071428571,8,1,0,0,17
426405,2,15,England,76,3,5.0,12,4,0,0,17
426405,2,16,England,77,4,4.75,0,1,1,0,9
426405,2,17,England,80,4,4.647058824,3,3,0,0,10
426405,2,18,England,82,4,4.5,5,2,0,0,11
426405,2,19,England,86,5,4.407079646,7,4,1,1,14
426405,2,20,England,94,5,4.55,15,8,0,1,18
426405,2,21,England,100,5,4.619047619,21,6,0,1,23
426405,2,22,England,107,6,4.717557252,4,11,1,1,31
426405,2,23,England,115,6,4.826086957,12,4,0,1,33
426405,2,24,England,115,6,4.625,12,0,0,1,29
426405,2,25,England,119,6,4.590604027,15,5,0,1,26
426405,2,26,England,124,7,4.576923077,0,4,1,1,24
426405,2,27,England,126,7,4.481481481,2,2,0,1,15
426405,2,28,England,128,7,4.392857143,4,2,0,1,13
426405,2,29,England,131,7,4.344827586,7,3,0,1,16
426405,2,30,England,132,7,4.233333333,8,1,0,1,12
426405,2,31,England,139,7,4.313513514,14,7,0,1,15
426405,2,32,England,141,7,4.209424084,15,3,0,1,16
426405,2,33,England,147,7,4.242424242,21,5,0,1,19
426405,2,34,England,147,7,4.117647059,21,0,0,1,16
426405,2,35,England,153,7,4.171428571,27,6,0,1,21
426405,2,36,England,155,7,4.102325581,28,2,0,1,16
426405,2,37,England,160,7,4.108108108,33,5,0,1,18
426405,2,38,England,169,7,4.236842105,42,9,0,1,22
426405,2,39,England,174,7,4.256410256,47,5,0,1,27
426405,2,40,England,179,7,4.275,52,5,0,0,26
426405,2,41,England,180,7,4.195121951,53,1,0,0,25
426405,2,42,England,186,8,4.238095238,6,6,1,0,26
426405,2,43,England,194,9,4.325581395,4,8,1,0,25
426405,2,44,England,201,9,4.386363636,11,7,0,0,27
426405,2,45,England,203,9,4.327137546,12,2,1,1,24
433558,2,1,India,8,0,8.0,8,8,0,0,8
433558,2,2,India,13,0,6.5,13,5,0,0,13
433558,2,3,India,21,0,7.0,21,8,0,0,21
433558,2,4,India,23,0,5.739130435,22,6,0,0,27
433558,2,5,India,45,0,8.068965517,39,24,0,0,51
433558,2,6,India,55,0,7.333333333,44,4,0,0,47
433558,2,7,India,56,1,6.428571429,0,1,1,0,43
433558,2,8,India,58,1,5.875,2,2,0,0,37
433558,2,9,India,64,1,5.888888889,8,6,0,0,37
433558,2,10,India,68,1,5.7,12,4,0,0,17
433558,2,11,India,77,1,6.0,21,9,0,0,22
433558,2,12,India,79,1,5.666666667,23,2,0,0,23
433558,2,13,India,84,1,5.615384615,28,5,0,0,26
433558,2,14,India,90,1,5.642857143,34,6,0,0,26
433558,2,15,India,93,1,5.466666667,37,3,0,0,25
433558,2,16,India,98,1,5.4375,42,5,0,0,21
433558,2,17,India,103,1,5.411764706,47,5,0,0,24
433558,2,18,India,106,1,5.277777778,50,3,0,0,22
433558,2,19,India,110,1,5.196428571,52,6,0,0,22
433558,2,20,India,118,1,5.25,60,6,0,0,25
433558,2,21,India,121,1,5.142857143,63,3,0,0,23
433558,2,22,India,123,1,5.0,65,2,0,0,20
433558,2,23,India,129,1,5.043478261,71,6,0,0,23
433558,2,24,India,130,2,4.875,1,1,1,0,18
433558,2,25,India,137,2,4.96,8,7,0,0,19
433558,2,26,India,145,2,5.076923077,16,8,0,0,24
433558,2,27,India,149,2,5.037037037,20,4,0,0,26
433558,2,28,India,155,2,5.071428571,26,6,0,0,26
433558,2,29,India,161,2,5.103448276,32,6,0,0,31
433558,2,30,India,169,2,5.2,40,8,0,0,32
433558,2,31,India,178,2,5.318918919,48,10,0,0,34
433558,2,32,India,188,2,5.4375,58,9,0,0,39
433558,2,33,India,190,3,5.333333333,2,2,1,0,35
433558,2,34,India,198,3,5.408866995,9,8,0,0,37
433558,2,35,India,205,3,5.428571429,16,7,0,0,36
433558,2,36,India,209,3,5.386046512,19,4,0,0,30
433558,2,37,India,213,3,5.324324324,23,4,0,0,25
433558,2,38,India,220,3,5.368421053,30,7,0,0,30
433558,2,39,India,228,3,5.435897436,38,8,0,0,30
433558,2,40,India,236,4,5.5,2,8,1,0,31
433558,2,41,India,239,4,5.43902439,5,3,0,0,30
433558,2,42,India,245,4,5.452380952,11,6,0,0,32
433558,2,43,India,252,5,5.488372093,4,7,1,0,32
433558,2,44,India,257,5,5.475285171,8,7,0,0,31
433558,2,45,India,264,6,5.488888889,3,5,1,1,28
433558,2,46,India,266,6,5.413043478,5,2,0,1,27
433558,2,47,India,275,7,5.489361702,0,9,1,1,30
433558,2,48,India,279,7,5.456445993,3,4,1,1,27
433558,2,49,India,280,9,5.346938776,0,1,1,1,21
433558,2,50,India,283,9,5.3,3,3,0,1,19
434260,1,1,India,6,0,6.0,6,6,0,0,6
434260,1,2,India,7,0,3.5,7,1,0,0,7
434260,1,3,India,9,0,2.823529412,8,8,0,0,15
434260,1,4,India,19,0,4.5,18,4,0,0,19
434260,1,5,India,28,0,5.4,27,9,0,0,28
434260,1,6,India,38,0,6.0,35,10,0,0,32
434260,1,7,India,47,0,6.285714286,44,9,0,0,40
434260,1,8,India,55,0,6.5,52,8,0,0,40
434260,1,9,India,65,0,6.888888889,62,10,0,0,46
434260,1,10,India,73,0,7.0,70,8,0,0,45
434260,1,11,India,79,0,6.84375,73,7,1,0,42
434260,1,12,India,85,1,6.583333333,5,5,0,0,38
434260,1,13,India,88,1,6.307692308,8,3,0,0,33
434260,1,14,India,91,1,6.071428571,11,3,0,0,26
434260,1,15,India,98,1,6.134831461,17,7,0,0,25
434260,1,16,India,101,1,5.810526316,18,7,0,0,25
434260,1,17,India,108,1,5.821782178,24,3,0,0,23
434260,1,18,India,113,1,5.722222222,29,5,0,0,25
434260,1,19,India,117,1,5.631578947,33,4,0,0,26
434260,1,20,India,122,1,5.6,38,5,0,0,24
434260,1,21,India,125,1,5.476190476,41,3,0,0,20
434260,1,22,India,130,1,5.454545455,46,5,0,0,22
434260,1,23,India,131,1,5.260869565,47,1,0,0,18
434260,1,24,India,134,1,5.166666667,50,3,0,0,17
434260,1,25,India,138,1,5.12,54,4,0,0,16
434260,1,26,India,143,1,5.115384615,59,5,0,0,18
434260,1,27,India,145,1,5.0,61,2,0,0,15
434260,1,28,India,148,2,4.928571429,0,3,1,0,17
434260,1,29,India,151,2,4.862068966,3,3,0,0,17
434260,1,30,India,159,3,4.966666667,3,8,1,0,21
434260,1,31,India,169,3,5.091891892,11,14,0,0,30
434260,1,32,India,178,3,5.057591623,15,6,0,0,34
434260,1,33,India,186,3,5.116751269,22,8,0,0,39
434260,1,34,India,188,3,4.995073892,23,1,0,0,37
434260,1,35,India,192,4,4.937799043,3,7,1,1,36
434260,1,36,India,199,4,4.944444444,9,4,0,1,26
434260,1,37,India,204,4,4.945945946,14,5,0,1,25
434260,1,38,India,206,5,4.868421053,0,2,1,1,19
434260,1,39,India,207,5,4.769230769,1,1,0,1,19
434260,1,40,India,208,5,4.675,2,1,0,1,13
434260,1,41,India,214,5,4.707317073,8,6,0,1,15
434260,1,42,India,224,5,4.833333333,18,10,0,1,20
434260,1,43,India,229,5,4.837209302,23,5,0,1,23
434260,1,44,India,237,5,4.909090909,31,8,0,0,30
434260,1,45,India,242,6,4.911111111,4,5,1,0,34
434260,1,46,India,254,6,5.065217391,16,12,0,0,40
434260,1,47,India,266,6,5.212765957,28,12,0,0,42
434260,1,48,India,272,6,5.205574913,32,7,0,0,44
434260,1,49,India,281,6,5.265306122,41,8,0,0,44
434260,1,50,India,296,6,5.46,56,15,0,0,54
434263,1,1,India,0,0,0.0,0,0,0,0,0
434263,1,2,India,9,0,4.363636364,8,10,0,0,10
434263,1,3,India,10,1,3.0,0,0,1,0,10
434263,1,4,India,15,2,3.5,0,5,1,0,15
434263,1,5,India,17,2,3.2,2,2,0,0,17
434263,1,6,India,18,2,2.833333333,3,1,0,0,18
434263,1,7,India,20,2,2.714285714,5,2,0,0,10
434263,1,8,India,29,2,3.446808511,13,9,0,0,19
434263,1,9,India,37,2,3.888888889,21,8,0,0,22
434263,1,10,India,44,2,4.2,28,7,0,0,27
434263,1,11,India,53,2,4.246153846,32,9,0,0,35
434263,1,12,India,55,2,4.0,34,2,0,0,35
434263,1,13,India,60,2,4.076923077,39,5,0,0,31
434263,1,14,India,60,3,3.785714286,0,0,1,0,23
434263,1,15,India,62,3,3.666666667,2,2,0,0,18
434263,1,16,India,64,3,3.536842105,3,2,0,0,11
434263,1,17,India,67,3,3.470588235,6,3,0,0,12
434263,1,18,India,67,4,3.277777778,0,0,1,0,7
434263,1,19,India,68,4,3.132743363,0,1,0,0,8
434263,1,20,India,75,4,3.3,7,7,0,0,13
434263,1,21,India,81,4,3.428571429,13,6,0,0,17
434263,1,22,India,87,4,3.545454545,19,6,0,0,20
434263,1,23,India,92,4,3.608695652,24,5,0,0,25
434263,1,24,India,95,5,3.583333333,0,3,1,1,27
434263,1,25,India,96,5,3.48,1,1,0,1,21
434263,1,26,India,98,5,3.406451613,2,2,0,1,17
434263,1,27,India,103,5,3.444444444,7,5,0,1,16
434263,1,28,India,106,5,3.428571429,10,3,0,1,14
434263,1,29,India,109,5,3.413793103,13,3,0,1,14
434263,1,30,India,118,5,3.6,22,9,0,1,22
434263,1,31,India,122,5,3.612903226,26,4,0,1,24
434263,1,32,India,124,5,3.5625,28,2,0,1,21
434263,1,33,India,125,5,3.484848485,29,1,0,1,19
434263,1,34,India,127,5,3.441176471,31,2,0,1,18
434263,1,35,India,127,5,3.342857143,31,0,0,1,9
434263,1,36,India,129,5,3.305555556,33,2,0,1,7
434263,1,37,India,134,5,3.351351351,38,5,0,1,10
434263,1,38,India,137,5,3.342105263,41,3,0,1,12
434263,1,39,India,147,5,3.512820513,51,10,0,1,20
434263,1,40,India,152,5,3.55,56,5,0,0,25
434263,1,41,India,161,5,3.682926829,65,9,0,0,32
434263,1,42,India,170,5,3.80952381,74,9,0,0,36
434263,1,43,India,182,5,4.0,86,12,0,0,45
434263,1,44,India,188,5,4.045454545,92,6,0,0,41
434263,1,45,India,200,5,4.222222222,104,12,0,0,48
434263,1,46,India,207,6,4.282608696,6,7,1,0,46
434263,1,47,India,220,6,4.462633452,18,16,0,0,53
434263,1,48,India,228,6,4.479166667,24,5,0,0,46
434263,1,49,India,233,6,4.489795918,29,5,0,0,45
434263,1,50,India,247,6,4.68,43,14,0,0,47
455232,1,1,India,9,0,9.0,9,9,0,0,9
455232,1,2,India,25,0,13.09090909,24,16,0,0,25
455232,1,3,India,35,1,11.33333333,0,10,1,0,35
455232,1,4,India,35,1,8.5,0,0,0,0,35
455232,1,5,India,36,1,7.034482759,0,1,0,0,36
455232,1,6,India,40,1,6.333333333,4,4,0,0,31
455232,1,7,India,44,1,6.0,8,4,0,0,19
455232,1,8,India,50,1,6.0,14,6,0,0,15
455232,1,9,India,54,1,5.773584906,17,6,0,0,21
455232,1,10,India,59,1,5.593220339,21,3,0,0,23
455232,1,11,India,60,1,5.090909091,22,1,0,0,20
455232,1,12,India,70,1,5.5,32,10,0,0,26
455232,1,13,India,77,1,5.615384615,39,7,0,0,27
455232,1,14,India,83,2,5.638554217,1,7,1,0,28
455232,1,15,India,87,2,5.466666667,5,3,0,0,28
455232,1,16,India,94,3,5.557894737,6,8,1,0,35
455232,1,17,India,100,4,5.287128713,0,5,1,1,30
455232,1,18,India,104,4,5.166666667,4,4,0,1,27
455232,1,19,India,106,4,5.0,6,2,0,1,22
455232,1,20,India,108,4,4.85,8,2,0,1,21
455232,1,21,India,110,4,4.714285714,10,2,0,1,15
455232,1,22,India,112,4,4.590909091,12,2,0,1,12
455232,1,23,India,120,4,4.729927007,19,8,0,1,16
455232,1,24,India,125,4,4.708333333,24,5,0,1,19
455232,1,25,India,129,4,4.68,28,4,0,1,21
455232,1,26,India,132,4,4.615384615,31,3,0,1,22
455232,1,27,India,135,4,4.555555556,34,3,0,1,23
455232,1,28,India,144,4,4.714285714,43,9,0,1,24
455232,1,29,India,154,4,4.751445087,48,10,0,1,29
455232,1,30,India,155,5,4.6,0,1,1,0,26
455232,1,31,India,158,5,4.540540541,2,4,0,0,27
455232,1,32,India,160,5,4.4375,4,1,0,0,25
455232,1,33,India,162,6,4.355329949,1,2,1,0,18
455232,1,34,India,167,7,4.352941176,0,5,1,1,13
455232,1,35,India,167,10,4.248803828,0,0,3,1,12
486522,2,1,Zimbabwe,2,0,2.0,2,2,0,0,2
486522,2,2,Zimbabwe,6,0,3.0,6,4,0,0,6
486522,2,3,Zimbabwe,14,0,4.5,12,8,0,0,14
486522,2,4,Zimbabwe,17,0,3.75,15,3,0,0,17
486522,2,5,Zimbabwe,26,0,4.8,24,9,0,0,26
486522,2,6,Zimbabwe,28,1,4.333333333,2,2,1,0,26
486522,2,7,Zimbabwe,31,1,4.142857143,5,3,0,0,25
486522,2,8,Zimbabwe,39,1,4.625,13,8,0,0,25
486522,2,9,Zimbabwe,41,1,4.333333333,15,2,0,0,24
486522,2,10,Zimbabwe,48,1,4.6,22,7,0,0,22
486522,2,11,Zimbabwe,58,1,5.090909091,32,10,0,0,30
486522,2,12,Zimbabwe,58,1,4.666666667,32,0,0,0,27
486522,2,13,Zimbabwe,66,1,4.923076923,40,8,0,0,27
486522,2,14,Zimbabwe,75,2,5.214285714,0,9,1,0,34
486522,2,15,Zimbabwe,77,2,5.0,2,2,0,0,29
486522,2,16,Zimbabwe,79,2,4.8125,4,2,0,0,21
486522,2,17,Zimbabwe,82,2,4.705882353,7,3,0,0,24
486522,2,18,Zimbabwe,85,2,4.611111111,10,3,0,0,19
486522,2,19,Zimbabwe,96,2,4.947368421,21,11,0,0,21
486522,2,20,Zimbabwe,98,2,4.8,23,2,0,0,21
486522,2,21,Zimbabwe,99,2,4.619047619,24,1,0,0,20
486522,2,22,Zimbabwe,105,2,4.681818182,30,6,0,0,23
486522,2,23,Zimbabwe,107,2,4.565217391,32,2,0,0,22
486522,2,24,Zimbabwe,115,2,4.708333333,40,8,0,0,19
486522,2,25,Zimbabwe,118,2,4.64,43,3,0,0,20
486522,2,26,Zimbabwe,121,2,4.576923077,46,3,0,0,22
486522,2,27,Zimbabwe,123,2,4.472049689,47,3,0,0,19
486522,2,28,Zimbabwe,128,2,4.464285714,52,4,0,0,21
486522,2,29,Zimbabwe,130,2,4.379310345,54,2,0,0,15
486522,2,30,Zimbabwe,136,2,4.433333333,60,6,0,0,18
486522,2,31,Zimbabwe,139,2,4.387096774,63,3,0,0,18
486522,2,32,Zimbabwe,141,2,4.3125,65,2,0,0,17
486522,2,33,Zimbabwe,144,2,4.272727273,68,3,0,0,16
486522,2,34,Zimbabwe,147,2,4.226600985,70,3,1,0,17
486522,2,35,Zimbabwe,152,3,4.228571429,5,5,0,0,16
486522,2,36,Zimbabwe,167,3,4.527777778,20,15,0,0,28
486522,2,37,Zimbabwe,174,3,4.594594595,27,7,0,0,33
486522,2,38,Zimbabwe,187,3,4.794759825,40,13,0,0,43
486522,2,39,Zimbabwe,190,4,4.74893617,3,3,1,0,43
486522,2,40,Zimbabwe,194,4,4.769874477,7,4,0,0,42
486526,2,1,Zimbabwe,5,1,5.0,2,5,1,0,5
486526,2,2,Zimbabwe,6,1,3.0,3,1,0,0,6
486526,2,3,Zimbabwe,7,1,2.333333333,4,1,0,0,7
486526,2,4,Zimbabwe,9,1,2.25,6,2,0,0,9
486526,2,5,Zimbabwe,16,1,2.275862069,8,7,0,0,16
486526,2,6,Zimbabwe,17,1,2.0,9,1,0,0,12
486526,2,7,Zimbabwe,23,1,2.571428571,15,6,0,0,17
486526,2,8,Zimbabwe,27,1,2.75,19,4,0,0,20
486526,2,9,Zimbabwe,37,1,3.555555556,29,10,0,0,28
486526,2,10,Zimbabwe,37,1,3.2,29,0,0,0,21
486526,2,11,Zimbabwe,39,1,3.090909091,31,2,0,0,22
486526,2,12,Zimbabwe,46,1,3.416666667,38,7,0,0,23
486526,2,13,Zimbabwe,47,1,3.230769231,39,1,0,0,20
486526,2,14,Zimbabwe,54,1,3.5,46,7,0,0,17
486526,2,15,Zimbabwe,57,1,3.466666667,49,3,0,0,20
486526,2,16,Zimbabwe,59,1,3.375,51,2,0,0,20
486526,2,17,Zimbabwe,61,1,3.267326733,52,3,0,0,16
486526,2,18,Zimbabwe,74,1,3.777777778,65,12,0,0,27
486526,2,19,Zimbabwe,75,1,3.631578947,66,1,0,0,21
486526,2,20,Zimbabwe,81,1,3.75,72,6,0,0,24
486526,2,21,Zimbabwe,88,1,3.904761905,79,7,0,0,29
486526,2,22,Zimbabwe,98,1,4.181818182,89,10,0,0,36
486526,2,23,Zimbabwe,103,1,4.217391304,94,5,0,0,29
486526,2,24,Zimbabwe,105,1,4.125,96,2,0,0,30
486526,2,25,Zimbabwe,113,1,4.268456376,103,8,0,0,32
486526,2,26,Zimbabwe,114,1,4.115384615,104,1,0,0,26
486526,2,27,Zimbabwe,116,1,4.037037037,106,2,0,0,18
486526,2,28,Zimbabwe,130,1,4.392857143,120,14,0,0,27
486526,2,29,Zimbabwe,139,2,4.551724138,0,9,1,0,34
486526,2,30,Zimbabwe,139,3,4.4,0,0,1,0,26
486526,2,31,Zimbabwe,141,3,4.322580645,2,2,0,0,27
486526,2,32,Zimbabwe,145,3,4.3125,6,4,0,0,29
486526,2,33,Zimbabwe,148,3,4.272727273,9,3,0,0,18
486526,2,34,Zimbabwe,156,3,4.344827586,15,9,0,0,18
486526,2,35,Zimbabwe,159,3,4.285714286,18,2,0,0,20
486526,2,36,Zimbabwe,169,3,4.325581395,23,12,0,0,30
486526,2,37,Zimbabwe,172,4,4.27027027,0,1,1,1,27
486526,2,38,Zimbabwe,176,4,4.263157895,4,4,0,1,28
486526,2,39,Zimbabwe,176,4,4.153846154,4,0,0,1,19
486526,2,40,Zimbabwe,179,4,4.125,7,3,0,1,20
486526,2,41,Zimbabwe,181,4,4.073170732,9,2,0,1,10
486526,2,42,Zimbabwe,185,4,4.071428571,13,4,0,1,13
486526,2,43,Zimbabwe,189,4,4.069767442,17,4,0,1,13
503363,2,1,Australia,5,0,5.0,5,5,0,0,5
503363,2,2,Australia,6,0,3.0,6,1,0,0,6
503363,2,3,Australia,8,0,2.470588235,7,2,1,0,8
503363,2,4,Australia,9,2,2.0,0,1,1,0,9
503363,2,5,Australia,15,2,2.8,6,6,0,0,15
503363,2,6,Australia,16,2,2.5,7,1,0,0,11
503363,2,7,Australia,22,2,3.0,13,6,0,0,16
503363,2,8,Australia,27,2,3.130434783,16,5,0,0,19
503363,2,9,Australia,28,2,2.777777778,17,1,0,0,19
503363,2,10,Australia,35,2,3.2,24,7,0,0,20
503363,2,11,Australia,41,2,3.046153846,25,6,0,0,25
503363,2,12,Australia,45,2,3.083333333,29,4,0,0,23
503363,2,13,Australia,49,3,3.153846154,0,4,1,0,22
503363,2,14,Australia,51,3,3.071428571,2,2,0,0,23
503363,2,15,Australia,55,3,3.133333333,6,4,0,0,20
503363,2,16,Australia,55,3,2.9375,6,0,0,0,14
503363,2,17,Australia,63,3,3.235294118,14,8,0,0,18
503363,2,18,Australia,66,3,3.222222222,17,3,0,0,17
503363,2,19,Australia,69,3,3.210526316,20,3,0,0,18
503363,2,20,Australia,73,3,3.25,24,4,0,0,18
503363,2,21,Australia,78,3,3.333333333,29,5,0,0,23
503363,2,22,Australia,82,3,3.363636364,33,4,0,0,19
503363,2,23,Australia,83,3,3.260869565,34,1,0,0,17
503363,2,24,Australia,86,3,3.25,37,3,0,0,17
503363,2,25,Australia,90,3,3.261744966,40,4,0,0,17
503363,2,26,Australia,95,3,3.307692308,45,5,0,0,17
503363,2,27,Australia,99,3,3.333333333,49,4,0,0,17
503363,2,28,Australia,106,3,3.464285714,56,7,0,0,23
503363,2,29,Australia,108,3,3.413793103,58,2,0,0,22
503363,2,30,Australia,116,4,3.566666667,0,8,1,0,26
503363,2,31,Australia,117,4,3.483870968,1,1,0,0,22
503363,2,32,Australia,120,4,3.46875,4,3,0,0,21
503363,2,33,Australia,123,4,3.454545455,7,3,0,0,17
503363,2,34,Australia,125,4,3.411764706,9,2,0,0,17
503363,2,35,Australia,127,4,3.371428571,11,2,0,0,11
503363,2,36,Australia,131,4,3.388888889,15,4,0,0,14
503363,2,37,Australia,135,4,3.405405405,19,4,0,0,15
503363,2,38,Australia,141,4,3.473684211,25,6,0,0,18
503363,2,39,Australia,145,4,3.487179487,29,4,0,0,20
503363,2,40,Australia,148,4,3.475,32,3,0,0,21
503363,2,41,Australia,149,4,3.414634146,33,1,0,0,18
503363,2,42,Australia,150,5,3.357142857,1,1,1,0,15
503363,2,43,Australia,154,5,3.361867704,4,5,0,0,14
503363,2,44,Australia,161,5,3.431818182,11,6,0,0,16
503363,2,45,Australia,165,5,3.434944238,14,4,0,0,17
503363,2,46,Australia,171,5,3.469090909,19,6,0,0,22
503363,2,47,Australia,176,5,3.489361702,24,5,0,0,26
503363,2,48,Australia,190,5,3.708333333,38,14,0,0,35
503363,2,49,Australia,198,5,3.795918367,46,8,0,0,37
503363,2,50,Australia,210,5,3.96,58,12,0,0,45
522246,1,1,Zimbabwe,1,0,1.0,1,1,0,0,1
522246,1,2,Zimbabwe,3,0,1.5,3,2,0,0,3
522246,1,3,Zimbabwe,3,0,1.0,3,0,0,0,3
522246,1,4,Zimbabwe,4,0,1.0,4,1,0,0,4
522246,1,5,Zimbabwe,6,0,1.2,6,2,0,0,6
522246,1,6,Zimbabwe,10,1,1.666666667,3,4,1,0,9
522246,1,7,Zimbabwe,10,1,1.428571429,3,0,0,0,7
522246,1,8,Zimbabwe,11,1,1.276595745,3,5,0,0,12
522246,1,9,Zimbabwe,18,1,1.888888889,10,3,0,0,14
522246,1,10,Zimbabwe,19,1,1.8,11,1,0,0,13
522246,1,11,Zimbabwe,24,1,2.090909091,16,5,0,0,14
522246,1,12,Zimbabwe,29,2,2.333333333,1,5,1,0,19
522246,1,13,Zimbabwe,31,2,2.307692308,3,2,0,0,16
522246,1,14,Zimbabwe,33,4,2.240963855,0,2,2,1,15
522246,1,15,Zimbabwe,39,4,2.426966292,5,6,0,1,20
522246,1,16,Zimbabwe,40,4,2.3125,6,1,0,1,16
522246,1,17,Zimbabwe,43,5,2.352941176,0,3,1,1,14
522246,1,18,Zimbabwe,44,5,2.277777778,1,1,0,1,13
522246,1,19,Zimbabwe,47,5,2.283185841,3,4,0,1,15
522246,1,20,Zimbabwe,50,5,2.3,6,2,0,1,11
522246,1,21,Zimbabwe,52,5,2.285714286,8,2,0,1,12
522246,1,22,Zimbabwe,60,5,2.545454545,16,8,0,1,17
522246,1,23,Zimbabwe,67,5,2.739130435,23,7,0,1,23
522246,1,24,Zimbabwe,72,5,2.833333333,28,5,0,1,24
522246,1,25,Zimbabwe,77,5,2.92,33,5,0,1,27
522246,1,26,Zimbabwe,85,5,3.115384615,41,8,0,1,33
522246,1,27,Zimbabwe,87,5,3.074074074,43,2,0,1,27
522246,1,28,Zimbabwe,93,5,3.178571429,49,6,0,1,26
522246,1,29,Zimbabwe,97,5,3.206896552,53,4,0,1,25
522246,1,30,Zimbabwe,101,5,3.233333333,57,4,0,1,24
522246,1,31,Zimbabwe,105,5,3.258064516,61,4,0,1,20
522246,1,32,Zimbabwe,111,5,3.34375,67,6,0,1,24
522246,1,33,Zimbabwe,113,5,3.303030303,69,2,0,1,20
522246,1,34,Zimbabwe,119,5,3.382352941,75,6,0,1,22
522246,1,35,Zimbabwe,126,5,3.485714286,82,7,0,1,25
522246,1,36,Zimbabwe,131,5,3.527777778,87,5,0,1,26
522246,1,37,Zimbabwe,136,5,3.567567568,92,5,0,0,25
522246,1,38,Zimbabwe,138,5,3.526315789,94,2,0,0,25
522246,1,39,Zimbabwe,145,5,3.615384615,101,7,0,0,26
522246,1,40,Zimbabwe,148,6,3.6,0,3,1,0,22
522246,1,41,Zimbabwe,152,6,3.609756098,4,4,0,0,21
522246,1,42,Zimbabwe,155,6,3.595238095,7,3,0,0,19
522246,1,43,Zimbabwe,160,6,3.627906977,12,5,0,0,22
522246,1,44,Zimbabwe,161,7,3.568181818,0,1,1,0,16
522246,1,45,Zimbabwe,163,8,3.533333333,1,2,1,1,15
522246,1,46,Zimbabwe,168,8,3.565217391,6,5,0,1,16
522246,1,47,Zimbabwe,176,8,3.659574468,14,8,0,1,21
522246,1,48,Zimbabwe,181,9,3.6875,1,5,1,1,21
522246,1,49,Zimbabwe,184,10,3.698630137,0,3,1,1,23
531983,2,1,West Indies,7,0,7.0,7,7,0,0,7
531983,2,2,West Indies,13,0,6.6,11,6,0,0,13
531983,2,3,West Indies,14,0,3.882352941,11,1,0,0,14
531983,2,4,West Indies,20,0,4.25,17,6,0,0,20
531983,2,5,West Indies,23,0,4.0,20,3,0,0,23
531983,2,6,West Indies,29,0,4.333333333,26,6,0,0,22
531983,2,7,West Indies,33,0,4.243902439,29,4,0,0,20
531983,2,8,West Indies,35,0,3.875,31,2,0,0,21
531983,2,9,West Indies,36,0,3.555555556,32,1,0,0,16
531983,2,10,West Indies,40,0,3.6,36,4,0,0,17
531983,2,11,West Indies,42,0,3.454545455,38,2,0,0,13
531983,2,12,West Indies,44,0,3.333333333,40,2,0,0,11
531983,2,13,West Indies,47,1,3.307692308,3,3,1,0,12
531983,2,14,West Indies,51,1,3.357142857,7,4,0,0,15
531983,2,15,West Indies,54,1,3.333333333,10,3,0,0,14
531983,2,16,West Indies,56,1,3.25,12,2,0,0,14
531983,2,17,West Indies,62,1,3.411764706,18,6,0,0,18
531983,2,18,West Indies,69,1,3.588785047,24,8,0,0,23
531983,2,19,West Indies,77,1,3.789473684,32,7,0,0,26
531983,2,20,West Indies,80,1,3.75,35,3,0,0,26
531983,2,21,West Indies,86,1,3.857142857,41,6,0,0,30
531983,2,22,West Indies,88,1,3.772727273,43,2,0,0,26
531983,2,23,West Indies,93,1,3.826086957,48,5,0,0,23
531983,2,24,West Indies,97,1,3.818181818,51,4,0,0,20
531983,2,25,West Indies,101,1,3.8,55,4,0,0,21
531983,2,26,West Indies,107,1,3.884615385,61,6,0,0,21
531983,2,27,West Indies,116,1,4.074074074,70,9,0,0,28
531983,2,28,West Indies,122,2,4.142857143,0,6,1,0,29
531983,2,29,West Indies,127,3,4.172413793,1,5,1,0,30
531983,2,30,West Indies,130,4,4.133333333,0,3,1,1,29
531983,2,31,West Indies,134,4,4.129032258,4,4,0,1,27
531983,2,32,West Indies,138,4,4.125,8,4,0,1,22
531983,2,33,West Indies,144,4,4.181818182,14,6,0,1,22
531983,2,34,West Indies,155,4,4.382352941,25,11,0,1,28
531983,2,35,West Indies,161,4,4.428571429,31,6,0,1,31
531983,2,36,West Indies,166,5,4.444444444,2,5,1,1,32
531983,2,37,West Indies,171,5,4.452488688,6,7,0,1,35
531983,2,38,West Indies,174,5,4.394736842,9,1,0,1,30
531983,2,39,West Indies,186,5,4.58974359,21,12,0,1,31
531983,2,40,West Indies,192,5,4.625,27,6,0,0,31
531983,2,41,West Indies,198,5,4.653061224,32,6,0,0,32
531983,2,42,West Indies,203,5,4.642857143,37,5,0,0,30
531983,2,43,West Indies,218,5,4.88372093,52,15,0,0,44
531983,2,44,West Indies,221,6,4.840909091,2,3,1,0,35
531983,2,45,West Indies,227,6,4.866666667,8,6,0,0,35
531983,2,46,West Indies,236,6,4.956521739,17,9,0,0,38
531983,2,47,West Indies,237,7,4.872340426,0,1,1,0,34
531983,2,48,West Indies,246,7,4.958333333,9,9,0,0,28
531983,2,49,West Indies,254,7,5.017064846,16,8,0,0,33
531983,2,50,West Indies,258,7,4.98,20,4,0,0,31
535799,2,1,Sri Lanka,8,0,8.0,8,8,0,0,8
535799,2,2,Sri Lanka,9,1,4.5,1,1,1,0,9
535799,2,3,Sri Lanka,11,1,3.375,1,2,0,0,11
535799,2,4,Sri Lanka,20,1,4.5,10,9,0,0,20
535799,2,5,Sri Lanka,25,1,4.6,15,5,0,0,25
535799,2,6,Sri Lanka,39,1,6.166666667,29,14,0,0,31
535799,2,7,Sri Lanka,40,2,5.428571429,1,1,1,0,31
535799,2,8,Sri Lanka,41,3,4.875,1,1,1,1,30
535799,2,9,Sri Lanka,50,3,5.333333333,10,9,0,1,30
535799,2,10,Sri Lanka,55,3,5.288135593,14,5,0,1,30
535799,2,11,Sri Lanka,70,3,6.090909091,29,15,0,1,31
535799,2,12,Sri Lanka,71,3,5.666666667,30,1,0,0,31
535799,2,13,Sri Lanka,72,3,5.307692308,31,1,0,0,31
535799,2,14,Sri Lanka,77,3,5.285714286,36,5,0,0,27
535799,2,15,Sri Lanka,81,3,5.2,40,4,0,0,26
535799,2,16,Sri Lanka,91,3,5.5,50,10,0,0,21
535799,2,17,Sri Lanka,102,3,5.823529412,61,11,0,0,31
535799,2,18,Sri Lanka,106,3,5.722222222,65,4,0,0,34
535799,2,19,Sri Lanka,116,3,5.947368421,75,10,0,0,39
535799,2,20,Sri Lanka,118,4,5.75,2,2,1,0,37
535799,2,21,Sri Lanka,121,4,5.619047619,5,3,0,0,30
535799,2,22,Sri Lanka,129,4,5.727272727,13,8,0,0,27
535799,2,23,Sri Lanka,131,4,5.565217391,15,2,0,0,25
535799,2,24,Sri Lanka,136,5,5.541666667,1,5,1,0,20
535799,2,25,Sri Lanka,138,5,5.395973154,2,5,0,0,23
535799,2,26,Sri Lanka,144,5,5.384615385,8,3,0,0,23
535799,2,27,Sri Lanka,149,5,5.37037037,13,5,0,0,20
535799,2,28,Sri Lanka,157,5,5.461077844,20,12,0,0,30
535799,2,29,Sri Lanka,166,5,5.551724138,29,5,0,0,30
535799,2,30,Sri Lanka,174,5,5.633333333,37,8,0,0,33
535799,2,31,Sri Lanka,178,5,5.578378378,40,4,0,0,34
535799,2,32,Sri Lanka,184,5,5.5625,46,6,0,0,35
535799,2,33,Sri Lanka,195,5,5.727272727,57,11,0,0,34
535799,2,34,Sri Lanka,197,5,5.617647059,59,2,0,0,31
535799,2,35,Sri Lanka,199,5,5.511961722,60,2,0,0,25
535799,2,36,Sri Lanka,205,5,5.5,66,6,0,0,27
535799,2,37,Sri Lanka,208,5,5.432432432,69,3,0,0,24
535799,2,38,Sri Lanka,212,5,5.515695067,73,4,0,0,17
587471,2,1,West Indies,4,0,4.0,4,4,0,0,4
587471,2,2,West Indies,9,0,4.5,9,5,0,0,9
587471,2,3,West Indies,10,0,3.176470588,9,1,0,0,10
587471,2,4,West Indies,12,0,2.75,11,2,0,0,12
587471,2,5,West Indies,21,0,3.931034483,19,9,0,0,21
587471,2,6,West Indies,29,0,4.5,27,8,0,0,25
587471,2,7,West Indies,31,0,4.097560976,28,2,0,0,22
587471,2,8,West Indies,37,0,4.25,34,6,0,0,27
587471,2,9,West Indies,45,0,4.666666667,42,8,0,0,33
587471,2,10,West Indies,49,0,4.6,46,4,0,0,28
587471,2,11,West Indies,54,0,4.636363636,51,5,0,0,25
587471,2,12,West Indies,60,0,4.75,57,6,0,0,29
587471,2,13,West Indies,77,0,5.692307692,74,17,0,0,40
587471,2,14,West Indies,82,0,5.642857143,79,5,0,0,37
587471,2,15,West Indies,88,0,5.666666667,85,6,0,0,39
587471,2,16,West Indies,93,1,5.625,5,5,1,0,39
587471,2,17,West Indies,94,1,5.352941176,6,1,0,0,34
587471,2,18,West Indies,98,1,5.277777778,10,4,0,0,21
587471,2,19,West Indies,100,1,5.105263158,12,2,0,0,18
587471,2,20,West Indies,106,1,5.15,18,6,0,0,18
587471,2,21,West Indies,108,1,5.0,20,2,0,0,15
587471,2,22,West Indies,108,1,4.772727273,20,0,0,0,14
587471,2,23,West Indies,113,2,4.782608696,1,5,1,0,15
587471,2,24,West Indies,122,2,4.783216783,5,10,0,0,23
587471,2,25,West Indies,127,2,4.76,10,4,0,0,21
587471,2,26,West Indies,130,2,4.683870968,12,3,0,0,22
587471,2,27,West Indies,134,2,4.62962963,16,4,0,0,26
587471,2,28,West Indies,143,2,4.785714286,25,9,0,0,30
587471,2,29,West Indies,149,2,4.827586207,31,6,0,0,26
587471,2,30,West Indies,150,2,4.7,32,1,0,0,23
587471,2,31,West Indies,153,2,4.64516129,35,3,0,0,23
587471,2,32,West Indies,161,3,4.75,4,8,1,0,27
587471,2,33,West Indies,170,3,4.878787879,13,9,0,0,27
587471,2,34,West Indies,172,3,4.78817734,14,2,0,0,23
587471,2,35,West Indies,175,3,4.714285714,17,3,0,0,25
587471,2,36,West Indies,176,3,4.611111111,18,1,0,0,23
587471,2,37,West Indies,179,3,4.567567568,21,3,0,0,18
587471,2,38,West Indies,183,3,4.552631579,25,4,0,0,13
587471,2,39,West Indies,193,3,4.692307692,35,10,0,0,21
587471,2,40,West Indies,196,3,4.65,38,3,0,0,21
587471,2,41,West Indies,201,3,4.73553719,43,5,0,0,25
587475,2,1,West Indies,4,0,4.0,4,4,0,0,4
587475,2,2,West Indies,4,0,2.0,4,0,0,0,4
587475,2,3,West Indies,9,2,3.0,0,5,2,0,9
587475,2,4,West Indies,13,2,3.25,4,4,0,0,13
587475,2,5,West Indies,22,2,4.4,13,9,0,0,22
587475,2,6,West Indies,24,2,4.0,15,2,0,0,20
587475,2,7,West Indies,27,2,3.857142857,18,3,0,0,23
587475,2,8,West Indies,30,2,3.75,21,3,0,0,21
587475,2,9,West Indies,39,3,4.269230769,7,13,1,1,30
587475,2,10,West Indies,51,3,4.448275862,13,16,0,1,37
587475,2,11,West Indies,67,3,5.363636364,29,8,0,1,43
587475,2,12,West Indies,72,3,5.333333333,34,5,0,1,45
587475,2,13,West Indies,77,3,5.307692308,39,5,0,0,47
587475,2,14,West Indies,80,3,5.142857143,42,3,0,0,37
587475,2,15,West Indies,84,3,5.045454545,44,5,0,0,26
587475,2,16,West Indies,89,3,4.9375,49,4,0,0,22
587475,2,17,West Indies,92,3,4.823529412,52,3,0,0,20
587475,2,18,West Indies,95,3,4.698113208,53,9,0,0,24
587475,2,19,West Indies,110,3,4.894736842,63,9,0,0,30
587475,2,20,West Indies,116,3,4.95,69,6,0,0,31
587475,2,21,West Indies,121,3,4.935483871,72,6,1,0,33
587475,2,22,West Indies,126,4,4.863636364,5,4,0,0,34
587475,2,23,West Indies,130,4,4.826086957,9,4,0,0,29
587475,2,24,West Indies,132,4,4.699300699,10,3,0,0,23
587475,2,25,West Indies,134,5,4.56,1,1,1,0,18
587475,2,26,West Indies,136,5,4.451612903,2,2,0,0,14
587475,2,27,West Indies,136,5,4.259259259,2,0,0,0,10
587475,2,28,West Indies,143,5,4.357142857,9,7,0,0,13
587475,2,29,West Indies,145,5,4.265895954,10,2,0,0,12
587475,2,30,West Indies,148,5,4.2,13,3,0,0,14
587475,2,31,West Indies,149,5,4.096774194,14,1,0,0,13
587475,2,32,West Indies,156,5,4.1875,21,7,0,0,20
587475,2,33,West Indies,163,5,4.272727273,28,7,0,0,20
587475,2,34,West Indies,167,5,4.264705882,32,4,0,0,22
587475,2,35,West Indies,168,5,4.171428571,33,1,0,0,20
587475,2,36,West Indies,173,5,4.186046512,37,9,0,0,28
587475,2,37,West Indies,178,5,4.189189189,42,1,0,0,22
587475,2,38,West Indies,186,5,4.289473684,50,8,0,0,23
587475,2,39,West Indies,191,6,4.307692308,5,5,1,0,24
587475,2,40,West Indies,201,6,4.45,15,10,0,0,33
587475,2,41,West Indies,207,6,4.487804878,21,6,0,0,30
587475,2,42,West Indies,210,6,4.452380952,24,3,0,0,32
587475,2,43,West Indies,215,8,4.459143969,0,5,2,1,29
587475,2,44,West Indies,221,8,4.477272727,6,6,0,1,30
623574,1,1,Zimbabwe,0,0,0.0,0,0,0,0,0
623574,1,2,Zimbabwe,5,0,2.5,5,5,0,0,5
623574,1,3,Zimbabwe,10,1,3.333333333,0,5,1,0,10
623574,1,4,Zimbabwe,13,1,3.25,3,3,0,0,13
623574,1,5,Zimbabwe,14,1,2.8,4,1,0,0,14
623574,1,6,Zimbabwe,16,1,2.666666667,6,2,0,0,16
623574,1,7,Zimbabwe,16,1,2.285714286,6,0,0,0,11
623574,1,8,Zimbabwe,20,2,2.5,4,4,1,0,10
623574,1,9,Zimbabwe,23,2,2.555555556,7,3,0,0,10
623574,1,10,Zimbabwe,29,2,2.9,13,6,0,0,15
623574,1,11,Zimbabwe,34,2,3.090909091,18,5,0,0,18
623574,1,12,Zimbabwe,43,2,3.583333333,27,9,0,0,27
623574,1,13,Zimbabwe,46,2,3.506493506,29,3,0,0,26
623574,1,14,Zimbabwe,50,2,3.5,33,4,0,0,27
623574,1,15,Zimbabwe,54,2,3.533333333,37,4,0,0,25
623574,1,16,Zimbabwe,60,2,3.6875,43,6,0,0,26
623574,1,17,Zimbabwe,67,3,3.882352941,7,7,1,0,24
623574,1,18,Zimbabwe,73,3,4.0,13,6,0,0,27
623574,1,19,Zimbabwe,82,3,4.263157895,22,9,0,0,32
623574,1,20,Zimbabwe,84,3,4.15,24,2,0,0,30
623574,1,21,Zimbabwe,87,3,4.095238095,27,3,0,0,27
623574,1,22,Zimbabwe,90,4,4.045454545,2,3,1,0,23
623574,1,23,Zimbabwe,95,4,4.072992701,6,5,0,0,22
623574,1,24,Zimbabwe,100,4,4.083333333,11,5,0,0,18
623574,1,25,Zimbabwe,105,4,4.12,16,5,0,0,21
623574,1,26,Zimbabwe,106,4,4.0,17,1,0,0,19
623574,1,27,Zimbabwe,109,4,3.962962963,20,3,0,0,19
623574,1,28,Zimbabwe,114,4,4.0,25,5,0,0,19
623574,1,29,Zimbabwe,117,4,3.965517241,28,3,0,0,17
623574,1,30,Zimbabwe,121,4,3.966666667,32,4,0,0,16
623574,1,31,Zimbabwe,124,5,3.935483871,0,3,1,0,18
623574,1,32,Zimbabwe,128,5,3.9375,4,4,0,0,19
623574,1,33,Zimbabwe,131,5,3.898477157,6,3,0,0,17
623574,1,34,Zimbabwe,134,5,3.852941176,9,3,0,0,17
623574,1,35,Zimbabwe,139,5,3.885714286,14,5,0,0,18
623574,1,36,Zimbabwe,142,5,3.861111111,17,3,0,0,18
623574,1,37,Zimbabwe,154,5,4.081081081,29,12,0,0,26
623574,1,38,Zimbabwe,159,5,4.105263158,34,5,0,0,28
623574,1,39,Zimbabwe,162,6,4.068669528,1,5,1,0,30
623574,1,40,Zimbabwe,169,6,4.125,8,5,0,0,30
623574,1,41,Zimbabwe,175,6,4.13877551,12,7,0,0,34
623574,1,42,Zimbabwe,178,6,4.095238095,15,2,0,0,24
623574,1,43,Zimbabwe,181,6,4.062256809,17,3,0,0,22
623574,1,44,Zimbabwe,185,7,4.038022814,0,4,1,0,21
623574,1,45,Zimbabwe,194,7,4.133333333,9,9,0,0,25
623574,1,46,Zimbabwe,211,7,4.413043478,26,17,0,0,35
623574,1,47,Zimbabwe,216,8,4.425531915,3,5,1,0,38
623574,1,48,Zimbabwe,223,8,4.479166667,10,7,0,0,42
623574,1,49,Zimbabwe,235,9,4.632653061,11,12,1,1,50
623574,1,50,Zimbabwe,252,9,4.88,28,17,0,1,58
690359,1,1,Sri Lanka,0,0,0.0,0,0,0,0,0
690359,1,2,Sri Lanka,2,0,0.545454545,1,2,0,0,2
690359,1,3,Sri Lanka,6,0,1.411764706,4,4,0,0,6
690359,1,4,Sri Lanka,15,0,3.25,13,9,0,0,15
690359,1,5,Sri Lanka,15,0,2.6,13,0,0,0,15
690359,1,6,Sri Lanka,17,1,2.5,0,2,1,0,17
690359,1,7,Sri Lanka,18,1,2.285714286,1,1,0,0,16
690359,1,8,Sri Lanka,23,1,2.625,6,5,0,0,17
690359,1,9,Sri Lanka,29,1,2.943396226,11,7,0,0,15
690359,1,10,Sri Lanka,42,1,3.9,24,12,0,0,27
690359,1,11,Sri Lanka,44,1,3.727272727,26,2,0,0,27
690359,1,12,Sri Lanka,47,1,3.666666667,29,3,0,0,29
690359,1,13,Sri Lanka,50,1,3.615384615,32,3,0,0,27
690359,1,14,Sri Lanka,54,1,3.642857143,36,4,0,0,24
690359,1,15,Sri Lanka,58,1,3.666666667,40,4,0,0,16
690359,1,16,Sri Lanka,61,1,3.625,43,3,0,0,17
690359,1,17,Sri Lanka,64,2,3.588235294,2,3,1,0,17
690359,1,18,Sri Lanka,73,2,3.888888889,11,9,0,0,23
690359,1,19,Sri Lanka,77,2,3.894736842,15,4,0,0,23
690359,1,20,Sri Lanka,83,2,4.0,21,6,0,0,25
690359,1,21,Sri Lanka,85,2,3.904761905,23,2,0,0,24
690359,1,22,Sri Lanka,94,2,4.136363636,32,9,0,0,30
690359,1,23,Sri Lanka,101,2,4.260869565,39,7,0,0,28
690359,1,24,Sri Lanka,109,3,4.416666667,1,8,1,0,32
690359,1,25,Sri Lanka,117,3,4.56,9,8,0,0,34
690359,1,26,Sri Lanka,124,3,4.64516129,15,8,0,0,40
690359,1,27,Sri Lanka,126,3,4.518518519,17,1,0,0,32
690359,1,28,Sri Lanka,129,3,4.464285714,20,3,0,0,28
690359,1,29,Sri Lanka,135,4,4.517241379,5,6,1,0,26
690359,1,30,Sri Lanka,143,4,4.633333333,13,8,0,0,26
690359,1,31,Sri Lanka,150,4,4.702702703,19,8,0,0,26
690359,1,32,Sri Lanka,156,4,4.71875,25,5,0,0,30
690359,1,33,Sri Lanka,156,4,4.575757576,25,0,0,0,27
690359,1,34,Sri Lanka,158,4,4.492610837,26,3,0,0,24
690359,1,35,Sri Lanka,161,4,4.428571429,29,2,0,0,18
690359,1,36,Sri Lanka,163,4,4.361111111,31,2,0,0,12
690359,1,37,Sri Lanka,166,4,4.324324324,34,3,0,0,10
690359,1,38,Sri Lanka,172,4,4.368421053,40,6,0,0,16
690359,1,39,Sri Lanka,179,4,4.435897436,47,7,0,0,20
690359,1,40,Sri Lanka,184,5,4.45,0,5,1,0,23
690359,1,41,Sri Lanka,190,5,4.487804878,6,6,0,0,27
690359,1,42,Sri Lanka,194,5,4.476190476,10,4,0,0,28
690359,1,43,Sri Lanka,196,5,4.412451362,11,2,0,0,24
690359,1,44,Sri Lanka,200,5,4.386363636,15,4,0,0,21
690359,1,45,Sri Lanka,201,7,4.311111111,0,1,2,1,17
690359,1,46,Sri Lanka,215,7,4.52173913,14,14,0,1,25
690359,1,47,Sri Lanka,221,7,4.553191489,20,6,0,1,27
690359,1,48,Sri Lanka,230,7,4.645833333,29,9,0,1,34
690359,1,49,Sri Lanka,232,8,4.591836735,0,2,1,1,32
690359,1,50,Sri Lanka,240,8,4.66,8,8,0,1,39
760793,1,1,Zimbabwe,5,0,5.0,5,5,0,0,5
760793,1,2,Zimbabwe,9,0,4.5,9,4,0,0,9
760793,1,3,Zimbabwe,13,0,4.333333333,13,4,0,0,13
760793,1,4,Zimbabwe,14,1,3.5,0,1,1,0,14
760793,1,5,Zimbabwe,18,1,3.6,4,4,0,0,18
760793,1,6,Zimbabwe,20,1,3.333333333,6,2,0,0,15
760793,1,7,Zimbabwe,20,1,2.857142857,6,0,0,0,11
760793,1,8,Zimbabwe,21,1,2.625,7,1,0,0,8
760793,1,9,Zimbabwe,24,1,2.666666667,10,3,0,0,10
760793,1,10,Zimbabwe,30,1,2.949152542,15,6,0,0,12
760793,1,11,Zimbabwe,31,2,2.727272727,0,1,1,0,11
760793,1,12,Zimbabwe,32,3,2.583333333,1,1,1,1,12
760793,1,13,Zimbabwe,37,4,2.769230769,5,5,1,1,16
760793,1,14,Zimbabwe,43,4,3.0,11,6,0,1,19
760793,1,15,Zimbabwe,45,4,2.863636364,11,2,0,1,15
760793,1,16,Zimbabwe,47,4,2.75,13,2,0,1,16
760793,1,17,Zimbabwe,55,4,3.058823529,21,8,0,1,23
760793,1,18,Zimbabwe,62,4,3.277777778,28,7,0,1,25
760793,1,19,Zimbabwe,63,4,3.157894737,29,1,0,1,20
760793,1,20,Zimbabwe,65,4,3.075630252,30,2,0,1,20
760793,1,21,Zimbabwe,70,4,3.142857143,35,5,0,1,23
760793,1,22,Zimbabwe,82,4,3.545454545,47,12,0,1,27
760793,1,23,Zimbabwe,87,4,3.608695652,52,5,0,0,25
760793,1,24,Zimbabwe,92,4,3.65034965,56,5,0,0,29
760793,1,25,Zimbabwe,96,4,3.64,60,4,0,0,31
760793,1,26,Zimbabwe,100,4,3.653846154,64,4,0,0,30
760793,1,27,Zimbabwe,106,4,3.740740741,70,6,0,0,24
760793,1,28,Zimbabwe,112,4,3.821428571,76,6,0,0,25
760793,1,29,Zimbabwe,113,4,3.724137931,77,1,0,0,21
760793,1,30,Zimbabwe,118,4,3.766666667,82,5,0,0,22
760793,1,31,Zimbabwe,121,4,3.741935484,85,3,0,0,21
760793,1,32,Zimbabwe,130,4,3.90625,94,9,0,0,24
760793,1,33,Zimbabwe,139,4,4.050761421,102,10,0,0,28
760793,1,34,Zimbabwe,151,4,4.264705882,114,11,0,0,38
760793,1,35,Zimbabwe,156,4,4.285714286,119,5,0,0,38
760793,1,36,Zimbabwe,158,4,4.213953488,120,2,0,0,37
760793,1,37,Zimbabwe,163,4,4.208144796,124,6,0,0,34
760793,1,38,Zimbabwe,166,5,4.157894737,0,2,1,0,26
760793,1,39,Zimbabwe,169,5,4.120171674,2,4,0,0,19
760793,1,40,Zimbabwe,177,6,4.2,2,7,1,0,21
760793,1,41,Zimbabwe,179,7,4.146341463,2,2,1,1,21
760793,1,42,Zimbabwe,185,7,4.19047619,8,6,0,1,21
760793,1,43,Zimbabwe,192,7,4.255813953,15,7,0,1,26
760793,1,44,Zimbabwe,197,7,4.272727273,20,5,0,1,27
760793,1,45,Zimbabwe,211,7,4.483271375,33,18,0,1,38
760793,1,46,Zimbabwe,217,7,4.456521739,37,2,0,0,38
760793,1,47,Zimbabwe,227,7,4.569395018,46,14,0,0,46
760793,1,48,Zimbabwe,237,7,4.641114983,54,10,0,0,49
760793,1,49,Zimbabwe,248,8,4.755102041,6,7,1,0,51
760793,1,50,Zimbabwe,256,8,4.82,14,8,0,0,41
817207,1,1,South Africa,2,0,0.0,0,2,0,0,2
817207,1,2,South Africa,8,0,2.727272727,5,6,0,0,8
817207,1,3,South Africa,17,0,4.588235294,13,9,0,0,17
817207,1,4,South Africa,17,3,3.25,0,0,3,1,17
817207,1,5,South Africa,24,3,4.0,7,7,0,1,24
817207,1,6,South Africa,29,3,4.166666667,12,5,0,1,27
817207,1,7,South Africa,40,3,5.142857143,23,11,0,1,32
817207,1,8,South Africa,42,4,4.75,2,2,1,1,25
817207,1,9,South Africa,47,4,4.777777778,7,5,0,1,30
817207,1,10,South Africa,52,4,4.8,12,5,0,1,28
817207,1,11,South Africa,58,4,4.892307692,17,7,0,1,30
817207,1,12,South Africa,60,4,4.583333333,19,1,0,1,20
817207,1,13,South Africa,65,4,4.615384615,24,5,0,1,23
817207,1,14,South Africa,68,4,4.5,27,3,0,1,21
817207,1,15,South Africa,71,4,4.4,30,3,0,1,19
817207,1,16,South Africa,76,4,4.4375,35,5,0,1,17
817207,1,17,South Africa,79,4,4.352941176,38,3,0,1,19
817207,1,18,South Africa,86,4,4.5,45,7,0,1,21
817207,1,19,South Africa,89,4,4.421052632,48,3,0,1,21
817207,1,20,South Africa,94,5,4.45,1,5,1,1,23
817207,1,21,South Africa,96,5,4.333333333,3,2,0,1,20
817207,1,22,South Africa,99,5,4.272727273,6,3,0,1,20
817207,1,23,South Africa,104,6,4.304347826,0,5,1,1,18
817207,1,24,South Africa,109,6,4.321678322,4,9,0,1,24
817207,1,25,South Africa,120,6,4.55033557,14,7,0,1,26
817207,1,26,South Africa,124,7,4.5,4,4,1,1,28
817207,1,27,South Africa,124,7,4.333333333,4,0,0,1,25
817207,1,28,South Africa,132,7,4.45508982,11,9,0,1,29
817207,1,29,South Africa,133,8,4.275862069,0,0,1,1,20
817207,1,30,South Africa,139,8,4.333333333,6,6,0,1,19
817207,1,31,South Africa,140,9,4.216216216,0,2,1,1,17
817207,1,32,South Africa,149,9,4.3125,8,8,0,1,25
817207,1,33,South Africa,149,9,4.181818182,8,0,0,1,16
817207,1,34,South Africa,150,9,4.088235294,9,1,0,1,17
817207,1,35,South Africa,157,9,4.171428571,16,7,0,1,18
817207,1,36,South Africa,160,9,4.138888889,19,3,0,1,19
817207,1,37,South Africa,160,10,4.082191781,0,0,1,1,11
817209,2,1,South Africa,5,0,5.0,5,5,0,0,5
817209,2,2,South Africa,8,1,3.818181818,2,9,1,0,14
817209,2,3,South Africa,20,1,6.333333333,14,6,0,0,20
817209,2,4,South Africa,28,2,6.75,4,8,1,0,28
817209,2,5,South Africa,33,2,6.4,9,5,0,0,33
817209,2,6,South Africa,35,2,5.485714286,9,3,0,0,31
817209,2,7,South Africa,38,2,5.0,12,2,0,0,24
817209,2,8,South Africa,43,2,4.978723404,16,6,0,0,24
817209,2,9,South Africa,52,2,5.333333333,25,8,0,0,24
817209,2,10,South Africa,55,2,5.052631579,25,5,0,0,24
817209,2,11,South Africa,62,2,5.0,32,5,0,0,26
817209,2,12,South Africa,66,2,4.916666667,36,4,0,0,28
817209,2,13,South Africa,78,2,5.142857143,43,16,0,0,38
817209,2,14,South Africa,86,2,5.285714286,51,4,0,0,34
817209,2,15,South Africa,95,2,5.533333333,60,9,0,0,38
817209,2,16,South Africa,95,2,5.1875,60,0,0,0,33
817209,2,17,South Africa,106,2,5.529411765,71,11,0,0,40
817209,2,18,South Africa,111,2,5.5,76,5,0,0,29
817209,2,19,South Africa,118,2,5.578947368,83,7,0,0,32
817209,2,20,South Africa,119,2,5.35,84,1,0,0,24
817209,2,21,South Africa,123,2,5.285714286,88,4,0,0,28
817209,2,22,South Africa,125,2,5.136363636,90,2,0,0,19
817209,2,23,South Africa,134,2,5.304347826,99,9,0,0,23
817209,2,24,South Africa,140,2,5.333333333,105,6,0,0,22
817209,2,25,South Africa,145,2,5.32,110,5,0,0,26
817209,2,26,South Africa,155,2,5.5,120,10,0,0,32
817209,2,27,South Africa,159,3,5.444444444,0,4,1,0,34
817209,2,28,South Africa,167,3,5.602409639,8,8,0,0,33
858485,1,1,Pakistan,2,0,2.0,2,2,0,0,2
858485,1,2,Pakistan,10,0,5.0,10,8,0,0,10
858485,1,3,Pakistan,14,0,4.666666667,14,4,0,0,14
858485,1,4,Pakistan,20,0,5.0,20,6,0,0,20
858485,1,5,Pakistan,22,0,4.344827586,21,2,0,0,22
858485,1,6,Pakistan,31,0,5.0,30,9,0,0,29
858485,1,7,Pakistan,37,0,5.142857143,36,6,0,0,27
858485,1,8,Pakistan,41,0,5.0,40,4,0,0,27
858485,1,9,Pakistan,43,0,4.666666667,42,2,0,0,23
858485,1,10,Pakistan,44,0,4.3,43,1,0,0,22
858485,1,11,Pakistan,46,0,4.090909091,45,2,0,0,15
858485,1,12,Pakistan,47,0,3.833333333,46,1,0,0,10
858485,1,13,Pakistan,48,0,3.615384615,47,1,0,0,7
858485,1,14,Pakistan,50,1,3.469879518,1,3,1,0,8
858485,1,15,Pakistan,53,1,3.4,4,2,0,0,9
858485,1,16,Pakistan,54,1,3.25,5,1,0,0,8
858485,1,17,Pakistan,56,1,3.176470588,7,2,0,0,9
858485,1,18,Pakistan,59,1,3.166666667,10,3,0,0,11
858485,1,19,Pakistan,66,1,3.368421053,17,7,0,0,15
858485,1,20,Pakistan,67,2,3.25,0,1,1,0,14
858485,1,21,Pakistan,74,2,3.428571429,7,7,0,0,20
858485,1,22,Pakistan,80,2,3.545454545,13,6,0,0,24
858485,1,23,Pakistan,85,2,3.608695652,18,5,0,0,26
858485,1,24,Pakistan,92,2,3.75,25,7,0,0,26
858485,1,25,Pakistan,104,2,4.067114094,36,12,0,0,37
858485,1,26,Pakistan,111,2,4.153846154,43,7,0,0,37
858485,1,27,Pakistan,116,2,4.185185185,48,5,0,0,36
858485,1,28,Pakistan,133,2,4.642857143,65,17,0,0,48
858485,1,29,Pakistan,137,2,4.620689655,69,4,0,0,45
858485,1,30,Pakistan,140,2,4.566666667,72,3,0,0,36
858485,1,31,Pakistan,148,2,4.677419355,80,8,0,0,37
858485,1,32,Pakistan,158,2,4.84375,90,10,0,0,42
858485,1,33,Pakistan,162,2,4.818181818,94,4,0,0,29
858485,1,34,Pakistan,167,2,4.823529412,99,5,0,0,30
858485,1,35,Pakistan,181,2,5.085714286,113,14,0,0,41
858485,1,36,Pakistan,192,2,5.25,124,11,0,0,44
858485,1,37,Pakistan,210,2,5.594594595,142,18,0,0,52
858485,1,38,Pakistan,221,2,5.709251101,151,11,0,0,59
858485,1,39,Pakistan,228,2,5.717948718,158,7,0,0,61
858485,1,40,Pakistan,236,2,5.775,166,8,0,0,55
858485,1,41,Pakistan,241,2,5.756097561,171,5,0,0,49
858485,1,42,Pakistan,246,3,5.737051793,1,5,1,0,36
858485,1,43,Pakistan,262,3,5.953488372,17,16,0,0,41
858485,1,44,Pakistan,273,3,6.068181818,28,11,0,0,45
858485,1,45,Pakistan,283,3,6.155555556,38,10,0,0,47
858485,1,46,Pakistan,287,3,6.108695652,42,4,0,0,46
858485,1,47,Pakistan,294,3,6.127659574,49,7,0,0,48
858485,1,48,Pakistan,307,4,6.270833333,12,13,1,0,45
858485,1,49,Pakistan,316,4,6.327645051,20,10,0,0,44
858485,1,50,Pakistan,328,5,6.401337793,3,12,2,1,46
858489,2,1,Pakistan,6,0,6.0,6,6,0,0,6
858489,2,2,Pakistan,12,0,6.0,10,6,0,0,12
858489,2,3,Pakistan,14,0,4.0,12,2,0,0,14
858489,2,4,Pakistan,23,0,5.25,21,9,0,0,23
858489,2,5,Pakistan,23,0,4.2,21,0,0,0,23
858489,2,6,Pakistan,27,0,4.166666667,25,4,0,0,21
858489,2,7,Pakistan,28,0,3.714285714,26,1,0,0,16
858489,2,8,Pakistan,32,0,3.70212766,29,4,0,0,18
858489,2,9,Pakistan,42,0,4.333333333,39,10,0,0,19
858489,2,10,Pakistan,48,0,4.5,45,6,0,0,25
858489,2,11,Pakistan,54,0,4.636363636,51,6,0,0,27
858489,2,12,Pakistan,61,0,4.833333333,58,7,0,0,33
858489,2,13,Pakistan,67,0,4.909090909,63,7,0,0,36
858489,2,14,Pakistan,76,0,5.142857143,72,8,0,0,34
858489,2,15,Pakistan,78,0,4.933333333,74,2,0,0,30
858489,2,16,Pakistan,82,0,4.875,78,4,0,0,28
858489,2,17,Pakistan,86,0,4.823529412,82,4,0,0,25
858489,2,18,Pakistan,87,0,4.611111111,83,1,0,0,19
858489,2,19,Pakistan,93,0,4.684210526,89,6,0,0,17
858489,2,20,Pakistan,96,0,4.6,92,3,0,0,18
858489,2,21,Pakistan,98,0,4.476190476,94,2,0,0,16
858489,2,22,Pakistan,112,0,4.909090909,108,14,0,0,26
858489,2,23,Pakistan,121,0,5.086956522,117,9,0,0,34
858489,2,24,Pakistan,129,0,5.208333333,125,8,0,0,36
858489,2,25,Pakistan,140,0,5.44,136,11,0,0,44
858489,2,26,Pakistan,145,1,5.423076923,0,5,1,0,47
858489,2,27,Pakistan,146,1,5.259259259,1,1,0,0,34
858489,2,28,Pakistan,154,2,5.317365269,0,9,1,0,34
858489,2,29,Pakistan,156,2,5.172413793,2,1,0,0,27
858489,2,30,Pakistan,171,2,5.5,17,15,0,0,31
858489,2,31,Pakistan,173,2,5.387096774,19,2,0,0,28
858489,2,32,Pakistan,179,2,5.40625,25,6,0,0,33
858489,2,33,Pakistan,186,2,5.454545455,32,7,0,0,31
858489,2,34,Pakistan,193,2,5.5,39,7,0,0,37
858489,2,35,Pakistan,202,2,5.6,48,9,0,0,31
858489,2,36,Pakistan,208,2,5.611111111,54,6,0,0,35
858489,2,37,Pakistan,216,2,5.675675676,62,8,0,0,37
858489,2,38,Pakistan,234,2,6.0,80,18,0,0,48
858489,2,39,Pakistan,240,2,6.0,86,6,0,0,47
858489,2,40,Pakistan,251,2,6.075949367,92,11,0,0,49
931394,1,1,Zimbabwe,4,0,4.0,4,4,0,0,4
931394,1,2,Zimbabwe,4,0,2.0,4,0,0,0,4
931394,1,3,Zimbabwe,9,0,3.0,9,5,0,0,9
931394,1,4,Zimbabwe,15,0,3.75,15,6,0,0,15
931394,1,5,Zimbabwe,21,0,4.2,21,6,0,0,21
931394,1,6,Zimbabwe,30,0,5.0,30,9,0,0,26
931394,1,7,Zimbabwe,30,0,4.285714286,30,0,0,0,26
931394,1,8,Zimbabwe,36,0,4.5,36,6,0,0,27
931394,1,9,Zimbabwe,37,0,4.111111111,37,1,0,0,22
931394,1,10,Zimbabwe,43,0,4.24137931,41,10,0,0,26
931394,1,11,Zimbabwe,57,0,5.0,55,10,0,0,27
931394,1,12,Zimbabwe,60,0,4.833333333,58,3,0,0,30
931394,1,13,Zimbabwe,63,0,4.692307692,61,3,0,0,27
931394,1,14,Zimbabwe,66,0,4.571428571,64,3,0,0,29
931394,1,15,Zimbabwe,70,0,4.533333333,68,4,0,0,23
931394,1,16,Zimbabwe,72,0,4.375,70,2,0,0,15
931394,1,17,Zimbabwe,77,0,4.411764706,75,5,0,0,17
931394,1,18,Zimbabwe,82,0,4.444444444,80,5,0,0,19
931394,1,19,Zimbabwe,85,0,4.368421053,83,3,0,0,19
931394,1,20,Zimbabwe,90,0,4.285714286,85,5,0,0,20
931394,1,21,Zimbabwe,95,0,4.285714286,90,5,0,0,23
931394,1,22,Zimbabwe,95,0,4.090909091,90,0,0,0,18
931394,1,23,Zimbabwe,99,0,4.086956522,94,4,0,0,17
931394,1,24,Zimbabwe,104,0,4.125,99,5,0,0,19
931394,1,25,Zimbabwe,110,0,4.2,105,6,0,0,20
931394,1,26,Zimbabwe,121,0,4.461538462,116,11,0,0,26
931394,1,27,Zimbabwe,133,0,4.740740741,128,12,0,0,38
931394,1,28,Zimbabwe,140,0,4.821428571,135,7,0,0,41
931394,1,29,Zimbabwe,142,0,4.724137931,137,2,0,0,38
931394,1,30,Zimbabwe,149,1,4.8,2,7,1,0,39
931394,1,31,Zimbabwe,155,1,4.832432432,7,6,0,0,34
931394,1,32,Zimbabwe,163,1,4.90052356,14,9,0,0,31
931394,1,33,Zimbabwe,165,1,4.787878788,16,1,0,0,25
931394,1,34,Zimbabwe,173,1,4.882352941,24,8,0,0,31
931394,1,35,Zimbabwe,175,2,4.8,2,2,1,0,26
931394,1,36,Zimbabwe,182,2,4.861111111,9,7,0,0,27
931394,1,37,Zimbabwe,187,2,4.859728507,13,5,0,0,23
931394,1,38,Zimbabwe,190,3,4.789473684,0,3,1,0,25
931394,1,39,Zimbabwe,197,3,4.846153846,7,7,0,0,24
931394,1,40,Zimbabwe,205,3,4.925,15,8,0,0,30
931394,1,41,Zimbabwe,208,3,4.87804878,18,3,0,0,26
931394,1,42,Zimbabwe,221,3,5.071428571,31,13,0,0,34
931394,1,43,Zimbabwe,224,4,5.023255814,2,3,1,0,34
931394,1,44,Zimbabwe,226,5,4.950570342,0,2,2,1,29
931394,1,45,Zimbabwe,236,6,5.044444444,10,10,0,1,31
931394,1,46,Zimbabwe,247,6,5.170909091,20,11,0,1,39
931394,1,47,Zimbabwe,256,6,5.234042553,29,9,0,1,35
931394,1,48,Zimbabwe,263,7,5.270833333,0,7,1,1,39
931394,1,49,Zimbabwe,269,7,5.285714286,6,6,0,1,43
931394,1,50,Zimbabwe,276,9,5.32,0,7,2,1,40
1019973,2,1,New Zealand,4,0,4.0,4,4,0,0,4
1019973,2,2,New Zealand,15,0,7.636363636,14,11,0,0,15
1019973,2,3,New Zealand,18,0,5.666666667,17,3,0,0,18
1019973,2,4,New Zealand,19,0,4.5,18,1,0,0,19
1019973,2,5,New Zealand,26,0,4.965517241,24,7,0,0,26
1019973,2,6,New Zealand,26,0,4.0,24,0,0,0,22
1019973,2,7,New Zealand,30,0,4.0,28,4,0,0,15
1019973,2,8,New Zealand,34,1,4.0,0,4,1,0,16
1019973,2,9,New Zealand,37,1,3.807692308,1,3,0,0,18
1019973,2,10,New Zealand,43,1,3.9,7,6,0,0,17
1019973,2,11,New Zealand,48,1,4.0,12,5,0,0,22
1019973,2,12,New Zealand,48,3,3.666666667,0,0,2,1,18
1019973,2,13,New Zealand,54,3,3.818181818,5,7,0,1,21
1019973,2,14,New Zealand,58,3,3.785714286,9,3,0,1,21
1019973,2,15,New Zealand,64,3,3.933333333,15,6,0,1,21
1019973,2,16,New Zealand,69,3,4.0,20,5,0,1,21
1019973,2,17,New Zealand,73,3,3.98019802,23,4,0,1,25
1019973,2,18,New Zealand,81,3,4.075471698,28,8,1,1,26
1019973,2,19,New Zealand,83,4,3.894736842,2,2,0,1,25
1019973,2,20,New Zealand,86,4,3.831932773,4,3,0,1,22
1019973,2,21,New Zealand,87,4,3.666666667,5,1,0,1,18
1019973,2,22,New Zealand,96,4,3.909090909,14,9,0,1,23
1019973,2,23,New Zealand,107,4,4.217391304,25,11,0,1,26
1019973,2,24,New Zealand,116,4,4.416666667,34,9,0,0,33
1019973,2,25,New Zealand,118,4,4.32,36,2,0,0,32
1019973,2,26,New Zealand,128,4,4.538461538,46,10,0,0,41
1019973,2,27,New Zealand,135,4,4.621118012,52,8,0,0,40
1019973,2,28,New Zealand,148,5,4.886227545,3,12,1,0,41
1019973,2,29,New Zealand,157,5,4.994219653,11,10,0,0,42
1019973,2,30,New Zealand,159,5,4.866666667,13,1,0,0,41
1019973,2,31,New Zealand,167,6,4.967741935,0,8,1,0,39
1019973,2,32,New Zealand,175,6,5.0625,8,8,0,0,39
1019973,2,33,New Zealand,181,6,5.086294416,13,7,0,0,34
1019973,2,34,New Zealand,189,6,5.147058824,21,7,0,0,31
1019973,2,35,New Zealand,198,6,5.253588517,29,13,0,0,43
1019973,2,36,New Zealand,205,6,5.274418605,35,4,0,0,39
1019973,2,37,New Zealand,212,6,5.297297297,42,6,0,0,37
1019973,2,38,New Zealand,214,6,5.207048458,43,2,0,0,32
1019973,2,39,New Zealand,221,7,5.227467811,1,11,1,0,36
1019973,2,40,New Zealand,234,7,5.4,14,9,0,0,32
1019973,2,41,New Zealand,242,7,5.463414634,22,8,0,0,36
1019973,2,42,New Zealand,251,8,5.547619048,9,9,1,0,39
1019973,2,43,New Zealand,251,8,5.418604651,9,0,0,0,37
1019973,2,44,New Zealand,252,9,5.318181818,0,1,1,1,27
1019973,2,45,New Zealand,264,10,5.464684015,0,12,1,1,30
1022355,1,1,Australia,5,0,5.0,5,5,0,0,5
1022355,1,2,Australia,6,0,3.0,6,1,0,0,6
1022355,1,3,Australia,6,0,2.0,6,0,0,0,6
1022355,1,4,Australia,14,0,3.5,14,8,0,0,14
1022355,1,5,Australia,22,0,4.4,22,8,0,0,22
1022355,1,6,Australia,24,1,4.0,2,2,1,0,19
1022355,1,7,Australia,29,1,4.142857143,7,5,0,0,23
1022355,1,8,Australia,33,1,4.125,11,4,0,0,27
1022355,1,9,Australia,35,1,3.888888889,13,2,0,0,21
1022355,1,10,Australia,37,1,3.7,15,2,0,0,15
1022355,1,11,Australia,39,2,3.507692308,1,2,1,0,15
1022355,1,12,Australia,43,2,3.5,5,4,0,0,14
1022355,1,13,Australia,45,2,3.350649351,6,2,0,0,12
1022355,1,14,Australia,47,2,3.214285714,8,2,0,0,12
1022355,1,15,Australia,50,2,3.2,11,3,0,0,13
1022355,1,16,Australia,53,2,3.1875,14,3,0,0,14
1022355,1,17,Australia,57,3,3.235294118,4,4,1,1,14
1022355,1,18,Australia,59,3,3.166666667,6,2,0,1,14
1022355,1,19,Australia,62,3,3.157894737,9,3,0,1,15
1022355,1,20,Australia,65,3,3.15,12,3,0,1,15
1022355,1,21,Australia,69,3,3.19047619,16,4,0,1,16
1022355,1,22,Australia,72,3,3.181818182,19,3,0,1,15
1022355,1,23,Australia,88,3,3.739130435,35,16,0,1,29
1022355,1,24,Australia,91,3,3.708333333,38,3,0,0,29
1022355,1,25,Australia,94,3,3.68,41,3,0,0,29
1022355,1,26,Australia,95,3,3.576923077,42,1,0,0,26
1022355,1,27,Australia,102,3,3.703703704,49,7,0,0,30
1022355,1,28,Australia,106,3,3.714285714,53,4,0,0,18
1022355,1,29,Australia,109,3,3.689655172,56,3,0,0,18
1022355,1,30,Australia,124,4,4.066666667,2,15,1,0,30
1022355,1,31,Australia,127,4,4.032258065,5,3,0,0,32
1022355,1,32,Australia,130,4,4.0,8,3,0,0,28
1022355,1,33,Australia,136,4,4.060606061,14,6,0,0,30
1022355,1,34,Australia,141,4,4.088235294,19,5,0,0,32
1022355,1,35,Australia,141,5,3.971428571,0,0,1,0,17
1022355,1,36,Australia,150,5,4.111111111,9,9,0,0,23
1022355,1,37,Australia,153,6,4.081081081,0,3,1,1,23
1022355,1,38,Australia,159,6,4.131578947,6,6,0,1,23
1022355,1,39,Australia,165,6,4.179487179,12,6,0,1,24
1022355,1,40,Australia,171,6,4.225,18,6,0,1,30
1022355,1,41,Australia,176,6,4.236734694,22,6,0,0,27
1022355,1,42,Australia,181,6,4.238095238,27,4,0,0,28
1022355,1,43,Australia,181,9,4.139534884,0,0,3,1,22
1022355,1,44,Australia,181,9,4.045454545,0,0,0,1,16
1022355,1,45,Australia,182,10,4.02247191,0,1,1,1,11
1022373,1,1,India,1,1,1.0,0,1,1,0,1
1022373,1,2,India,11,1,5.5,10,10,0,0,11
1022373,1,3,India,21,1,7.0,20,10,0,0,21
1022373,1,4,India,26,1,6.5,25,5,0,0,26
1022373,1,5,India,31,1,6.2,30,5,0,0,31
1022373,1,6,India,31,1,5.166666667,30,0,0,0,30
1022373,1,7,India,31,2,4.428571429,0,0,1,0,20
1022373,1,8,India,32,2,4.0,1,1,0,0,11
1022373,1,9,India,45,2,5.0,14,13,0,0,19
1022373,1,10,India,46,2,4.6,15,1,0,0,15
1022373,1,11,India,47,2,4.272727273,16,1,0,0,16
1022373,1,12,India,49,2,4.056338028,17,2,0,0,18
1022373,1,13,India,57,2,4.105263158,21,14,0,0,31
1022373,1,14,India,66,2,4.265060241,28,4,0,0,22
1022373,1,15,India,70,2,4.179775281,31,4,0,0,25
1022373,1,16,India,80,2,4.5,41,9,0,0,33
1022373,1,17,India,90,2,4.823529412,51,10,0,0,41
1022373,1,18,India,96,2,4.888888889,57,6,0,0,33
1022373,1,19,India,104,2,5.052631579,65,8,0,0,37
1022373,1,20,India,105,2,4.85,66,1,0,0,34
1022373,1,21,India,110,2,4.857142857,71,5,0,0,30
1022373,1,22,India,123,2,5.227272727,84,13,0,0,33
1022373,1,23,India,130,2,5.304347826,91,7,0,0,34
1022373,1,24,India,137,2,5.375,98,7,0,0,33
1022373,1,25,India,142,2,5.36,103,5,0,0,37
1022373,1,26,India,148,2,5.384615385,109,6,0,0,38
1022373,1,27,India,152,2,5.333333333,113,4,0,0,29
1022373,1,28,India,154,2,5.209580838,114,2,1,0,24
1022373,1,29,India,156,3,5.068965517,2,2,0,0,19
1022373,1,30,India,161,3,5.066666667,7,5,0,0,19
1022373,1,31,India,164,3,5.0,10,3,0,0,16
1022373,1,32,India,167,3,4.9375,13,3,0,0,15
1022373,1,33,India,175,3,5.03030303,21,8,0,0,21
1022373,1,34,India,177,3,4.941176471,23,2,0,0,21
1022373,1,35,India,179,4,4.857142857,2,2,1,0,18
1022373,1,36,India,183,5,4.833333333,4,4,1,1,19
1022373,1,37,India,188,5,4.837837838,9,5,0,1,21
1022373,1,38,India,191,5,4.789473684,12,3,0,1,16
1022373,1,39,India,197,5,4.820512821,18,6,0,1,20
1022373,1,40,India,206,5,4.925,27,10,0,0,28
1022373,1,41,India,212,5,4.906882591,32,5,0,0,29
1022373,1,42,India,218,5,4.932806324,38,6,0,0,30
1022373,1,43,India,220,6,4.864864865,2,2,1,0,29
1022373,1,44,India,226,6,4.890566038,8,6,0,0,29
1022373,1,45,India,229,7,4.848708487,0,3,1,0,22
1022373,1,46,India,236,7,4.895306859,7,7,0,0,24
1022373,1,47,India,244,7,4.961130742,15,8,0,0,26
1022373,1,48,India,248,7,4.941176471,19,4,0,0,28
1022373,1,49,India,258,7,5.044067797,29,10,0,0,32
1022373,1,50,India,263,7,5.04,33,6,0,0,35
1029821,1,1,England,5,0,5.0,5,5,0,0,5
1029821,1,2,England,6,0,3.0,6,1,0,0,6
1029821,1,3,England,7,0,2.333333333,7,1,0,0,7
1029821,1,4,England,9,0,2.25,9,2,0,0,9
1029821,1,5,England,15,0,3.0,15,6,0,0,15
1029821,1,6,England,23,0,3.833333333,23,8,0,0,18
1029821,1,7,England,25,1,3.571428571,0,2,1,0,19
1029821,1,8,England,26,1,3.25,1,1,0,0,19
1029821,1,9,England,30,2,3.333333333,4,4,1,0,21
1029821,1,10,England,30,2,3.0,4,0,0,0,15
1029821,1,11,England,33,2,3.0,7,3,0,0,10
1029821,1,12,England,37,2,3.042253521,10,4,0,0,12
1029821,1,13,England,39,2,2.923076923,12,2,0,0,13
1029821,1,14,England,47,3,3.285714286,8,8,1,1,17
1029821,1,15,England,50,3,3.266666667,11,3,0,1,20
1029821,1,16,England,53,3,3.25,14,3,0,1,20
1029821,1,17,England,59,3,3.411764706,20,6,0,1,22
1029821,1,18,England,63,3,3.444444444,24,4,0,1,24
1029821,1,19,England,74,3,3.842105263,35,11,0,1,27
1029821,1,20,England,82,3,4.05,43,8,0,0,32
1029821,1,21,England,86,3,4.047619048,47,4,0,0,33
1029821,1,22,England,89,4,4.0,0,3,1,0,30
1029821,1,23,England,93,4,4.0,4,4,0,0,30
1029821,1,24,England,96,4,3.944055944,6,3,0,0,22
1029821,1,25,England,101,4,3.946308725,10,6,0,0,20
1029821,1,26,England,107,4,4.0,16,5,0,0,21
1029821,1,27,England,110,4,3.962962963,19,3,0,0,21
1029821,1,28,England,113,5,3.928571429,0,3,1,0,20
1029821,1,29,England,114,5,3.827586207,1,1,0,0,18
1029821,1,30,England,115,5,3.733333333,2,1,0,0,13
1029821,1,31,England,117,5,3.677419355,4,2,0,0,10
1029821,1,32,England,117,5,3.5625,4,0,0,0,7
1029821,1,33,England,124,5,3.666666667,11,7,0,0,11
1029821,1,34,England,127,5,3.647058824,14,3,0,0,13
1029821,1,35,England,130,5,3.628571429,17,3,0,0,15
1029821,1,36,England,141,5,3.795348837,26,12,0,0,25
1029821,1,37,England,148,5,3.864864865,33,6,0,0,31
1029821,1,38,England,154,5,3.921052632,39,6,0,0,30
1029821,1,39,England,156,5,3.871794872,41,2,0,0,29
1029821,1,40,England,163,6,3.95,2,7,1,0,33
1029821,1,41,England,166,6,3.926829268,5,3,0,0,24
1029821,1,42,England,170,7,3.920318725,1,4,1,0,22
1029821,1,43,England,182,7,4.093023256,13,12,0,0,28
1029821,1,44,England,187,7,4.113636364,18,5,0,0,31
1029821,1,45,England,195,7,4.2,26,8,0,0,32
1029821,1,46,England,208,7,4.385454545,38,15,0,0,44
1029821,1,47,England,217,7,4.446808511,46,7,0,0,47
1029821,1,48,England,223,7,4.479166667,52,6,0,0,41
1029821,1,49,England,232,7,4.571428571,61,9,0,0,45
1029821,1,50,England,238,8,4.6,0,6,1,0,43
1033371,2,1,New Zealand,7,1,7.0,0,7,1,0,7
1033371,2,2,New Zealand,9,1,4.5,2,2,0,0,9
1033371,2,3,New Zealand,13,1,4.333333333,6,4,0,0,13
1033371,2,4,New Zealand,15,1,3.652173913,7,6,0,0,19
1033371,2,5,New Zealand,23,1,4.4,15,4,0,0,23
1033371,2,6,New Zealand,31,1,5.0,23,8,0,0,24
1033371,2,7,New Zealand,34,1,4.714285714,26,3,0,0,25
1033371,2,8,New Zealand,35,1,4.25,27,1,0,0,22
1033371,2,9,New Zealand,40,1,4.333333333,32,5,0,0,21
1033371,2,10,New Zealand,46,1,4.5,38,6,0,0,23
1033371,2,11,New Zealand,51,1,4.523076923,42,7,0,0,22
1033371,2,12,New Zealand,56,1,4.5,47,3,0,0,22
1033371,2,13,New Zealand,64,1,4.753246753,54,8,0,0,29
1033371,2,14,New Zealand,70,1,4.785714286,60,6,0,0,30
1033371,2,15,New Zealand,76,1,4.866666667,66,6,0,0,30
1033371,2,16,New Zealand,77,1,4.625,67,1,0,0,24
1033371,2,17,New Zealand,82,1,4.647058824,72,5,0,0,26
1033371,2,18,New Zealand,93,1,4.76635514,78,12,0,0,30
1033371,2,19,New Zealand,102,1,4.938053097,86,8,0,0,32
1033371,2,20,New Zealand,107,1,4.9,91,5,0,0,31
1033371,2,21,New Zealand,110,1,4.790322581,92,7,0,0,37
1033371,2,22,New Zealand,126,1,5.227272727,108,12,0,0,44
1033371,2,23,New Zealand,128,1,5.086956522,110,2,0,0,34
1033371,2,24,New Zealand,130,1,4.958333333,112,2,0,0,28
1033371,2,25,New Zealand,132,1,4.84,114,2,0,0,25
1033371,2,26,New Zealand,136,1,4.807692308,118,4,0,0,22
1033371,2,27,New Zealand,143,2,4.888888889,0,7,1,0,17
1033371,2,28,New Zealand,144,2,4.74251497,0,5,0,0,20
1033371,2,29,New Zealand,155,3,4.786127168,2,8,1,0,26
1033371,2,30,New Zealand,161,4,4.8,1,5,1,1,29
1033371,2,31,New Zealand,162,4,4.677419355,2,1,0,1,26
1033371,2,32,New Zealand,164,4,4.59375,4,2,0,1,21
1033371,2,33,New Zealand,166,4,4.515151515,6,2,0,1,18
1033371,2,34,New Zealand,170,4,4.5,10,4,0,1,14
1033371,2,35,New Zealand,182,4,4.714285714,22,12,0,1,21
1033371,2,36,New Zealand,184,4,4.638888889,24,2,0,1,22
1033371,2,37,New Zealand,192,4,4.72972973,32,8,0,1,28
1033371,2,38,New Zealand,198,4,4.763157895,38,6,0,1,32
1033371,2,39,New Zealand,200,5,4.686695279,0,2,1,1,30
1033371,2,40,New Zealand,202,5,4.6,2,2,0,1,20
1033371,2,41,New Zealand,208,5,4.634146341,8,6,0,1,24
1033371,2,42,New Zealand,215,5,4.69047619,15,7,0,1,23
1033371,2,43,New Zealand,225,5,4.813953488,25,10,0,1,27
1033371,2,44,New Zealand,233,5,4.886363636,33,8,0,0,33
1033371,2,45,New Zealand,241,5,4.951672862,40,10,0,0,41
1033371,2,46,New Zealand,249,5,5.0,48,6,0,0,41
1033371,2,47,New Zealand,261,5,5.14893617,60,12,0,0,46
1033371,2,48,New Zealand,266,5,5.145833333,65,5,0,0,41
1033371,2,49,New Zealand,271,5,5.213793103,70,5,0,0,38
1075505,2,1,South Africa,1,0,1.0,1,1,0,0,1
1075505,2,2,South Africa,8,0,4.0,8,7,0,0,8
1075505,2,3,South Africa,15,0,5.0,15,7,0,0,15
1075505,2,4,South Africa,20,0,5.0,20,5,0,0,20
1075505,2,5,South Africa,23,0,4.6,23,3,0,0,23
1075505,2,6,South Africa,35,0,5.833333333,35,12,0,0,34
1075505,2,7,South Africa,39,0,5.56097561,38,4,0,0,31
1075505,2,8,South Africa,45,1,5.5,1,6,1,0,30
1075505,2,9,South Africa,55,1,6.0,11,10,0,0,35
1075505,2,10,South Africa,62,1,6.1,18,7,0,0,39
1075505,2,11,South Africa,69,1,6.1875,23,8,1,0,35
1075505,2,12,South Africa,75,2,6.0,6,5,0,0,36
1075505,2,13,South Africa,77,2,5.692307692,8,2,0,0,32
1075505,2,14,South Africa,81,2,5.571428571,12,4,0,0,26
1075505,2,15,South Africa,83,2,5.333333333,14,2,0,0,21
1075505,2,16,South Africa,94,2,5.6875,25,11,0,0,24
1075505,2,17,South Africa,99,2,5.647058824,30,5,0,0,24
1075505,2,18,South Africa,103,2,5.555555556,34,4,0,0,26
1075505,2,19,South Africa,105,2,5.368421053,36,2,0,0,24
1075505,2,20,South Africa,111,2,5.4,42,6,0,0,28
1075505,2,21,South Africa,117,2,5.428571429,48,6,0,0,23
1075505,2,22,South Africa,123,2,5.454545455,54,6,0,0,24
1075505,2,23,South Africa,130,2,5.52173913,61,7,0,0,27
1075505,2,24,South Africa,134,2,5.458333333,65,4,0,0,29
1075505,2,25,South Africa,136,2,5.32,67,2,0,0,25
1075505,2,26,South Africa,147,2,5.535483871,77,12,0,0,31
1075505,2,27,South Africa,151,2,5.444444444,81,3,0,0,28
1075505,2,28,South Africa,153,2,5.321428571,83,2,0,0,23
1075505,2,29,South Africa,162,2,5.445086705,91,9,1,0,28
1075505,2,30,South Africa,165,3,5.329608939,2,5,0,0,31
1075505,2,31,South Africa,171,4,5.322580645,0,4,1,0,23
1075505,2,32,South Africa,180,4,5.434554974,8,9,0,0,29
1075505,2,33,South Africa,184,4,5.363636364,12,4,0,0,31
1075505,2,34,South Africa,185,5,5.235294118,1,1,1,1,23
1075505,2,35,South Africa,188,5,5.171428571,4,3,0,1,21
1075505,2,36,South Africa,189,5,5.055555556,5,1,0,1,18
1075505,2,37,South Africa,194,5,5.054054054,10,5,0,1,14
1075505,2,38,South Africa,202,5,5.131578947,18,8,0,1,18
1075505,2,39,South Africa,205,5,5.076923077,21,3,0,1,20
1075505,2,40,South Africa,218,5,5.275,34,13,0,1,30
1075505,2,41,South Africa,220,6,5.195121951,1,2,1,0,31
1075505,2,42,South Africa,222,6,5.119047619,3,2,0,0,28
1075505,2,43,South Africa,233,6,5.255813953,14,11,0,0,31
1075505,2,44,South Africa,235,8,5.178707224,0,2,2,1,30
1075505,2,45,South Africa,238,8,5.107806691,2,4,0,1,21
1075505,2,46,South Africa,239,9,5.0,0,0,1,1,19
1075505,2,47,South Africa,244,9,5.0,5,5,0,1,22
1075505,2,48,South Africa,249,10,5.017421603,0,5,1,1,16
1075506,2,1,South Africa,2,0,2.0,2,2,0,0,2
1075506,2,2,South Africa,9,1,4.5,6,7,1,0,9
1075506,2,3,South Africa,15,1,5.0,12,6,0,0,15
1075506,2,4,South Africa,20,2,4.956521739,4,5,1,0,20
1075506,2,5,South Africa,20,3,3.8,0,0,1,1,20
1075506,2,6,South Africa,25,3,4.0,5,5,0,1,23
1075506,2,7,South Africa,29,3,4.0,9,4,0,1,20
1075506,2,8,South Africa,35,3,4.25,15,6,0,1,20
1075506,2,9,South Africa,38,3,4.075471698,17,3,0,1,18
1075506,2,10,South Africa,47,3,4.5,26,9,0,1,27
1075506,2,11,South Africa,50,3,4.363636364,29,3,0,1,25
1075506,2,12,South Africa,53,4,4.25,2,3,1,1,24
1075506,2,13,South Africa,55,4,4.076923077,4,2,0,1,20
1075506,2,14,South Africa,60,4,4.142857143,9,5,0,1,22
1075506,2,15,South Africa,63,5,4.04494382,1,3,1,1,16
1075506,2,16,South Africa,63,5,3.75,1,0,0,1,13
1075506,2,17,South Africa,66,5,3.705882353,4,3,0,1,13
1075506,2,18,South Africa,71,5,3.777777778,9,5,0,1,16
1075506,2,19,South Africa,75,5,3.789473684,13,4,0,1,15
1075506,2,20,South Africa,79,5,3.8,17,4,0,1,16
1075506,2,21,South Africa,84,5,3.857142857,22,5,0,1,21
1075506,2,22,South Africa,85,5,3.727272727,23,1,0,1,19
1075506,2,23,South Africa,91,5,3.810218978,28,6,0,1,20
1075506,2,24,South Africa,94,5,3.75,31,3,0,1,19
1075506,2,25,South Africa,101,5,3.88,38,7,0,1,22
1075506,2,26,South Africa,105,5,3.884615385,42,4,0,1,21
1075506,2,27,South Africa,111,5,3.962962963,48,6,0,0,26
1075506,2,28,South Africa,117,5,4.035714286,54,6,0,0,26
1075506,2,29,South Africa,122,5,4.068965517,59,5,0,0,28
1075506,2,30,South Africa,128,5,4.133333333,65,6,0,0,27
1075506,2,31,South Africa,135,7,4.225806452,0,7,2,0,30
1075506,2,32,South Africa,135,7,4.09375,0,0,0,0,24
1075506,2,33,South Africa,141,7,4.151515152,6,6,0,0,24
1075506,2,34,South Africa,148,7,4.235294118,13,7,0,0,26
1075506,2,35,South Africa,153,7,4.248803828,17,5,0,0,25
1075506,2,36,South Africa,156,7,4.194444444,20,3,0,0,21
1075506,2,37,South Africa,162,7,4.243243243,26,6,0,0,27
1075506,2,38,South Africa,164,8,4.184210526,1,2,1,1,23
1075506,2,39,South Africa,167,8,4.145922747,3,3,0,1,19
1075506,2,40,South Africa,169,8,4.075,5,2,0,1,16
1075506,2,41,South Africa,169,10,4.008196721,0,0,2,1,13
1130737,2,1,Zimbabwe,6,0,6.0,5,7,0,0,7
1130737,2,2,Zimbabwe,23,0,9.272727273,17,16,0,0,23
1130737,2,3,Zimbabwe,25,0,6.333333333,19,2,0,0,25
1130737,2,4,Zimbabwe,30,1,6.0,0,5,1,0,30
1130737,2,5,Zimbabwe,31,1,5.0,1,1,0,0,31
1130737,2,6,Zimbabwe,36,1,5.0,6,5,0,0,29
1130737,2,7,Zimbabwe,41,1,5.0,11,5,0,0,18
1130737,2,8,Zimbabwe,48,1,4.695652174,12,7,0,0,23
1130737,2,9,Zimbabwe,52,1,4.444444444,16,4,0,0,22
1130737,2,10,Zimbabwe,55,1,4.3,19,3,0,0,24
1130737,2,11,Zimbabwe,67,1,5.0,31,12,0,0,31
1130737,2,12,Zimbabwe,69,1,4.75,33,2,0,0,28
1130737,2,13,Zimbabwe,73,1,4.675324675,36,4,0,0,25
1130737,2,14,Zimbabwe,81,1,4.857142857,44,8,0,0,29
1130737,2,15,Zimbabwe,83,1,4.666666667,46,2,0,0,28
1130737,2,16,Zimbabwe,90,1,4.8125,53,7,0,0,23
1130737,2,17,Zimbabwe,97,1,4.941176471,60,7,0,0,28
1130737,2,18,Zimbabwe,102,1,4.934579439,64,5,0,0,29
1130737,2,19,Zimbabwe,104,1,4.714285714,64,6,0,0,27
1130737,2,20,Zimbabwe,108,2,4.6,0,0,1,0,25
1130737,2,21,Zimbabwe,109,2,4.428571429,1,1,0,0,19
1130737,2,22,Zimbabwe,118,2,4.636363636,10,9,0,0,21
1130737,2,23,Zimbabwe,126,2,4.782608696,18,8,0,0,24
1130737,2,24,Zimbabwe,132,2,4.833333333,24,6,0,0,24
1130737,2,25,Zimbabwe,143,2,5.08,35,11,0,0,35
1130737,2,26,Zimbabwe,149,2,5.109677419,40,6,0,0,40
1130737,2,27,Zimbabwe,154,2,5.074074074,45,5,0,0,36
1130737,2,28,Zimbabwe,165,2,5.142857143,52,11,0,0,39
1130737,2,29,Zimbabwe,171,2,5.263157895,58,6,0,0,39
1130741,1,1,Zimbabwe,4,0,4.0,4,4,0,0,4
1130741,1,2,Zimbabwe,5,0,2.181818182,4,2,0,0,6
1130741,1,3,Zimbabwe,7,1,2.0,1,1,1,0,7
1130741,1,4,Zimbabwe,12,1,2.608695652,5,5,0,0,12
1130741,1,5,Zimbabwe,16,1,2.8,9,4,0,0,16
1130741,1,6,Zimbabwe,18,1,2.571428571,10,2,0,0,14
1130741,1,7,Zimbabwe,26,1,3.285714286,18,8,0,0,20
1130741,1,8,Zimbabwe,32,1,3.574468085,23,7,0,0,26
1130741,1,9,Zimbabwe,40,1,4.0,31,7,0,0,28
1130741,1,10,Zimbabwe,45,1,4.1,36,5,0,0,29
1130741,1,11,Zimbabwe,51,1,3.876923077,37,6,0,0,33
1130741,1,12,Zimbabwe,52,1,3.549295775,37,1,0,0,26
1130741,1,13,Zimbabwe,56,1,3.538461538,41,4,0,0,23
1130741,1,14,Zimbabwe,66,1,4.0,51,10,0,0,26
1130741,1,15,Zimbabwe,72,1,4.133333333,57,6,0,0,27
1130741,1,16,Zimbabwe,77,1,4.1875,62,5,0,0,26
1130741,1,17,Zimbabwe,82,1,4.235294118,67,5,0,0,30
1130741,1,18,Zimbabwe,84,1,4.111111111,69,2,0,0,28
1130741,1,19,Zimbabwe,86,1,4.0,71,2,0,0,20
1130741,1,20,Zimbabwe,86,1,3.8,71,0,0,0,14
1130741,1,21,Zimbabwe,87,1,3.666666667,72,1,0,0,10
1130741,1,22,Zimbabwe,89,1,3.590909091,74,2,0,0,7
1130741,1,23,Zimbabwe,93,1,3.608695652,78,4,0,0,9
1130741,1,24,Zimbabwe,97,1,3.625,82,4,0,0,11
1130741,1,25,Zimbabwe,101,1,3.64,86,4,0,0,15
1130741,1,26,Zimbabwe,108,1,3.769230769,93,7,0,0,21
1130741,1,27,Zimbabwe,112,1,3.777777778,97,4,0,0,23
1130741,1,28,Zimbabwe,116,2,3.785714286,4,4,1,0,23
1130741,1,29,Zimbabwe,120,2,3.793103448,8,4,0,0,23
1130741,1,30,Zimbabwe,125,2,3.833333333,13,5,0,0,24
1130741,1,31,Zimbabwe,138,2,4.129032258,26,13,0,0,30
1130741,1,32,Zimbabwe,141,2,4.09375,29,3,0,0,29
1130741,1,33,Zimbabwe,143,2,4.03030303,31,2,0,0,27
1130741,1,34,Zimbabwe,146,2,4.0,34,3,0,0,26
1130741,1,35,Zimbabwe,147,3,3.914285714,0,1,1,0,22
1130741,1,36,Zimbabwe,155,3,4.018604651,7,9,0,0,18
1130741,1,37,Zimbabwe,158,4,3.972972973,2,2,1,0,17
1130741,1,38,Zimbabwe,163,4,4.0,7,5,0,0,20
1130741,1,39,Zimbabwe,165,5,3.948717949,2,2,1,1,19
1130741,1,40,Zimbabwe,167,6,3.9,0,2,1,1,20
1130741,1,41,Zimbabwe,168,6,3.829268293,1,1,0,1,12
1130741,1,42,Zimbabwe,169,7,3.761904762,1,1,1,1,11
1130741,1,43,Zimbabwe,175,8,3.813953488,5,6,1,1,12
1130741,1,44,Zimbabwe,180,8,3.840909091,10,5,0,1,15
1130741,1,45,Zimbabwe,182,8,3.8,12,2,0,1,15
1130741,1,46,Zimbabwe,188,8,3.84,17,6,0,1,20
1130741,1,47,Zimbabwe,194,8,3.872340426,23,6,0,1,25
1130741,1,48,Zimbabwe,196,8,3.833333333,25,2,0,1,21
1130741,1,49,Zimbabwe,203,9,3.890784983,6,7,1,1,23
1130741,1,50,Zimbabwe,216,9,4.06,19,13,0,1,34
1144491,1,1,New Zealand,4,0,4.0,4,4,0,0,4
1144491,1,2,New Zealand,7,0,3.5,7,3,0,0,7
1144491,1,3,New Zealand,9,0,3.0,9,2,0,0,9
1144491,1,4,New Zealand,15,0,3.75,15,6,0,0,15
1144491,1,5,New Zealand,22,0,4.4,22,7,0,0,22
1144491,1,6,New Zealand,24,0,4.0,24,2,0,0,20
1144491,1,7,New Zealand,36,0,5.142857143,36,12,0,0,29
1144491,1,8,New Zealand,44,0,5.5,44,8,0,0,35
1144491,1,9,New Zealand,46,1,5.111111111,1,2,1,0,31
1144491,1,10,New Zealand,49,1,4.9,4,3,0,0,27
1144491,1,11,New Zealand,54,1,4.909090909,9,5,0,0,30
1144491,1,12,New Zealand,56,1,4.666666667,11,2,0,0,20
1144491,1,13,New Zealand,59,1,4.538461538,14,3,0,0,15
1144491,1,14,New Zealand,62,2,4.409638554,2,3,1,0,16
1144491,1,15,New Zealand,64,2,4.2,4,2,0,0,15
1144491,1,16,New Zealand,66,2,4.0625,6,2,0,0,12
1144491,1,17,New Zealand,72,2,4.176470588,12,6,0,0,16
1144491,1,18,New Zealand,74,2,4.037383178,13,2,0,0,15
1144491,1,19,New Zealand,75,2,3.842105263,14,1,0,0,13
1144491,1,20,New Zealand,82,2,4.0,21,7,0,0,18
1144491,1,21,New Zealand,91,2,4.238095238,30,9,0,0,25
1144491,1,22,New Zealand,91,2,4.045454545,30,0,0,0,19
1144491,1,23,New Zealand,106,2,4.510948905,44,17,0,0,34
1144491,1,24,New Zealand,110,3,4.458333333,0,2,1,0,35
1144491,1,25,New Zealand,118,3,4.6,8,8,0,0,36
1144491,1,26,New Zealand,120,3,4.5,10,2,0,0,29
1144491,1,27,New Zealand,126,3,4.528301887,13,10,0,0,39
1144491,1,28,New Zealand,137,3,4.678571429,24,7,0,0,29
1144491,1,29,New Zealand,148,3,4.896551724,35,11,0,0,38
1144491,1,30,New Zealand,151,3,4.833333333,38,3,0,0,33
1144491,1,31,New Zealand,154,4,4.767567568,2,4,1,0,35
1144491,1,32,New Zealand,158,4,4.71875,6,3,0,0,28
1144491,1,33,New Zealand,161,4,4.666666667,9,3,0,0,24
1144491,1,34,New Zealand,164,4,4.617647059,12,3,0,0,16
1144491,1,35,New Zealand,166,4,4.542857143,14,2,0,0,15
1144491,1,36,New Zealand,172,4,4.583333333,20,6,0,0,17
1144491,1,37,New Zealand,178,4,4.615384615,25,7,0,0,21
1144491,1,38,New Zealand,181,5,4.546255507,1,3,1,0,21
1144491,1,39,New Zealand,186,5,4.538461538,6,4,0,0,22
1144491,1,40,New Zealand,188,5,4.475,8,2,0,0,22
1144491,1,41,New Zealand,192,5,4.463414634,12,4,0,0,20
1144491,1,42,New Zealand,195,5,4.428571429,15,3,0,0,16
1144491,1,43,New Zealand,202,6,4.488372093,5,7,1,0,20
1144491,1,44,New Zealand,205,6,4.454545455,8,3,0,0,19
1144491,1,45,New Zealand,215,6,4.577777778,18,10,0,0,27
1144491,1,46,New Zealand,223,6,4.652173913,26,8,0,0,31
1144491,1,47,New Zealand,228,7,4.659574468,4,5,1,0,33
1144491,1,48,New Zealand,235,7,4.708333333,11,7,0,0,33
1144491,1,49,New Zealand,244,8,4.795918367,9,9,1,1,39
1144491,1,50,New Zealand,244,10,4.763513514,0,0,2,1,29
1144508,2,1,Australia,4,0,4.0,4,4,0,0,4
1144508,2,2,Australia,9,0,4.5,9,5,0,0,9
1144508,2,3,Australia,19,0,6.333333333,19,10,0,0,19
1144508,2,4,Australia,23,1,5.75,0,4,1,0,23
1144508,2,5,Australia,25,1,5.0,2,2,0,0,25
1144508,2,6,Australia,32,1,5.333333333,9,7,0,0,28
1144508,2,7,Australia,38,1,5.428571429,15,6,0,0,29
1144508,2,8,Australia,41,1,5.106382979,17,3,0,0,22
1144508,2,9,Australia,49,1,5.333333333,25,8,0,0,26
1144508,2,10,Australia,53,1,5.2,29,4,0,0,28
1144508,2,11,Australia,59,1,5.272727273,35,6,0,0,27
1144508,2,12,Australia,63,1,5.166666667,39,4,0,0,25
1144508,2,13,Australia,75,1,5.692307692,51,12,0,0,34
1144508,2,14,Australia,78,1,5.5,54,3,0,0,29
1144508,2,15,Australia,84,1,5.533333333,60,6,0,0,31
1144508,2,16,Australia,91,1,5.625,67,7,0,0,32
1144508,2,17,Australia,98,1,5.705882353,74,7,0,0,35
1144508,2,18,Australia,102,1,5.611111111,78,4,0,0,27
1144508,2,19,Australia,105,2,5.473684211,3,3,1,0,27
1144508,2,20,Australia,112,2,5.55,10,7,0,0,28
1144508,2,21,Australia,120,2,5.666666667,18,8,0,0,29
1144508,2,22,Australia,129,2,5.818181818,27,9,0,0,31
1144508,2,23,Australia,135,2,5.826086957,33,6,0,0,33
1144508,2,24,Australia,142,2,5.874125874,39,9,0,0,39
1144508,2,25,Australia,146,3,5.76,2,2,1,0,34
1144508,2,26,Australia,149,3,5.653846154,5,3,0,0,29
1144508,2,27,Australia,157,3,5.740740741,13,8,0,0,28
1144508,2,28,Australia,167,3,5.892857143,23,10,0,0,32
1144508,2,29,Australia,175,3,5.965517241,31,8,0,0,31
1144508,2,30,Australia,177,4,5.833333333,2,2,1,0,31
1144508,2,31,Australia,180,4,5.741935484,5,3,0,0,31
1144508,2,32,Australia,184,4,5.6875,9,4,0,0,27
1144508,2,33,Australia,194,4,5.818181818,19,10,0,0,27
1144508,2,34,Australia,201,4,5.852941176,26,7,0,0,26
1144508,2,35,Australia,208,4,5.885714286,33,7,0,0,31
1144508,2,36,Australia,216,4,5.944444444,41,8,0,0,36
1144508,2,37,Australia,219,4,5.864864865,44,3,0,0,35
1144508,2,38,Australia,226,4,5.894736842,51,7,0,0,32
1144508,2,39,Australia,234,4,5.948717949,59,8,0,0,33
1144508,2,40,Australia,245,4,6.075,70,11,0,0,37
1144508,2,41,Australia,249,4,6.024390244,74,4,0,0,33
1144508,2,42,Australia,264,4,6.238095238,89,15,0,0,45
1144508,2,43,Australia,274,4,6.234375,93,13,0,0,51
1144508,2,44,Australia,289,4,6.363636364,107,12,0,0,55
1144508,2,45,Australia,300,4,6.466666667,118,11,0,0,55
1144508,2,46,Australia,304,6,6.413043478,2,4,2,0,55
1144508,2,47,Australia,310,6,6.404255319,8,6,0,0,46
1144508,2,48,Australia,322,6,6.520833333,20,12,0,0,45
1144508,2,49,Australia,326,7,6.469387755,3,4,1,1,37
1144508,2,50,Australia,333,8,6.48,0,7,1,1,33
1146721,2,1,West Indies,11,0,11.0,11,11,0,0,11
1146721,2,2,West Indies,25,0,13.09090909,24,20,0,0,31
1146721,2,3,West Indies,36,1,11.66666667,4,5,1,0,36
1146721,2,4,West Indies,45,1,11.2173913,12,10,0,0,46
1146721,2,5,West Indies,55,1,10.6,22,9,0,0,55
1146721,2,6,West Indies,59,1,9.5,26,4,0,0,48
1146721,2,7,West Indies,71,1,9.857142857,38,12,0,0,40
1146721,2,8,West Indies,73,1,8.875,40,2,0,0,37
1146721,2,9,West Indies,78,1,8.444444444,45,5,0,0,32
1146721,2,10,West Indies,79,1,7.7,46,1,0,0,24
1146721,2,11,West Indies,80,1,7.090909091,47,1,0,0,21
1146721,2,12,West Indies,86,1,7.0,53,6,0,0,15
1146721,2,13,West Indies,91,1,6.846153846,58,5,0,0,18
1146721,2,14,West Indies,95,1,6.642857143,62,4,0,0,17
1146721,2,15,West Indies,101,1,6.6,68,6,0,0,22
1146721,2,16,West Indies,104,1,6.375,71,3,0,0,24
1146721,2,17,West Indies,106,1,6.117647059,73,2,0,0,20
1146721,2,18,West Indies,108,1,5.888888889,75,2,0,0,17
1146721,2,19,West Indies,109,1,5.628318584,75,2,0,0,15
1146721,2,20,West Indies,111,1,5.4,77,1,0,0,10
1146721,2,21,West Indies,117,1,5.428571429,83,6,0,0,13
1146721,2,22,West Indies,121,1,5.363636364,87,4,0,0,15
1146721,2,23,West Indies,124,1,5.260869565,90,3,0,0,16
1146721,2,24,West Indies,128,1,5.208333333,94,4,0,0,18
1146721,2,25,West Indies,129,2,5.04,0,1,1,0,18
1146721,2,26,West Indies,131,2,4.923076923,2,2,0,0,14
1146721,2,27,West Indies,134,2,4.851851852,5,3,0,0,13
1146721,2,28,West Indies,139,2,4.857142857,10,5,0,0,15
1146721,2,29,West Indies,144,2,4.862068966,15,5,0,0,16
1146721,2,30,West Indies,146,3,4.759776536,0,2,1,0,17
1146721,2,31,West Indies,148,3,4.64516129,2,2,0,0,17
1146721,2,32,West Indies,156,3,4.743455497,9,8,0,0,22
1146721,2,33,West Indies,159,3,4.666666667,12,3,0,0,20
1146721,2,34,West Indies,162,3,4.617647059,15,3,0,0,18
1146721,2,35,West Indies,165,3,4.571428571,18,3,0,0,19
1146721,2,36,West Indies,170,3,4.583333333,23,5,0,0,22
1146721,2,37,West Indies,174,3,4.567567568,27,4,0,0,18
1146721,2,38,West Indies,181,3,4.631578947,34,7,0,0,22
1146721,2,39,West Indies,193,3,4.820512821,46,12,0,0,31
1146721,2,40,West Indies,196,3,4.775,49,3,0,0,31
1146721,2,41,West Indies,202,3,4.8,54,10,0,0,36
1146721,2,42,West Indies,214,3,4.948207171,65,8,0,0,40
1146721,2,43,West Indies,218,3,4.906976744,69,4,0,0,37
1146721,2,44,West Indies,229,3,5.045454545,80,11,0,0,36
1146721,2,45,West Indies,232,3,5.0,83,3,0,0,36
1146721,2,46,West Indies,235,4,4.956521739,3,3,1,0,29
1146721,2,47,West Indies,245,4,5.063829787,13,10,0,0,31
1146721,2,48,West Indies,258,4,5.229166667,26,13,0,0,40
1146721,2,49,West Indies,264,5,5.244897959,0,6,1,0,35
1146721,2,50,West Indies,268,6,5.22,4,4,1,1,36
1153254,1,1,Pakistan,3,0,3.0,3,3,0,0,3
1153254,1,2,Pakistan,3,0,1.5,3,0,0,0,3
1153254,1,3,Pakistan,5,1,1.666666667,0,2,1,0,5
1153254,1,4,Pakistan,12,2,3.0,0,7,1,0,12
1153254,1,5,Pakistan,12,3,2.4,0,0,1,1,12
1153254,1,6,Pakistan,13,3,2.166666667,1,1,0,1,10
1153254,1,7,Pakistan,15,3,2.048780488,2,2,0,1,12
1153254,1,8,Pakistan,19,3,2.25,6,4,0,1,14
1153254,1,9,Pakistan,26,3,2.777777778,13,7,0,1,14
1153254,1,10,Pakistan,27,3,2.6,14,1,0,1,15
1153254,1,11,Pakistan,35,3,3.090909091,22,8,0,1,22
1153254,1,12,Pakistan,38,3,3.083333333,25,3,0,1,23
1153254,1,13,Pakistan,40,3,3.0,27,2,0,1,21
1153254,1,14,Pakistan,48,3,3.357142857,35,8,0,1,22
1153254,1,15,Pakistan,55,3,3.6,42,7,0,1,28
1153254,1,16,Pakistan,63,3,3.875,50,8,0,1,28
1153254,1,17,Pakistan,70,3,4.058823529,57,7,0,0,32
1153254,1,18,Pakistan,74,3,4.055555556,61,4,0,0,34
1153254,1,19,Pakistan,78,3,4.052631579,65,4,0,0,30
1153254,1,20,Pakistan,83,3,4.1,70,5,0,0,28
1153254,1,21,Pakistan,88,3,4.142857143,75,5,0,0,25
1153254,1,22,Pakistan,90,3,4.045454545,77,2,0,0,20
1153254,1,23,Pakistan,95,3,4.086956522,82,5,0,0,21
1153254,1,24,Pakistan,99,3,4.083333333,86,4,0,0,21
1153254,1,25,Pakistan,107,3,4.24,94,8,0,0,24
1153254,1,26,Pakistan,116,3,4.423076923,103,9,0,0,28
1153254,1,27,Pakistan,122,3,4.481481481,109,6,0,0,32
1153254,1,28,Pakistan,126,3,4.464285714,113,4,0,0,31
1153254,1,29,Pakistan,136,3,4.655172414,123,10,0,0,37
1153254,1,30,Pakistan,138,3,4.566666667,125,2,0,0,31
1153254,1,31,Pakistan,143,3,4.580645161,130,5,0,0,27
1153254,1,32,Pakistan,148,3,4.59375,135,5,0,0,26
1153254,1,33,Pakistan,152,3,4.575757576,139,4,0,0,26
1153254,1,34,Pakistan,157,4,4.588235294,1,5,1,0,21
1153254,1,35,Pakistan,163,4,4.628571429,7,6,0,0,25
1153254,1,36,Pakistan,167,4,4.611111111,11,4,0,0,24
1153254,1,37,Pakistan,169,5,4.540540541,2,2,1,0,21
1153254,1,38,Pakistan,176,5,4.605263158,9,7,0,0,24
1153254,1,39,Pakistan,181,5,4.615384615,14,5,0,0,24
1153254,1,40,Pakistan,187,5,4.65,20,6,0,0,24
1153254,1,41,Pakistan,192,5,4.658536585,25,5,0,0,25
1153254,1,42,Pakistan,202,6,4.785714286,5,10,1,0,33
1153254,1,43,Pakistan,210,6,4.860465116,13,8,0,0,34
1153254,1,44,Pakistan,216,6,4.886363636,19,6,0,0,35
1153254,1,45,Pakistan,221,6,4.888888889,24,5,0,0,34
1153254,1,46,Pakistan,222,7,4.804347826,1,1,1,0,30
1153254,1,47,Pakistan,228,7,4.829787234,7,6,0,0,26
1153254,1,48,Pakistan,232,8,4.8125,2,4,1,1,22
1153254,1,49,Pakistan,239,10,4.873720137,0,7,2,1,23
1168509,2,1,West Indies,3,0,2.4,2,3,0,0,3
1168509,2,2,West Indies,8,0,3.5,7,5,0,0,8
1168509,2,3,West Indies,13,0,4.0,12,5,0,0,13
1168509,2,4,West Indies,15,0,3.391304348,13,2,0,0,15
1168509,2,5,West Indies,21,0,3.8,19,6,0,0,21
1168509,2,6,West Indies,22,0,3.257142857,19,1,0,0,19
1168509,2,7,West Indies,27,0,3.428571429,24,5,0,0,19
1168509,2,8,West Indies,28,0,3.125,25,1,0,0,15
1168509,2,9,West Indies,30,0,3.0,27,2,0,0,15
1168509,2,10,West Indies,38,0,3.5,35,8,0,0,17
1168509,2,11,West Indies,40,0,3.323076923,36,3,0,0,19
1168509,2,12,West Indies,55,0,4.25,51,14,0,0,28
1168509,2,13,West Indies,60,0,4.207792208,54,5,0,0,32
1168509,2,14,West Indies,65,0,4.214285714,59,5,0,0,35
1168509,2,15,West Indies,75,0,4.6,69,10,0,0,37
1168509,2,16,West Indies,78,0,4.5,72,3,0,0,37
1168509,2,17,West Indies,84,0,4.588235294,78,6,0,0,29
1168509,2,18,West Indies,93,0,4.833333333,87,9,0,0,33
1168509,2,19,West Indies,100,0,4.938053097,93,7,0,0,35
1168509,2,20,West Indies,107,0,5.0,100,7,0,0,32
1168509,2,21,West Indies,115,0,5.142857143,108,8,0,0,37
1168509,2,22,West Indies,121,0,5.181818182,114,6,0,0,37
1168509,2,23,West Indies,126,0,5.173913043,119,5,0,0,33
1168509,2,24,West Indies,133,0,5.25,126,7,0,0,33
1168509,2,25,West Indies,139,0,5.28,132,6,0,0,32
1168509,2,26,West Indies,144,1,5.269230769,0,5,1,0,29
1168509,2,27,West Indies,152,1,5.37037037,8,8,0,0,31
1168509,2,28,West Indies,155,1,5.285714286,11,3,0,0,29
1168509,2,29,West Indies,158,1,5.206896552,14,3,0,0,25
1168509,2,30,West Indies,163,1,5.2,19,5,0,0,24
1168509,2,31,West Indies,168,1,5.189189189,23,7,0,0,26
1168509,2,32,West Indies,173,1,5.15625,28,3,0,0,21
1168509,2,33,West Indies,182,1,5.272727273,37,9,0,0,27
1168509,2,34,West Indies,185,1,5.205882353,40,3,0,0,27
1168509,2,35,West Indies,194,1,5.314285714,49,9,0,0,31
1168509,2,36,West Indies,195,1,5.194444444,50,1,0,0,25
1168509,2,37,West Indies,198,2,5.135135135,2,3,1,0,25
1168509,2,38,West Indies,207,2,5.233480176,10,9,0,0,25
1168509,2,39,West Indies,216,2,5.30472103,18,9,0,0,31
1168509,2,40,West Indies,225,2,5.375,27,9,0,0,31
1168509,2,41,West Indies,227,2,5.292682927,29,2,0,0,32
1168509,2,42,West Indies,232,2,5.285714286,34,5,0,0,34
1168509,2,43,West Indies,237,2,5.279069767,39,5,0,0,30
1168509,2,44,West Indies,245,2,5.338403042,46,8,0,0,29
1168509,2,45,West Indies,259,2,5.507462687,58,19,0,0,39
1193505,1,1,Sri Lanka,2,0,2.0,2,2,0,0,2
1193505,1,2,Sri Lanka,3,0,1.5,3,1,0,0,3
1193505,1,3,Sri Lanka,11,0,3.666666667,11,8,0,0,11
1193505,1,4,Sri Lanka,18,0,4.5,18,7,0,0,18
1193505,1,5,Sri Lanka,19,0,3.8,19,1,0,0,19
1193505,1,6,Sri Lanka,27,1,4.457142857,0,8,1,0,25
1193505,1,7,Sri Lanka,28,1,3.857142857,1,1,0,0,25
1193505,1,8,Sri Lanka,31,1,3.75,4,3,0,0,20
1193505,1,9,Sri Lanka,33,2,3.555555556,2,2,1,0,15
1193505,1,10,Sri Lanka,35,2,3.4,4,2,0,0,16
1193505,1,11,Sri Lanka,38,2,3.363636364,7,3,0,0,11
1193505,1,12,Sri Lanka,41,2,3.333333333,10,3,0,0,13
1193505,1,13,Sri Lanka,49,2,3.692307692,18,8,0,0,18
1193505,1,14,Sri Lanka,50,2,3.5,19,1,0,0,17
1193505,1,15,Sri Lanka,53,3,3.466666667,1,3,1,1,18
1193505,1,16,Sri Lanka,54,3,3.3125,2,1,0,1,16
1193505,1,17,Sri Lanka,57,3,3.294117647,5,3,0,1,16
1193505,1,18,Sri Lanka,62,3,3.388888889,10,5,0,1,13
1193505,1,19,Sri Lanka,68,4,3.526315789,0,6,1,1,18
1193505,1,20,Sri Lanka,73,4,3.6,5,5,0,1,20
1193505,1,21,Sri Lanka,74,4,3.476190476,6,1,0,1,20
1193505,1,22,Sri Lanka,77,4,3.454545455,9,3,0,1,20
1193505,1,23,Sri Lanka,84,4,3.608695652,16,7,0,1,22
1193505,1,24,Sri Lanka,87,4,3.583333333,19,3,0,1,19
1193505,1,25,Sri Lanka,88,5,3.48,0,1,1,1,15
1193505,1,26,Sri Lanka,89,5,3.384615385,1,1,0,1,15
1193505,1,27,Sri Lanka,92,5,3.354037267,3,4,0,1,16
1193505,1,28,Sri Lanka,98,5,3.413173653,8,6,0,1,15
1193505,1,29,Sri Lanka,104,5,3.468208092,13,5,0,1,17
1193505,1,30,Sri Lanka,109,5,3.48603352,17,5,0,1,21
1193505,1,31,Sri Lanka,113,5,3.483870968,21,4,0,1,24
1193505,1,32,Sri Lanka,117,6,3.5,0,4,1,1,24
1193505,1,33,Sri Lanka,120,6,3.484848485,3,3,0,1,21
1193505,1,34,Sri Lanka,128,6,3.617647059,11,8,0,1,24
1193505,1,35,Sri Lanka,130,6,3.571428571,13,2,0,1,21
1193505,1,36,Sri Lanka,136,6,3.638888889,19,6,0,1,23
1193505,1,37,Sri Lanka,144,6,3.756756757,27,8,0,1,27
1193505,1,38,Sri Lanka,152,6,3.832599119,33,8,0,1,32
1193505,1,39,Sri Lanka,156,6,3.820512821,37,4,0,0,28
1193505,1,40,Sri Lanka,168,6,3.916317992,44,13,0,0,39
1193505,1,41,Sri Lanka,174,6,3.951219512,50,5,0,0,38
1193505,1,42,Sri Lanka,182,6,4.039840637,57,8,0,0,38
1193505,1,43,Sri Lanka,186,6,4.015564202,60,5,0,0,35
1193505,1,44,Sri Lanka,191,6,4.022727273,65,4,0,0,35
1193505,1,45,Sri Lanka,198,6,4.088888889,72,7,0,0,29
1193505,1,46,Sri Lanka,201,7,4.065217391,0,3,1,0,27
1193505,1,47,Sri Lanka,206,7,4.085106383,5,5,0,0,24
1193505,1,48,Sri Lanka,214,7,4.166666667,13,8,0,0,27
1193505,1,49,Sri Lanka,230,7,4.408163265,29,16,0,0,39
1193505,1,50,Sri Lanka,238,8,4.48,7,8,1,0,40
1244024,1,1,West Indies,1,1,1.0,0,1,1,0,1
1244024,1,2,West Indies,3,1,1.090909091,1,6,0,0,7
1244024,1,3,West Indies,12,1,3.666666667,10,5,0,0,12
1244024,1,4,West Indies,17,1,4.0,15,5,0,0,17
1244024,1,5,West Indies,21,1,4.0,19,4,0,0,21
1244024,1,6,West Indies,25,1,3.942857143,22,5,0,0,25
1244024,1,7,West Indies,30,1,3.951219512,26,4,0,0,23
1244024,1,8,West Indies,34,1,3.875,30,4,0,0,22
1244024,1,9,West Indies,42,2,4.333333333,4,8,1,0,25
1244024,1,10,West Indies,53,2,5.0,15,11,0,0,32
1244024,1,11,West Indies,58,2,5.0,20,5,0,0,32
1244024,1,12,West Indies,64,2,5.057142857,24,7,0,0,35
1244024,1,13,West Indies,68,2,4.769230769,27,3,0,0,34
1244024,1,14,West Indies,69,2,4.5,28,1,0,0,27
1244024,1,15,West Indies,72,2,4.4,31,3,0,0,19
1244024,1,16,West Indies,76,2,4.375,35,4,0,0,18
1244024,1,17,West Indies,78,2,4.217821782,36,2,0,0,13
1244024,1,18,West Indies,81,2,4.111111111,39,3,0,0,13
1244024,1,19,West Indies,86,2,4.157894737,44,5,0,0,17
1244024,1,20,West Indies,91,2,4.2,49,5,0,0,19
1244024,1,21,West Indies,94,2,4.128,51,3,0,0,18
1244024,1,22,West Indies,98,2,4.090909091,55,4,0,0,20
1244024,1,23,West Indies,102,2,4.086956522,59,4,0,0,21
1244024,1,24,West Indies,103,2,3.958333333,60,1,0,0,17
1244024,1,25,West Indies,111,2,4.12,68,8,0,0,20
1244024,1,26,West Indies,120,2,4.307692308,77,9,0,0,26
1244024,1,27,West Indies,124,2,4.296296296,81,4,0,0,26
1244024,1,28,West Indies,131,3,4.392857143,0,7,1,0,29
1244024,1,29,West Indies,133,3,4.310344828,2,2,0,0,30
1244024,1,30,West Indies,137,3,4.3,6,4,0,0,26
1244024,1,31,West Indies,147,3,4.483870968,16,10,0,0,27
1244024,1,32,West Indies,153,3,4.53125,22,6,0,0,29
1244024,1,33,West Indies,158,3,4.507614213,25,5,0,0,27
1244024,1,34,West Indies,163,3,4.492610837,29,5,0,0,30
1244024,1,35,West Indies,167,3,4.457142857,33,4,0,0,30
1244024,1,36,West Indies,176,3,4.570093458,40,10,0,0,30
1244024,1,37,West Indies,181,4,4.540540541,2,4,1,0,28
1244024,1,38,West Indies,186,4,4.552631579,7,5,0,0,28
1244024,1,39,West Indies,190,4,4.538461538,11,4,0,0,27
1244024,1,40,West Indies,197,4,4.6,18,7,0,0,30
1244024,1,41,West Indies,204,4,4.658536585,25,7,0,0,27
1244024,1,42,West Indies,210,4,4.685258964,30,6,0,0,29
1244024,1,43,West Indies,218,4,4.744186047,38,8,0,0,32
1244024,1,44,West Indies,226,4,4.818181818,46,8,0,0,36
1244024,1,45,West Indies,237,4,4.951672862,56,14,0,0,43
1244024,1,46,West Indies,245,4,4.97826087,63,5,0,0,41
1244024,1,47,West Indies,262,5,5.234042553,11,17,1,0,52
1244024,1,48,West Indies,268,5,5.226480836,15,7,0,0,51
1244024,1,49,West Indies,275,5,5.244897959,22,6,0,0,49
1244024,1,50,West Indies,295,6,5.418060201,5,22,1,0,57
1262344,1,1,Sri Lanka,1,0,0.0,0,5,0,0,5
1262344,1,2,Sri Lanka,9,1,4.0,4,4,1,0,9
1262344,1,3,Sri Lanka,11,1,3.176470588,5,3,0,0,12
1262344,1,4,Sri Lanka,14,1,3.0,8,2,0,0,14
1262344,1,5,Sri Lanka,18,1,3.2,12,4,0,0,18
1262344,1,6,Sri Lanka,26,1,3.942857143,19,8,0,0,21
1262344,1,7,Sri Lanka,26,1,3.285714286,19,0,0,0,17
1262344,1,8,Sri Lanka,27,1,3.0,20,1,0,0,15
1262344,1,9,Sri Lanka,37,1,3.777777778,30,10,0,0,23
1262344,1,10,Sri Lanka,40,1,3.661016949,32,3,0,0,22
1262344,1,11,Sri Lanka,42,1,3.454545455,34,2,0,0,16
1262344,1,12,Sri Lanka,43,1,3.25,35,1,0,0,17
1262344,1,13,Sri Lanka,46,2,3.230769231,3,3,1,0,19
1262344,1,14,Sri Lanka,52,2,3.428571429,9,6,0,0,15
1262344,1,15,Sri Lanka,54,2,3.333333333,11,2,0,0,14
1262344,1,16,Sri Lanka,56,2,3.25,13,2,0,0,14
1262344,1,17,Sri Lanka,58,2,3.176470588,15,2,0,0,15
1262344,1,18,Sri Lanka,65,2,3.308411215,20,8,0,0,20
1262344,1,19,Sri Lanka,71,2,3.421052632,26,5,0,0,19
1262344,1,20,Sri Lanka,79,2,3.65,34,8,0,0,25
1262344,1,21,Sri Lanka,88,2,3.904761905,43,9,0,0,32
1262344,1,22,Sri Lanka,96,2,4.090909091,51,8,0,0,38
1262344,1,23,Sri Lanka,99,4,4.043478261,0,3,2,0,33
1262344,1,24,Sri Lanka,100,4,3.916666667,1,1,0,0,29
1262344,1,25,Sri Lanka,103,4,3.88,4,3,0,0,24
1262344,1,26,Sri Lanka,108,4,3.923076923,9,5,0,0,20
1262344,1,27,Sri Lanka,117,4,4.111111111,18,9,0,0,21
1262344,1,28,Sri Lanka,120,4,4.071428571,21,3,0,0,21
1262344,1,29,Sri Lanka,121,4,3.965517241,22,1,0,0,21
1262344,1,30,Sri Lanka,124,4,3.933333333,25,3,0,0,21
1262344,1,31,Sri Lanka,132,4,4.021621622,31,8,0,0,24
1262344,1,32,Sri Lanka,141,4,4.15625,40,9,0,0,24
1262344,1,33,Sri Lanka,145,4,4.151515152,44,4,0,0,25
1262344,1,34,Sri Lanka,153,4,4.226600985,50,8,0,0,32
1262344,1,35,Sri Lanka,162,4,4.342857143,59,9,0,0,38
1262344,1,36,Sri Lanka,171,4,4.465116279,67,12,0,0,42
1262344,1,37,Sri Lanka,182,4,4.621621622,78,8,0,0,41
1262344,1,38,Sri Lanka,187,4,4.631578947,83,5,0,0,42
1262344,1,39,Sri Lanka,190,4,4.58974359,86,3,0,0,37
1262344,1,40,Sri Lanka,193,4,4.55,89,3,0,0,31
1262344,1,41,Sri Lanka,194,4,4.463414634,90,1,0,0,20
1262344,1,42,Sri Lanka,199,4,4.476190476,95,5,0,0,17
1262344,1,43,Sri Lanka,208,4,4.581395349,104,9,0,0,21
1262344,1,44,Sri Lanka,210,5,4.522727273,2,2,1,0,20
1262344,1,45,Sri Lanka,214,5,4.505576208,5,5,0,0,22
1262344,1,46,Sri Lanka,220,5,4.52173913,11,5,0,0,26
1262344,1,47,Sri Lanka,230,5,4.638297872,21,10,0,0,31
1262344,1,48,Sri Lanka,233,6,4.604166667,3,3,1,0,25
1262344,1,49,Sri Lanka,243,6,4.709897611,12,14,0,0,37
1262344,1,50,Sri Lanka,257,6,4.88,26,10,0,0,42
1262346,1,1,Sri Lanka,15,0,13.5,9,15,0,0,15
1262346,1,2,Sri Lanka,15,2,4.5,0,0,2,0,15
1262346,1,3,Sri Lanka,16,2,3.333333333,1,1,0,0,16
1262346,1,4,Sri Lanka,16,2,2.5,1,0,0,0,16
1262346,1,5,Sri Lanka,20,2,2.689655172,4,5,0,0,21
1262346,1,6,Sri Lanka,26,2,3.166666667,10,5,0,0,11
1262346,1,7,Sri Lanka,29,2,3.142857143,13,3,0,0,14
1262346,1,8,Sri Lanka,35,2,3.5,19,6,0,0,19
1262346,1,9,Sri Lanka,38,2,3.444444444,22,3,0,0,22
1262346,1,10,Sri Lanka,44,2,3.7,28,6,0,0,23
1262346,1,11,Sri Lanka,49,2,3.818181818,33,5,0,0,23
1262346,1,12,Sri Lanka,52,3,3.75,3,3,1,1,23
1262346,1,13,Sri Lanka,58,3,3.923076923,9,6,0,1,23
1262346,1,14,Sri Lanka,62,3,3.903614458,12,8,0,1,28
1262346,1,15,Sri Lanka,69,3,4.066666667,19,3,0,1,25
1262346,1,16,Sri Lanka,74,4,4.125,0,5,1,1,25
1262346,1,17,Sri Lanka,75,4,3.941176471,1,1,0,0,23
1262346,1,18,Sri Lanka,81,4,4.037383178,6,6,0,0,23
1262346,1,19,Sri Lanka,88,4,4.157894737,13,7,0,0,22
1262346,1,20,Sri Lanka,91,4,4.1,16,3,0,0,22
1262346,1,21,Sri Lanka,93,4,4.0,18,2,0,0,19
1262346,1,22,Sri Lanka,98,4,4.045454545,23,5,0,0,23
1262346,1,23,Sri Lanka,103,4,4.086956522,28,5,0,0,22
1262346,1,24,Sri Lanka,103,4,3.916666667,28,0,0,0,15
1262346,1,25,Sri Lanka,111,4,4.08,36,8,0,0,20
1262346,1,26,Sri Lanka,114,4,4.038461538,39,3,0,0,21
1262346,1,27,Sri Lanka,119,4,4.074074074,44,5,0,0,21
1262346,1,28,Sri Lanka,122,4,4.035714286,47,3,0,0,19
1262346,1,29,Sri Lanka,134,4,4.310344828,59,12,0,0,31
1262346,1,30,Sri Lanka,141,4,4.4,66,7,0,0,30
1262346,1,31,Sri Lanka,149,4,4.516129032,74,8,0,0,35
1262346,1,32,Sri Lanka,155,4,4.5625,80,6,0,0,36
1262346,1,33,Sri Lanka,158,4,4.515151515,83,3,0,0,36
1262346,1,34,Sri Lanka,165,5,4.588235294,4,7,1,0,31
1262346,1,35,Sri Lanka,172,5,4.657142857,11,7,0,0,31
1262346,1,36,Sri Lanka,175,5,4.611111111,14,3,0,0,26
1262346,1,37,Sri Lanka,179,6,4.594594595,1,4,1,0,24
1262346,1,38,Sri Lanka,184,7,4.605263158,0,5,1,1,26
1262346,1,39,Sri Lanka,185,7,4.512820513,1,1,0,1,20
1262346,1,40,Sri Lanka,188,7,4.475,4,3,0,1,16
1262346,1,41,Sri Lanka,195,7,4.536585366,11,7,0,1,20
1262346,1,42,Sri Lanka,203,7,4.619047619,19,8,0,1,24
1262346,1,43,Sri Lanka,212,7,4.720930233,28,9,0,0,28
1262346,1,44,Sri Lanka,217,7,4.727272727,33,5,0,0,32
1262346,1,45,Sri Lanka,228,7,4.862453532,43,11,0,0,40
1262346,1,46,Sri Lanka,231,7,4.804347826,46,3,0,0,36
1262346,1,47,Sri Lanka,237,8,4.829787234,5,6,1,0,34
1262346,1,48,Sri Lanka,246,9,4.916666667,0,9,1,0,34
1262346,1,49,Sri Lanka,246,10,4.899653979,0,0,1,1,29
1262347,2,1,Sri Lanka,2,0,2.0,2,2,0,0,2
1262347,2,2,Sri Lanka,3,1,1.5,1,1,1,0,3
1262347,2,3,Sri Lanka,9,1,2.823529412,6,6,0,0,9
1262347,2,4,Sri Lanka,11,2,2.5,2,2,1,0,11
1262347,2,5,Sri Lanka,13,2,2.4,4,2,0,0,13
1262347,2,6,Sri Lanka,13,2,2.0,4,0,0,0,11
1262347,2,7,Sri Lanka,19,2,2.571428571,10,6,0,0,16
1262347,2,8,Sri Lanka,21,2,2.5,12,2,0,0,12
1262347,2,9,Sri Lanka,28,2,3.0,19,7,0,0,17
1262347,2,10,Sri Lanka,29,3,2.8,1,1,1,1,16
1262347,2,11,Sri Lanka,33,3,2.909090909,5,4,0,1,20
1262347,2,12,Sri Lanka,38,3,3.083333333,10,5,0,1,19
1262347,2,13,Sri Lanka,41,3,3.076923077,13,3,0,1,20
1262347,2,14,Sri Lanka,48,3,3.325301205,19,7,0,1,20
1262347,2,15,Sri Lanka,49,3,3.133333333,20,1,0,1,20
1262347,2,16,Sri Lanka,51,3,3.0625,22,2,0,1,18
1262347,2,17,Sri Lanka,53,3,3.0,24,2,0,1,15
1262347,2,18,Sri Lanka,64,3,3.420560748,34,11,0,1,23
1262347,2,19,Sri Lanka,68,3,3.421052632,38,4,0,1,20
1262347,2,20,Sri Lanka,70,3,3.35,40,2,0,1,21
1262347,2,21,Sri Lanka,75,3,3.428571429,45,5,0,1,24
1262347,2,22,Sri Lanka,79,3,3.389312977,47,5,0,1,27
1262347,2,23,Sri Lanka,84,3,3.434782609,52,4,0,1,20
1262347,2,24,Sri Lanka,88,4,3.458333333,4,4,1,1,20
1262347,2,25,Sri Lanka,90,4,3.4,6,2,0,1,20
1262347,2,26,Sri Lanka,95,4,3.44516129,10,9,0,1,24
1262347,2,27,Sri Lanka,104,4,3.62962963,19,5,0,1,24
1262347,2,28,Sri Lanka,109,4,3.678571429,24,5,0,1,25
1262347,2,29,Sri Lanka,113,4,3.689655172,28,4,0,0,25
1262347,2,30,Sri Lanka,120,4,3.8,35,7,0,0,30
1262347,2,31,Sri Lanka,123,4,3.774193548,38,3,0,0,24
1262347,2,32,Sri Lanka,126,5,3.75,1,3,1,0,22
1262347,2,33,Sri Lanka,130,5,3.757575758,5,4,0,0,21
1262347,2,34,Sri Lanka,137,5,3.852941176,12,7,0,0,24
1262347,2,35,Sri Lanka,146,5,4.0,21,9,0,0,26
1262347,2,36,Sri Lanka,153,5,4.083333333,28,7,0,0,30
1262347,2,37,Sri Lanka,157,5,4.081081081,32,4,0,0,31
1262347,2,38,Sri Lanka,161,6,4.078947368,3,4,1,0,31
1262347,2,39,Sri Lanka,162,8,4.0,0,1,2,1,25
1262347,2,40,Sri Lanka,171,8,4.125,9,9,0,1,25
1262347,2,41,Sri Lanka,172,8,4.048780488,10,1,0,1,19
1262347,2,42,Sri Lanka,181,9,4.166666667,0,9,1,1,24
1262347,2,43,Sri Lanka,189,10,4.305882353,0,8,1,1,28
1267677,1,1,Zimbabwe,0,0,0.0,0,0,0,0,0
1267677,1,2,Zimbabwe,0,0,0.0,0,0,0,0,0
1267677,1,3,Zimbabwe,5,1,1.666666667,5,5,1,0,5
1267677,1,4,Zimbabwe,13,1,2.086956522,8,8,0,0,13
1267677,1,5,Zimbabwe,13,1,1.6,8,0,0,0,13
1267677,1,6,Zimbabwe,19,1,2.057142857,12,8,0,0,21
1267677,1,7,Zimbabwe,25,1,2.571428571,18,4,0,0,25
1267677,1,8,Zimbabwe,31,1,3.0,24,6,0,0,26
1267677,1,9,Zimbabwe,36,2,3.222222222,4,5,1,0,23
1267677,1,10,Zimbabwe,38,2,3.1,6,2,0,0,25
1267677,1,11,Zimbabwe,46,2,3.545454545,14,8,0,0,25
1267677,1,12,Zimbabwe,47,2,3.333333333,15,1,0,0,22
1267677,1,13,Zimbabwe,54,2,3.615384615,22,7,0,0,23
1267677,1,14,Zimbabwe,57,3,3.571428571,0,3,1,0,21
1267677,1,15,Zimbabwe,62,3,3.666666667,5,5,0,0,24
1267677,1,16,Zimbabwe,67,3,3.75,10,5,0,0,21
1267677,1,17,Zimbabwe,70,3,3.705882353,13,3,0,0,23
1267677,1,18,Zimbabwe,74,3,3.722222222,17,4,0,0,20
1267677,1,19,Zimbabwe,74,4,3.526315789,0,0,1,0,17
1267677,1,20,Zimbabwe,76,4,3.45,2,2,0,0,14
1267677,1,21,Zimbabwe,79,4,3.428571429,5,3,0,0,12
1267677,1,22,Zimbabwe,83,4,3.454545455,9,4,0,0,13
1267677,1,23,Zimbabwe,90,4,3.608695652,16,7,0,0,16
1267677,1,24,Zimbabwe,91,4,3.5,17,1,0,0,17
1267677,1,25,Zimbabwe,98,4,3.64,24,7,0,0,22
1267677,1,26,Zimbabwe,102,4,3.653846154,28,4,0,0,23
1267677,1,27,Zimbabwe,105,4,3.614906832,30,4,0,0,23
1267677,1,28,Zimbabwe,110,4,3.607142857,34,4,0,0,20
1267677,1,29,Zimbabwe,117,4,3.724137931,41,7,0,0,26
1267677,1,30,Zimbabwe,124,4,3.833333333,48,7,0,0,26
1267677,1,31,Zimbabwe,126,4,3.774193548,50,2,0,0,24
1267677,1,32,Zimbabwe,136,4,3.96875,60,10,0,0,30
1267677,1,33,Zimbabwe,144,4,4.090909091,68,8,0,0,34
1267677,1,34,Zimbabwe,154,4,4.256157635,77,11,0,0,38
1267677,1,35,Zimbabwe,164,4,4.4,87,9,0,0,40
1267677,1,36,Zimbabwe,167,5,4.353488372,0,4,1,0,42
1267677,1,37,Zimbabwe,175,5,4.432432432,8,7,0,0,39
1267677,1,38,Zimbabwe,186,5,4.605263158,19,11,0,0,42
1267677,1,39,Zimbabwe,193,5,4.666666667,26,7,0,0,38
1267677,1,40,Zimbabwe,199,5,4.7,32,6,0,0,35
1267677,1,41,Zimbabwe,205,5,4.726530612,37,7,0,0,38
1267677,1,42,Zimbabwe,209,6,4.69047619,2,3,1,0,34
1267677,1,43,Zimbabwe,211,6,4.627906977,4,2,0,0,25
1267677,1,44,Zimbabwe,221,6,4.75,14,10,0,0,28
1267677,1,45,Zimbabwe,228,6,4.8,21,7,0,0,29
1267677,1,46,Zimbabwe,233,6,4.8,25,6,0,0,28
1267677,1,47,Zimbabwe,240,6,4.825622776,31,7,0,0,32
1267677,1,48,Zimbabwe,252,6,4.951048951,41,16,0,0,46
1267677,1,49,Zimbabwe,267,9,5.119453925,0,10,3,1,46
1267677,1,50,Zimbabwe,274,9,5.137123746,6,9,0,1,48
1277098,1,1,South Africa,3,0,2.4,2,3,0,0,3
1277098,1,2,South Africa,7,0,3.0,6,4,0,0,7
1277098,1,3,South Africa,7,1,2.0,0,0,1,0,7
1277098,1,4,South Africa,8,2,1.75,0,1,1,0,8
1277098,1,5,South Africa,12,2,2.2,4,4,0,0,12
1277098,1,6,South Africa,15,2,2.333333333,7,3,0,0,12
1277098,1,7,South Africa,23,2,3.142857143,15,8,0,0,16
1277098,1,8,South Africa,26,3,3.0,1,4,1,1,20
1277098,1,9,South Africa,28,3,2.777777778,3,1,0,1,20
1277098,1,10,South Africa,30,3,2.644067797,4,2,0,1,18
1277098,1,11,South Africa,33,3,2.636363636,7,3,0,1,18
1277098,1,12,South Africa,34,4,2.5,0,1,1,1,11
1277098,1,13,South Africa,35,5,2.384615385,1,1,1,1,8
1277098,1,14,South Africa,45,5,2.928571429,11,10,0,1,17
1277098,1,15,South Africa,47,5,2.866666667,13,2,0,1,17
1277098,1,16,South Africa,48,5,2.75,14,1,0,1,15
1277098,1,17,South Africa,52,5,2.823529412,18,4,0,1,18
1277098,1,18,South Africa,56,5,2.888888889,22,4,0,1,21
1277098,1,19,South Africa,59,5,2.894736842,25,3,0,1,14
1277098,1,20,South Africa,65,5,3.05,31,6,0,1,18
1277098,1,21,South Africa,66,5,2.952380952,32,1,0,1,18
1277098,1,22,South Africa,69,5,2.954545455,35,3,0,1,17
1277098,1,23,South Africa,77,5,3.173913043,43,8,0,1,21
1277098,1,24,South Africa,79,5,3.125,45,2,0,1,20
1277098,1,25,South Africa,85,5,3.24,51,6,0,1,20
1277098,1,26,South Africa,87,5,3.192307692,53,2,0,1,21
1277098,1,27,South Africa,94,5,3.333333333,60,7,0,1,25
1277098,1,28,South Africa,100,6,3.428571429,6,6,1,1,23
1277098,1,29,South Africa,105,6,3.482758621,11,5,0,1,26
1277098,1,30,South Africa,108,6,3.466666667,14,3,0,1,23
1277098,1,31,South Africa,109,6,3.387096774,15,1,0,1,22
1277098,1,32,South Africa,110,6,3.3125,16,1,0,1,16
1277098,1,33,South Africa,111,6,3.242424242,17,1,0,1,11
1277098,1,34,South Africa,113,6,3.205882353,19,2,0,1,8
1277098,1,35,South Africa,124,6,3.217391304,21,13,0,1,18
1277098,1,36,South Africa,132,6,3.293023256,28,6,0,1,23
1277098,1,37,South Africa,138,6,3.351351351,34,6,0,1,28
1277098,1,38,South Africa,143,6,3.394736842,39,5,0,1,32
1277098,1,39,South Africa,144,6,3.333333333,40,1,0,1,31
1277098,1,40,South Africa,146,6,3.3,42,2,0,1,20
1277098,1,41,South Africa,151,6,3.341463415,47,5,0,1,19
1277098,1,42,South Africa,155,6,3.357142857,51,4,0,1,17
1277098,1,43,South Africa,161,6,3.418604651,57,6,0,1,18
1277098,1,44,South Africa,166,6,3.44486692,61,9,0,1,26
1277098,1,45,South Africa,180,6,3.666666667,75,10,0,1,34
1277098,1,46,South Africa,181,8,3.608695652,0,1,2,0,30
1277098,1,47,South Africa,184,8,3.595744681,3,3,0,0,29
1277098,1,48,South Africa,187,8,3.583333333,6,3,0,0,26
1277098,1,49,South Africa,190,9,3.571428571,2,3,1,1,20
1277098,1,50,South Africa,194,9,3.571906355,5,4,0,1,14
1317153,2,1,West Indies,4,0,3.0,2,4,0,0,4
1317153,2,2,West Indies,6,0,2.0,4,2,0,0,6
1317153,2,3,West Indies,7,0,1.666666667,5,1,0,0,7
1317153,2,4,West Indies,11,0,2.25,9,4,0,0,11
1317153,2,5,West Indies,13,0,2.2,11,2,0,0,13
1317153,2,6,West Indies,19,0,2.647058824,15,8,0,0,17
1317153,2,7,West Indies,23,0,2.634146341,18,6,0,0,21
1317153,2,8,West Indies,34,0,3.574468085,28,7,0,0,27
1317153,2,9,West Indies,34,0,3.111111111,28,0,0,0,23
1317153,2,10,West Indies,41,0,3.457627119,34,7,0,0,28
1317153,2,11,West Indies,44,0,3.323076923,36,4,0,0,24
1317153,2,12,West Indies,48,0,3.295774648,39,3,0,0,21
1317153,2,13,West Indies,49,1,3.076923077,1,1,1,0,15
1317153,2,14,West Indies,58,1,3.5,10,9,0,0,24
1317153,2,15,West Indies,67,1,3.866666667,19,9,0,0,26
1317153,2,16,West Indies,73,1,4.0,25,6,0,0,28
1317153,2,17,West Indies,83,1,4.352941176,35,10,0,0,35
1317153,2,18,West Indies,93,1,4.666666667,45,10,0,0,44
1317153,2,19,West Indies,99,1,4.736842105,51,6,0,0,41
1317153,2,20,West Indies,108,1,4.95,60,9,0,0,41
1317153,2,21,West Indies,112,1,4.983870968,64,4,0,0,39
1340845,2,1,India,5,1,5.0,5,5,1,0,5
1340845,2,2,India,7,1,3.5,7,2,0,0,7
1340845,2,3,India,8,1,2.666666667,8,1,0,0,8
1340845,2,4,India,15,1,3.75,15,7,0,0,15
1340845,2,5,India,15,1,3.0,15,0,0,0,15
1340845,2,6,India,17,1,2.833333333,17,2,0,0,12
1340845,2,7,India,18,1,2.571428571,18,1,0,0,11
1340845,2,8,India,25,1,3.063829787,24,7,0,0,17
1340845,2,9,India,26,1,2.777777778,25,1,0,0,11
1340845,2,10,India,30,2,2.9,4,4,1,0,15
1340845,2,11,India,31,2,2.727272727,5,1,0,0,14
1340845,2,12,India,35,2,2.833333333,9,4,0,0,17
1340845,2,13,India,40,2,3.0,14,5,0,0,15
1340845,2,14,India,48,2,3.357142857,22,8,0,0,22
1340845,2,15,India,51,2,3.333333333,25,3,0,0,21
1340845,2,16,India,60,2,3.663157895,33,10,0,0,30
1340845,2,17,India,65,2,3.705882353,38,4,0,0,30
1340845,2,18,India,67,2,3.611111111,40,2,0,0,27
1340845,2,19,India,74,2,3.789473684,47,7,0,0,26
1340845,2,20,India,77,3,3.75,3,3,1,0,26
1340845,2,21,India,81,3,3.761904762,7,4,0,0,20
1340845,2,22,India,86,3,3.818181818,12,5,0,0,21
1340845,2,23,India,95,3,4.043478261,21,9,0,0,28
1340845,2,24,India,97,4,3.958333333,2,2,1,0,23
1340845,2,25,India,97,4,3.8,2,0,0,0,20
1340845,2,26,India,102,4,3.846153846,7,5,0,0,21
1340845,2,27,India,105,4,3.801242236,9,4,0,0,20
1340845,2,28,India,109,4,3.785714286,13,3,0,0,14
1340845,2,29,India,110,4,3.689655172,14,1,0,0,13
1340845,2,30,India,116,4,3.766666667,20,6,0,0,19
1340845,2,31,India,117,4,3.677419355,21,1,0,0,15
1340845,2,32,India,119,4,3.625,23,2,0,0,13
1340845,2,33,India,122,4,3.606060606,26,3,0,0,13
1340845,2,34,India,127,4,3.63546798,30,5,0,0,17
1340845,2,35,India,128,5,3.542857143,0,1,1,0,12
1340845,2,36,India,128,6,3.444444444,0,0,1,1,11
1340845,2,37,India,131,6,3.432432432,3,3,0,1,12
1340845,2,38,India,134,6,3.421052632,6,3,0,1,12
1340845,2,39,India,135,8,3.347639485,0,1,2,1,8
1340845,2,40,India,140,9,3.375,4,5,1,1,12
1340845,2,41,India,154,9,3.624489796,17,14,0,1,26
1340845,2,42,India,155,9,3.547619048,18,1,0,1,24
1340845,2,43,India,158,9,3.534883721,21,3,0,1,24
1340845,2,44,India,169,9,3.69581749,31,15,0,1,38
1340845,2,45,India,179,9,3.822222222,41,6,0,1,39
1340845,2,46,India,186,9,3.861818182,46,8,0,1,33
1351399,1,1,England,2,1,1.2,0,2,1,0,2
1351399,1,2,England,3,1,1.0,1,1,0,0,3
1351399,1,3,England,17,2,5.333333333,0,14,1,0,17
1351399,1,4,England,19,2,4.5,2,2,0,0,19
1351399,1,5,England,19,2,3.6,2,0,0,0,19
1351399,1,6,England,21,2,3.333333333,4,2,0,0,19
1351399,1,7,England,27,2,3.714285714,10,6,0,0,24
1351399,1,8,England,27,2,3.25,10,0,0,0,10
1351399,1,9,England,32,2,3.396226415,14,5,0,0,13
1351399,1,10,England,34,2,3.2,16,2,0,0,15
1351399,1,11,England,36,2,3.090909091,18,2,0,0,15
1351399,1,12,England,43,2,3.416666667,25,7,0,0,16
1351399,1,13,England,47,2,3.461538462,29,4,0,0,20
1351399,1,14,England,54,2,3.714285714,36,7,0,0,22
1351399,1,15,England,59,2,3.8,41,5,0,0,25
1351399,1,16,England,67,2,4.0625,49,8,0,0,31
1351399,1,17,England,70,2,4.0,52,3,0,0,27
1351399,1,18,England,77,2,4.166666667,59,7,0,0,30
1351399,1,19,England,84,2,4.315789474,66,7,0,0,30
1351399,1,20,England,88,2,4.3,70,4,0,0,29
1351399,1,21,England,93,2,4.333333333,75,5,0,0,26
1351399,1,22,England,101,2,4.5,83,8,0,0,31
1351399,1,23,England,107,2,4.565217391,89,6,0,0,30
1351399,1,24,England,114,2,4.666666667,96,7,0,0,30
1351399,1,25,England,118,3,4.64,3,4,1,0,30
1351399,1,26,England,119,3,4.5,4,1,0,0,26
1351399,1,27,England,127,3,4.62962963,12,8,0,0,26
1351399,1,28,England,133,3,4.678571429,18,6,0,0,26
1351399,1,29,England,137,3,4.655172414,22,4,0,0,23
1351399,1,30,England,144,3,4.733333333,29,7,0,0,26
1351399,1,31,England,150,3,4.774193548,35,6,0,0,31
1351399,1,32,England,152,3,4.6875,37,2,0,0,25
1351399,1,33,England,153,4,4.575757576,0,1,1,0,20
1351399,1,34,England,156,4,4.529411765,3,3,0,0,19
1351399,1,35,England,165,5,4.657142857,2,9,1,0,21
1351399,1,36,England,170,5,4.666666667,7,5,0,0,20
1351399,1,37,England,171,5,4.567567568,8,1,0,0,19
1351399,1,38,England,179,5,4.657894737,16,8,0,0,26
1351399,1,39,England,187,5,4.743589744,24,8,0,0,31
1351399,1,40,England,190,5,4.7,27,3,0,0,25
1351399,1,41,England,199,5,4.804878049,36,9,0,0,29
1351399,1,42,England,204,5,4.80952381,41,5,0,0,33
1351399,1,43,England,209,5,4.813953488,46,5,0,0,30
1351399,1,44,England,212,6,4.772727273,0,3,1,0,25
1351399,1,45,England,219,7,4.822222222,0,7,1,0,29
1351399,1,46,England,227,7,4.891304348,8,8,0,0,28
1351399,1,47,England,229,8,4.825622776,1,3,1,1,26
1351399,1,48,England,242,8,4.975609756,13,12,0,1,33
1351399,1,49,England,246,10,4.955631399,0,4,2,1,34
1364125,2,1,Ireland,1,0,1.0,1,1,0,0,1
1364125,2,2,Ireland,7,0,3.5,7,6,0,0,7
1364125,2,3,Ireland,9,0,3.0,9,2,0,0,9
1364125,2,4,Ireland,9,1,2.25,0,0,1,0,9
1364125,2,5,Ireland,15,1,3.0,6,6,0,0,15
1364125,2,6,Ireland,25,1,4.058823529,14,10,0,0,24
1364125,2,7,Ireland,36,1,4.857142857,25,11,0,0,29
1364125,2,8,Ireland,37,1,4.375,26,1,0,0,28
1364125,2,9,Ireland,40,1,4.222222222,29,3,0,0,31
1364125,2,10,Ireland,45,2,4.271186441,4,6,1,0,31
1364125,2,11,Ireland,51,2,4.272727273,9,5,0,0,26
1364125,2,12,Ireland,55,2,4.25,13,4,0,0,19
1364125,2,13,Ireland,66,2,4.769230769,24,11,0,0,29
1364125,2,14,Ireland,72,2,4.857142857,30,6,0,0,32
1364125,2,15,Ireland,86,2,5.466666667,44,14,0,0,40
1364125,2,16,Ireland,98,2,5.875,56,12,0,0,47
1364125,2,17,Ireland,101,3,5.705882353,0,3,1,0,46
1364125,2,18,Ireland,105,3,5.611111111,4,4,0,0,39
1364125,2,19,Ireland,113,3,5.736842105,12,8,0,0,41
1364125,2,20,Ireland,118,3,5.7,17,5,0,0,32
1364125,2,21,Ireland,126,3,5.80952381,25,8,0,0,28
1364125,2,22,Ireland,135,3,5.954545455,34,9,0,0,34
1364125,2,23,Ireland,145,3,6.130434783,44,10,0,0,40
1364125,2,24,Ireland,154,3,6.25,53,9,0,0,41
1364125,2,25,Ireland,162,3,6.32,61,8,0,0,44
1364125,2,26,Ireland,168,3,6.307692308,67,6,0,0,42
1364125,2,27,Ireland,179,3,6.481481481,78,11,0,0,44
1364125,2,28,Ireland,185,3,6.464285714,84,6,0,0,40
1364125,2,29,Ireland,188,3,6.344827586,87,3,0,0,34
1364125,2,30,Ireland,194,3,6.333333333,93,6,0,0,32
1364125,2,31,Ireland,206,3,6.516129032,105,12,0,0,38
1364125,2,32,Ireland,214,3,6.5625,113,8,0,0,35
1364125,2,33,Ireland,227,3,6.757575758,126,13,0,0,42
1364125,2,34,Ireland,232,4,6.705882353,0,5,1,0,44
1364125,2,35,Ireland,241,4,6.775119617,8,9,0,0,47
1364125,2,36,Ireland,248,4,6.75,15,7,0,0,42
1364125,2,37,Ireland,257,5,6.810810811,0,9,1,0,43
1364125,2,38,Ireland,263,5,6.792951542,5,7,0,0,37
1364125,2,39,Ireland,277,5,6.9527897,18,13,0,0,45
1364125,2,40,Ireland,286,6,6.975,0,9,1,0,45
1364125,2,41,Ireland,293,6,6.975609756,7,7,0,0,45
1364125,2,42,Ireland,299,6,6.952380952,13,6,0,0,42
1364125,2,43,Ireland,307,6,6.980544747,20,9,0,0,44
1364125,2,44,Ireland,315,7,6.977272727,6,7,1,0,38
1364125,2,45,Ireland,320,7,6.988764045,10,5,0,0,34
1384398,2,1,England,12,0,12.0,12,12,0,0,12
1384398,2,2,England,14,2,7.0,0,2,2,0,14
1384398,2,3,England,17,2,5.666666667,3,3,0,0,17
1384398,2,4,England,22,2,5.5,8,5,0,0,22
1384398,2,5,England,26,2,5.2,12,4,0,0,26
1384398,2,6,England,26,3,4.333333333,0,0,1,1,14
1384398,2,7,England,41,3,5.857142857,15,15,0,1,27
1384398,2,8,England,46,3,5.75,20,5,0,1,29
1384398,2,9,England,49,4,5.444444444,0,3,1,1,27
1384398,2,10,England,57,4,5.7,8,8,0,1,31
1384398,2,11,England,65,4,5.909090909,16,8,0,1,39
1384398,2,12,England,68,4,5.666666667,19,3,0,1,27
1384398,2,13,England,71,4,5.461538462,22,3,0,1,25
1384398,2,14,England,74,4,5.285714286,25,3,0,0,25
1384398,2,15,England,80,4,5.325842697,30,7,0,0,24
1384398,2,16,England,87,4,5.375,37,6,0,0,22
1384398,2,17,England,93,4,5.411764706,43,6,0,0,25
1384398,2,18,England,96,4,5.277777778,46,3,0,0,25
1384398,2,19,England,106,4,5.526315789,56,10,0,0,32
1384398,2,20,England,116,4,5.75,66,10,0,0,35
1384398,2,21,England,121,5,5.714285714,0,5,1,0,34
1384398,2,22,England,126,5,5.681818182,5,5,0,0,33
1384398,2,23,England,131,5,5.652173913,10,5,0,0,35
1384398,2,24,England,133,5,5.5,12,2,0,0,27
1384398,2,25,England,135,5,5.36,14,2,0,0,19
1384398,2,26,England,137,5,5.230769231,16,2,0,0,16
1384398,2,27,England,144,5,5.296296296,23,7,0,0,18
1384398,2,28,England,148,5,5.25,27,4,0,0,17
1384398,2,29,England,155,5,5.310344828,34,7,0,0,22
1384398,2,30,England,160,5,5.3,39,5,0,0,25
1384398,2,31,England,164,6,5.258064516,0,4,1,0,27
1384398,2,32,England,166,6,5.15625,2,2,0,0,22
1384398,2,33,England,168,6,5.060606061,4,2,0,0,20
1384398,2,34,England,169,6,4.941176471,5,1,0,0,14
1384398,2,35,England,174,6,4.942857143,10,5,0,0,14
1384398,2,36,England,176,6,4.861111111,12,2,0,0,12
1384398,2,37,England,180,6,4.837837838,16,4,0,0,14
1384398,2,38,England,186,6,4.863436123,21,6,0,0,18
1384398,2,39,England,189,6,4.794871795,24,3,0,0,20
1384398,2,40,England,191,7,4.725,2,2,1,0,17
1384398,2,41,England,195,8,4.707317073,0,4,1,1,19
1384398,2,42,England,198,8,4.666666667,3,3,0,1,18
1384398,2,43,England,201,8,4.627906977,6,3,0,1,15
1384398,2,44,England,209,8,4.704545455,14,8,0,1,20
1384398,2,45,England,216,8,4.750929368,20,11,0,1,29
1384398,2,46,England,221,9,4.739130435,0,1,1,1,26
1384398,2,47,England,225,9,4.723404255,4,4,0,1,27
1384398,2,48,England,227,9,4.666666667,6,2,0,1,26
1384398,2,49,England,227,10,4.634482759,0,0,1,1,18
1384408,1,1,India,1,0,1.0,1,1,0,0,1
1384408,1,2,India,5,0,2.5,5,4,0,0,5
1384408,1,3,India,5,0,1.666666667,5,0,0,0,5
1384408,1,4,India,6,0,1.5,6,1,0,0,6
1384408,1,5,India,10,0,2.0,10,4,0,0,10
1384408,1,6,India,19,0,3.166666667,19,9,0,0,18
1384408,1,7,India,21,0,2.926829268,20,8,0,0,22
1384408,1,8,India,37,0,4.468085106,35,10,0,0,32
1384408,1,9,India,47,0,5.0,45,10,0,0,41
1384408,1,10,India,63,0,6.1,61,16,0,0,53
1384408,1,11,India,68,0,6.0,66,5,0,0,49
1384408,1,12,India,72,0,5.833333333,70,4,0,0,45
1384408,1,13,India,82,0,6.155844156,79,10,0,0,45
1384408,1,14,India,90,0,6.214285714,87,8,0,0,43
1384408,1,15,India,94,1,6.066666667,1,4,1,0,31
1384408,1,16,India,96,1,5.8125,3,2,0,0,28
1384408,1,17,India,98,1,5.588235294,5,2,0,0,26
1384408,1,18,India,103,1,5.555555556,10,5,0,0,21
1384408,1,19,India,107,1,5.473684211,14,4,0,0,17
1384408,1,20,India,110,2,5.35,0,3,1,0,16
1384408,1,21,India,113,2,5.238095238,3,3,0,0,17
1384408,1,22,India,114,2,5.045454545,4,1,0,0,16
1384408,1,23,India,118,2,5.0,8,4,0,0,15
1384408,1,24,India,129,2,5.25,19,11,0,0,22
1384408,1,25,India,131,3,5.12,2,2,1,1,21
1384408,1,26,India,133,3,5.0,4,2,0,1,20
1384408,1,27,India,136,3,4.925925926,7,3,0,1,22
1384408,1,28,India,138,4,4.821428571,1,2,1,1,20
1384408,1,29,India,140,4,4.724137931,3,2,0,1,11
1384408,1,30,India,143,4,4.666666667,6,3,0,1,12
1384408,1,31,India,149,4,4.709677419,12,6,0,1,16
1384408,1,32,India,156,4,4.78125,19,7,0,1,20
1384408,1,33,India,161,4,4.787878788,24,5,0,1,23
1384408,1,34,India,164,4,4.735294118,27,3,0,0,24
1384408,1,35,India,165,4,4.628571429,28,1,0,0,22
1384408,1,36,India,170,4,4.638888889,33,5,0,0,21
1384408,1,37,India,177,4,4.696832579,39,8,0,0,22
1384408,1,38,India,181,5,4.657894737,2,3,1,0,20
1384408,1,39,India,186,5,4.666666667,7,5,0,0,22
1384408,1,40,India,189,5,4.625,10,3,0,0,24
1384408,1,41,India,198,5,4.731707317,19,9,0,0,28
1384408,1,42,India,199,5,4.642857143,20,1,0,0,21
1384408,1,43,India,201,6,4.581395349,0,2,1,0,20
1384408,1,44,India,205,6,4.568181818,4,4,0,0,19
1384408,1,45,India,210,6,4.577777778,9,5,0,0,21
1384408,1,46,India,225,6,4.804347826,24,15,0,0,27
1384408,1,47,India,233,7,4.872340426,0,8,1,0,34
1384408,1,48,India,238,7,4.875,5,5,0,0,37
1384408,1,49,India,248,7,4.976109215,14,10,0,0,43
1384408,1,50,India,256,8,5.02,8,8,1,0,46
1384419,2,1,Netherlands,2,0,2.0,2,2,0,0,2
1384419,2,2,Netherlands,7,0,3.5,7,5,0,0,7
1384419,2,3,Netherlands,11,0,3.666666667,11,4,0,0,11
1384419,2,4,Netherlands,15,0,3.652173913,14,8,0,0,19
1384419,2,5,Netherlands,19,1,3.6,0,0,1,0,19
1384419,2,6,Netherlands,19,2,3.0,0,0,1,0,17
1384419,2,7,Netherlands,19,2,2.571428571,0,0,0,0,12
1384419,2,8,Netherlands,23,2,2.75,4,4,0,0,12
1384419,2,9,Netherlands,37,2,4.0,18,14,0,0,18
1384419,2,10,Netherlands,39,2,3.8,20,2,0,0,20
1384419,2,11,Netherlands,40,2,3.545454545,21,1,0,0,21
1384419,2,12,Netherlands,45,3,3.666666667,0,5,1,1,26
1384419,2,13,Netherlands,51,3,3.846153846,6,6,0,1,28
1384419,2,14,Netherlands,54,3,3.785714286,9,3,0,1,17
1384419,2,15,Netherlands,55,3,3.6,10,1,0,1,16
1384419,2,16,Netherlands,63,4,3.875,0,8,1,1,23
1384419,2,17,Netherlands,69,5,4.0,0,6,1,1,24
1384419,2,18,Netherlands,70,6,3.813084112,0,1,1,1,19
1384419,2,19,Netherlands,71,6,3.631578947,1,1,0,1,17
1384419,2,20,Netherlands,72,6,3.5,2,1,0,1,17
1384419,2,21,Netherlands,78,6,3.619047619,8,6,0,1,15
1384419,2,22,Netherlands,80,6,3.545454545,10,2,0,1,11
1384419,2,23,Netherlands,81,6,3.434782609,11,1,0,1,11
1384419,2,24,Netherlands,83,6,3.375,13,2,0,1,12
1384419,2,25,Netherlands,87,6,3.4,17,4,0,1,15
1384419,2,26,Netherlands,93,6,3.5,23,6,0,1,15
1384419,2,27,Netherlands,95,6,3.428571429,24,2,0,1,15
1384419,2,28,Netherlands,102,6,3.535714286,31,7,0,1,21
1384419,2,29,Netherlands,106,6,3.537572254,34,4,0,1,23
1384419,2,30,Netherlands,110,7,3.533333333,2,4,1,1,23
1384419,2,31,Netherlands,111,7,3.451612903,3,1,0,1,18
1384419,2,32,Netherlands,113,7,3.40625,5,2,0,1,18
1384419,2,33,Netherlands,114,8,3.333333333,1,1,1,1,12
1384419,2,34,Netherlands,115,8,3.264705882,2,1,0,1,9
1384419,2,35,Netherlands,121,8,3.342857143,8,6,0,1,11
1384419,2,36,Netherlands,121,8,3.25,8,0,0,1,10
1384419,2,37,Netherlands,125,8,3.27027027,12,4,0,1,12
1384419,2,38,Netherlands,126,8,3.210526316,13,1,0,1,12
1384419,2,39,Netherlands,129,8,3.193133047,15,3,0,1,14
1384419,2,40,Netherlands,140,8,3.375,26,11,0,1,19
1384419,2,41,Netherlands,142,8,3.330612245,27,2,0,1,21
1384419,2,42,Netherlands,142,9,3.238095238,0,0,1,1,17
1384419,2,43,Netherlands,142,10,3.212598425,0,0,1,1,16
1384429,2,1,Sri Lanka,10,0,10.0,10,10,0,0,10
1384429,2,2,Sri Lanka,16,0,8.181818182,15,7,0,0,17
1384429,2,3,Sri Lanka,23,1,7.411764706,5,6,1,0,23
1384429,2,4,Sri Lanka,28,1,6.5,10,5,0,0,28
1384429,2,5,Sri Lanka,28,1,5.2,10,0,0,0,28
1384429,2,6,Sri Lanka,41,1,6.5,23,13,0,0,31
1384429,2,7,Sri Lanka,43,2,5.857142857,2,2,1,0,26
1384429,2,8,Sri Lanka,48,2,5.75,7,5,0,0,25
1384429,2,9,Sri Lanka,54,2,5.777777778,13,6,0,0,26
1384429,2,10,Sri Lanka,57,2,5.491525424,15,3,0,0,29
1384429,2,11,Sri Lanka,61,2,5.272727273,19,4,0,0,20
1384429,2,12,Sri Lanka,71,2,5.666666667,29,10,0,0,28
1384429,2,13,Sri Lanka,72,2,5.307692308,30,1,0,0,24
1384429,2,14,Sri Lanka,75,2,5.13253012,32,3,0,0,21
1384429,2,15,Sri Lanka,81,2,5.133333333,38,6,0,0,24
1384429,2,16,Sri Lanka,90,2,5.375,47,9,0,0,29
1384429,2,17,Sri Lanka,96,2,5.405940594,52,7,0,0,26
1384429,2,18,Sri Lanka,108,2,5.666666667,63,11,0,0,36
1384429,2,19,Sri Lanka,119,2,5.947368421,74,11,0,0,44
1384429,2,20,Sri Lanka,123,2,5.85,78,4,0,0,42
1384429,2,21,Sri Lanka,133,2,6.047619048,88,10,0,0,43
1384429,2,22,Sri Lanka,140,2,6.090909091,95,7,0,0,43
1384429,2,23,Sri Lanka,147,2,6.130434783,102,7,0,0,39
1384429,2,24,Sri Lanka,153,2,6.125,108,6,0,0,34
1384429,2,25,Sri Lanka,161,2,6.2,116,8,0,0,38
1384429,2,26,Sri Lanka,168,2,6.230769231,123,7,0,0,35
1384429,2,27,Sri Lanka,173,2,6.185185185,128,5,0,0,33
1384429,2,28,Sri Lanka,181,2,6.25,136,8,0,0,34
1384429,2,29,Sri Lanka,187,2,6.24137931,142,6,0,0,34
1384429,2,30,Sri Lanka,206,2,6.666666667,161,19,0,0,45
1384429,2,31,Sri Lanka,210,2,6.580645161,165,4,0,0,42
1384429,2,32,Sri Lanka,210,3,6.375,0,0,1,0,37
1384429,2,33,Sri Lanka,211,3,6.212121212,1,1,0,0,30
1384429,2,34,Sri Lanka,212,4,6.0591133,0,5,1,0,29
1384429,2,35,Sri Lanka,224,4,6.2,12,8,0,0,18
1384429,2,36,Sri Lanka,232,4,6.25,20,8,0,0,22
1384429,2,37,Sri Lanka,243,4,6.380090498,30,15,0,0,37
1384429,2,38,Sri Lanka,255,5,6.5,6,8,1,1,44
1384429,2,39,Sri Lanka,256,6,6.358974359,1,1,1,1,40
1384429,2,40,Sri Lanka,267,6,6.476987448,11,12,0,1,44
1384429,2,41,Sri Lanka,277,7,6.53877551,8,10,1,1,46
1384429,2,42,Sri Lanka,282,7,6.607287449,13,4,0,1,35
1388212,2,1,New Zealand,3,0,3.0,3,3,0,0,3
1388212,2,2,New Zealand,4,0,1.636363636,3,1,0,0,4
1388212,2,3,New Zealand,8,0,2.333333333,7,4,0,0,8
1388212,2,4,New Zealand,10,0,2.25,9,2,0,0,10
1388212,2,5,New Zealand,17,1,3.2,2,7,1,0,17
1388212,2,6,New Zealand,31,1,4.941176471,14,14,0,0,28
1388212,2,7,New Zealand,35,1,4.571428571,18,4,0,0,31
1388212,2,8,New Zealand,40,1,4.625,23,5,0,0,32
1388212,2,9,New Zealand,43,1,4.384615385,24,3,0,0,33
1388212,2,10,New Zealand,57,1,5.2,38,14,0,0,40
1388212,2,11,New Zealand,74,1,6.272727273,55,17,0,0,43
1388212,2,12,New Zealand,80,1,6.25,61,6,0,0,45
1388212,2,13,New Zealand,84,2,6.076923077,0,4,1,0,44
1388212,2,14,New Zealand,88,2,5.855421687,2,4,0,0,45
1388212,2,15,New Zealand,97,2,6.0,11,9,0,0,40
1388212,2,16,New Zealand,99,2,6.065934066,13,2,0,0,25
1388393,1,1,Sri Lanka,4,0,4.0,4,4,0,0,4
1388393,1,2,Sri Lanka,4,1,2.0,0,0,1,0,4
1388393,1,3,Sri Lanka,8,1,2.666666667,4,4,0,0,8
1388393,1,4,Sri Lanka,11,1,2.75,7,3,0,0,11
1388393,1,5,Sri Lanka,12,1,2.4,8,1,0,0,12
1388393,1,6,Sri Lanka,18,1,3.0,14,6,0,0,14
1388393,1,7,Sri Lanka,23,1,3.285714286,19,5,0,0,19
1388393,1,8,Sri Lanka,25,2,3.125,0,2,1,0,17
1388393,1,9,Sri Lanka,31,2,3.396226415,5,6,0,0,20
1388393,1,10,Sri Lanka,34,2,3.3,8,3,0,0,22
1388393,1,11,Sri Lanka,37,3,3.230769231,1,3,1,1,19
1388393,1,12,Sri Lanka,42,3,3.333333333,6,5,0,1,19
1388393,1,13,Sri Lanka,50,3,3.692307692,14,8,0,1,25
1388393,1,14,Sri Lanka,55,3,3.785714286,19,5,0,1,24
1388393,1,15,Sri Lanka,62,3,4.0,26,7,0,0,28
1388393,1,16,Sri Lanka,64,3,3.875,28,2,0,0,27
1388393,1,17,Sri Lanka,68,3,3.882352941,32,4,0,0,26
1388393,1,18,Sri Lanka,69,3,3.722222222,33,1,0,0,19
1388393,1,19,Sri Lanka,70,3,3.578947368,34,1,0,0,15
1388393,1,20,Sri Lanka,75,3,3.65,39,5,0,0,13
1388393,1,21,Sri Lanka,79,3,3.666666667,43,4,0,0,15
1388393,1,22,Sri Lanka,83,3,3.681818182,47,4,0,0,15
1388393,1,23,Sri Lanka,88,3,3.739130435,52,5,0,0,19
1388393,1,24,Sri Lanka,95,4,3.875,0,7,1,0,25
1388393,1,25,Sri Lanka,97,4,3.8,2,2,0,0,22
1388393,1,26,Sri Lanka,102,4,3.846153846,7,5,0,0,23
1388393,1,27,Sri Lanka,110,4,3.950310559,13,12,0,0,31
1388393,1,28,Sri Lanka,115,4,3.964285714,18,1,0,0,27
1388393,1,29,Sri Lanka,117,4,3.896551724,20,2,0,0,22
1388393,1,30,Sri Lanka,121,4,3.9,24,4,0,0,24
1388393,1,31,Sri Lanka,125,4,3.903225806,28,4,0,0,23
1388393,1,32,Sri Lanka,126,4,3.8125,29,1,0,0,12
1388393,1,33,Sri Lanka,127,5,3.727272727,0,1,1,0,12
1388393,1,34,Sri Lanka,131,5,3.735294118,4,4,0,0,14
1388393,1,35,Sri Lanka,135,5,3.742857143,8,4,0,0,14
1388393,1,36,Sri Lanka,140,5,3.777777778,13,5,0,0,15
1388393,1,37,Sri Lanka,145,6,3.810810811,4,5,1,0,19
1388393,1,38,Sri Lanka,148,6,3.789473684,7,3,0,0,21
1388393,1,39,Sri Lanka,155,6,3.853448276,12,9,0,0,26
1388393,1,40,Sri Lanka,160,6,3.85,17,3,0,0,25
1388393,1,41,Sri Lanka,162,7,3.804878049,0,2,1,1,22
1388393,1,42,Sri Lanka,163,8,3.738095238,1,1,1,1,18
1388393,1,43,Sri Lanka,164,10,3.703125,0,1,2,1,16
1388403,2,1,Sri Lanka,2,0,0.0,0,3,0,0,3
1388403,2,2,Sri Lanka,12,0,5.0,10,9,0,0,12
1388403,2,3,Sri Lanka,20,0,6.0,18,8,0,0,20
1388403,2,4,Sri Lanka,27,0,6.25,25,7,0,0,27
1388403,2,5,Sri Lanka,28,0,5.2,26,1,0,0,28
1388403,2,6,Sri Lanka,29,0,4.5,27,1,0,0,26
1388403,2,7,Sri Lanka,37,0,5.0,35,8,0,0,25
1388403,2,8,Sri Lanka,39,0,4.625,37,2,0,0,19
1388403,2,9,Sri Lanka,45,0,4.777777778,43,6,0,0,18
1388403,2,10,Sri Lanka,47,0,4.5,45,2,0,0,19
1388403,2,11,Sri Lanka,54,0,4.707692308,51,8,0,0,26
1388403,2,12,Sri Lanka,57,1,4.5,2,2,1,0,20
1388403,2,13,Sri Lanka,59,1,4.307692308,4,2,0,0,20
1388403,2,14,Sri Lanka,60,2,4.071428571,0,1,1,0,15
1388403,2,15,Sri Lanka,65,2,4.133333333,5,5,0,0,18
1388403,2,16,Sri Lanka,71,3,4.231578947,0,8,1,1,18
1388403,2,17,Sri Lanka,74,3,4.117647059,3,1,0,1,17
1388403,2,18,Sri Lanka,78,3,4.075471698,5,6,0,1,21
1388403,2,19,Sri Lanka,84,4,4.105263158,1,4,1,1,24
1388403,2,20,Sri Lanka,84,4,3.9,1,0,0,1,19
1388403,2,21,Sri Lanka,85,4,3.761904762,2,1,0,1,12
1388403,2,22,Sri Lanka,91,4,3.863636364,8,6,0,1,17
1388403,2,23,Sri Lanka,91,4,3.695652174,8,0,0,1,11
1388403,2,24,Sri Lanka,94,4,3.65034965,10,3,0,1,10
1388403,2,25,Sri Lanka,101,4,3.76,17,7,0,1,17
1388403,2,26,Sri Lanka,104,4,3.730769231,20,3,0,1,19
1388403,2,27,Sri Lanka,107,4,3.703703704,23,3,0,1,16
1388403,2,28,Sri Lanka,112,4,3.75,28,5,0,1,21
1388403,2,29,Sri Lanka,117,4,3.793103448,33,5,0,1,23
1388403,2,30,Sri Lanka,124,4,3.9,40,7,0,1,23
1388403,2,31,Sri Lanka,129,4,3.935483871,45,5,0,1,25
1388403,2,32,Sri Lanka,132,4,3.90625,48,3,0,0,25
1388403,2,33,Sri Lanka,135,4,3.878787879,51,3,0,0,23
1388403,2,34,Sri Lanka,139,4,3.882352941,55,4,0,0,22
1388403,2,35,Sri Lanka,148,4,3.990430622,62,10,0,0,25
1388403,2,36,Sri Lanka,152,4,3.972222222,66,3,0,0,23
1388403,2,37,Sri Lanka,154,4,3.918918919,68,2,0,0,22
1388403,2,38,Sri Lanka,160,5,3.973684211,5,6,1,0,25
1388403,2,39,Sri Lanka,173,5,4.205128205,18,13,0,0,34
1388403,2,40,Sri Lanka,177,5,4.2,22,4,0,0,28
1388403,2,41,Sri Lanka,180,5,4.170731707,25,3,0,0,28
1388403,2,42,Sri Lanka,183,6,4.142857143,2,3,1,0,29
1388403,2,43,Sri Lanka,190,6,4.209302326,9,7,0,0,30
1388403,2,44,Sri Lanka,200,7,4.328244275,2,10,2,1,27
1388403,2,45,Sri Lanka,209,8,4.394052045,8,9,0,1,32
1388403,2,46,Sri Lanka,216,8,4.434782609,15,7,0,1,36
1388403,2,47,Sri Lanka,224,9,4.510638298,8,8,1,1,41
1388403,2,48,Sri Lanka,235,9,4.641114983,18,12,0,1,46
1388403,2,49,Sri Lanka,236,10,4.629757785,0,0,1,1,36
1395701,2,1,New Zealand,1,0,1.0,1,1,0,0,1
1395701,2,2,New Zealand,2,0,1.0,2,1,0,0,2
1395701,2,3,New Zealand,4,0,1.333333333,4,2,0,0,4
1395701,2,4,New Zealand,12,0,2.869565217,11,10,0,0,14
1395701,2,5,New Zealand,17,0,2.8,14,3,0,0,17
1395701,2,6,New Zealand,19,1,2.666666667,0,2,1,0,18
1395701,2,7,New Zealand,28,1,3.571428571,9,9,0,0,26
1395701,2,8,New Zealand,42,1,4.875,23,14,0,0,38
1395701,2,9,New Zealand,48,1,5.0,29,6,0,0,34
1395701,2,10,New Zealand,54,1,5.1,35,6,0,0,37
1395701,2,11,New Zealand,60,3,5.181818182,0,6,2,0,41
1395701,2,12,New Zealand,61,3,4.833333333,1,1,0,0,33
1395701,2,13,New Zealand,65,3,4.769230769,5,4,0,0,23
1395701,2,14,New Zealand,70,3,4.785714286,10,5,0,0,22
1395701,2,15,New Zealand,72,4,4.6,2,2,1,1,18
1395701,2,16,New Zealand,78,4,4.6875,8,6,0,1,18
1395701,2,17,New Zealand,87,4,4.941176471,17,9,0,1,26
1395701,2,18,New Zealand,90,4,4.822429907,19,3,0,1,25
1395701,2,19,New Zealand,93,5,4.684210526,1,3,1,1,23
1395701,2,20,New Zealand,102,5,4.9,10,9,0,1,30
1395701,2,21,New Zealand,104,5,4.761904762,12,2,0,1,26
1395701,2,22,New Zealand,107,5,4.681818182,15,3,0,1,20
1395701,2,23,New Zealand,109,5,4.565217391,17,2,0,1,19
1395701,2,24,New Zealand,109,5,4.375,17,0,0,1,16
1395701,2,25,New Zealand,112,5,4.32,20,3,0,1,10
1395701,2,26,New Zealand,118,5,4.219354839,21,6,0,1,14
1395701,2,27,New Zealand,127,5,4.37037037,30,9,0,1,20
1395701,2,28,New Zealand,133,5,4.428571429,36,6,0,1,24
1395701,2,29,New Zealand,134,5,4.310344828,37,1,0,0,25
1395701,2,30,New Zealand,136,6,4.233333333,2,2,1,0,24
1395701,2,31,New Zealand,141,6,4.258064516,7,5,0,0,23
1395701,2,32,New Zealand,142,6,4.15625,8,1,0,0,15
1395701,2,33,New Zealand,144,6,4.090909091,10,2,0,0,11
1395701,2,34,New Zealand,147,6,4.058823529,13,3,0,0,13
1395701,2,35,New Zealand,149,6,4.0,15,2,0,0,13
1395701,2,36,New Zealand,149,7,3.888888889,0,0,1,0,8
1395701,2,37,New Zealand,153,7,3.891891892,4,4,0,0,11
1395701,2,38,New Zealand,153,8,3.789473684,0,0,1,1,9
1395701,2,39,New Zealand,159,8,3.846153846,6,6,0,1,12
1395701,2,40,New Zealand,166,8,3.925,13,7,0,1,17
1395701,2,41,New Zealand,168,9,3.87804878,1,2,1,1,19
1395701,2,42,New Zealand,168,10,3.862348178,0,0,1,1,15
1408102,2,1,New Zealand,1,1,0.0,0,2,1,0,2
1408102,2,2,New Zealand,5,1,2.0,4,3,0,0,5
1408102,2,3,New Zealand,11,1,3.333333333,10,6,0,0,11
1408102,2,4,New Zealand,20,1,4.75,19,9,0,0,20
1408102,2,5,New Zealand,29,1,5.586206897,27,10,0,0,30
1408102,2,6,New Zealand,40,1,6.342857143,37,14,0,0,42
1408102,2,7,New Zealand,48,2,6.428571429,1,4,1,0,43
1408102,2,8,New Zealand,52,2,6.127659574,4,4,0,0,41
1408102,2,9,New Zealand,64,2,6.666666667,16,12,0,0,44
1408102,2,10,New Zealand,71,2,6.7,23,7,0,0,41
1408102,2,11,New Zealand,76,2,6.545454545,28,5,0,0,32
1408102,2,12,New Zealand,82,3,6.507042254,1,7,1,0,35
1408102,2,13,New Zealand,89,3,6.461538462,8,6,0,0,37
1408102,2,14,New Zealand,92,4,6.214285714,0,3,1,0,28
1408102,2,15,New Zealand,96,4,6.066666667,4,4,0,0,25
1408102,2,16,New Zealand,103,4,6.125,11,7,0,0,27
1408102,2,17,New Zealand,109,5,6.117647059,6,6,1,1,26
1408102,2,18,New Zealand,125,5,6.666666667,22,16,0,1,36
1408102,2,19,New Zealand,135,5,6.842105263,32,10,0,1,43
1408102,2,20,New Zealand,138,5,6.65,35,3,0,1,42
1408102,2,21,New Zealand,146,5,6.714285714,43,8,0,0,43
1408102,2,22,New Zealand,157,5,6.909090909,54,11,0,0,48
1408102,2,23,New Zealand,160,6,6.744525547,1,4,1,0,36
1408102,2,24,New Zealand,165,7,6.625,0,4,1,0,30
1408102,2,25,New Zealand,169,7,6.52,4,4,0,0,31
1408102,2,26,New Zealand,174,7,6.464516129,8,5,1,1,28
1408102,2,27,New Zealand,177,8,6.296296296,3,3,0,1,20
1408102,2,28,New Zealand,193,8,6.642857143,19,16,0,1,32
1408102,2,29,New Zealand,197,8,6.551724138,23,4,0,1,32
1408102,2,30,New Zealand,200,9,6.433333333,0,3,1,1,31
1419828,1,1,Sri Lanka,0,1,0.0,0,0,1,0,0
1419828,1,2,Sri Lanka,11,1,5.5,11,11,0,0,11
1419828,1,3,Sri Lanka,13,1,4.333333333,13,2,0,0,13
1419828,1,4,Sri Lanka,18,1,4.434782609,17,9,0,0,22
1419828,1,5,Sri Lanka,29,1,5.6,28,7,0,0,29
1419828,1,6,Sri Lanka,40,1,6.514285714,38,12,0,0,41
1419828,1,7,Sri Lanka,45,1,6.142857143,43,4,0,0,34
1419828,1,8,Sri Lanka,50,1,6.0,48,5,0,0,37
1419828,1,9,Sri Lanka,55,1,5.888888889,53,5,0,0,33
1419828,1,10,Sri Lanka,64,1,6.2,62,9,0,0,35
1419828,1,11,Sri Lanka,69,1,6.090909091,67,5,0,0,28
1419828,1,12,Sri Lanka,73,1,5.916666667,71,4,0,0,28
1419828,1,13,Sri Lanka,77,2,5.763157895,1,5,1,0,28
1419828,1,14,Sri Lanka,84,2,5.714285714,8,6,0,0,29
1419828,1,15,Sri Lanka,93,2,5.933333333,17,9,0,0,29
1419828,1,16,Sri Lanka,98,2,5.875,22,5,0,0,29
1419828,1,17,Sri Lanka,103,2,5.823529412,27,5,0,0,30
1419828,1,18,Sri Lanka,110,2,5.888888889,34,7,0,0,32
1419828,1,19,Sri Lanka,113,2,5.736842105,37,3,0,0,29
1419828,1,20,Sri Lanka,122,2,5.9,46,9,0,0,29
1419828,1,21,Sri Lanka,130,2,6.0,54,8,0,0,32
1419828,1,22,Sri Lanka,130,4,5.727272727,0,0,2,0,27
1419828,1,23,Sri Lanka,132,4,5.565217391,2,2,0,0,22
1419828,1,24,Sri Lanka,135,4,5.458333333,5,3,0,0,22
1419828,1,25,Sri Lanka,141,4,5.48,11,6,0,0,19
1419828,1,26,Sri Lanka,144,4,5.384615385,14,3,0,0,14
1419828,1,27,Sri Lanka,146,4,5.259259259,16,2,0,0,16
1419828,1,28,Sri Lanka,151,4,5.25,21,5,0,0,19
1419828,1,29,Sri Lanka,153,4,5.137931034,23,2,0,0,18
1419828,1,30,Sri Lanka,160,4,5.2,30,7,0,0,19
1419828,1,31,Sri Lanka,172,4,5.416216216,41,13,0,0,29
1419828,1,32,Sri Lanka,176,5,5.34375,3,3,1,0,30
1419828,1,33,Sri Lanka,178,5,5.242424242,5,2,0,0,27
1419828,1,34,Sri Lanka,180,5,5.147058824,7,2,0,0,27
1419828,1,35,Sri Lanka,187,5,5.2,14,7,0,0,27
1419828,1,36,Sri Lanka,189,6,5.111111111,0,2,1,0,16
1419828,1,37,Sri Lanka,193,6,5.081081081,4,4,0,0,17
1419828,1,38,Sri Lanka,196,6,5.026315789,7,3,0,0,18
1419828,1,39,Sri Lanka,201,6,5.021459227,11,5,0,0,21
1419828,1,40,Sri Lanka,206,6,5.0,16,5,0,0,19
1419828,1,41,Sri Lanka,211,6,5.0,21,5,0,0,22
1419828,1,42,Sri Lanka,216,6,4.996015936,25,6,0,0,24
1419828,1,43,Sri Lanka,224,6,5.046511628,33,7,0,0,28
1419828,1,44,Sri Lanka,227,6,5.0,36,3,0,0,26
1419828,1,45,Sri Lanka,232,6,5.0,41,5,0,0,26
1419828,1,46,Sri Lanka,236,6,4.97826087,45,4,0,0,25
1419828,1,47,Sri Lanka,242,7,5.0,6,6,1,0,25
1419828,1,48,Sri Lanka,254,7,5.145833333,18,12,0,0,30
1419828,1,49,Sri Lanka,271,7,5.387755102,35,17,0,0,44
1419828,1,50,Sri Lanka,286,7,5.58,50,15,0,0,54
